text_ready,label,style,style_ru
продажа успешный кейс компактный динамичный карточный игра дедукция расчёт простой освоение настолк больший количество возможность планирование комбинация ход мочь либо сыграть карта либо использовать свойство сыгранный победить смочь игрок воспользоваться возможность карта полностью лишить оппонент карта правило прикреплять пост новинка успешныйкейс,3,colloquial,Разговорный
макгрегор ислам хороший бой хороший выступление создать инструмент победить стиль сейчас сравнение ранний опыт против сокрушительный удар клинч маленький удар исподтишка остальной мой репертуар знать стальной левый нога пушечный задний рука контроль пульс написать макгрегор ирландец дразнить хабиб я система повредить этот стиль бой парень говорить братан грёбаный спортсмен план отец ещё закончить друг знать твой человек знать говорить,3,colloquial,Разговорный
выиграть медведев борьба лидерство рейтинг готовый побеждать надаль превью мужской open превью мужской open наш сайт,3,colloquial,Разговорный
неподсказать какой нибыть хороший рацион соревнование я первый день борье истофет второй,3,colloquial,Разговорный
алексей ягудин считать гениальный старт карьера анна щербаков качество ведущий шоу ледниковый период гениально хотя такой слово можно говорить упоминать пушкин лермонтов высокопрофессиональный сказать ягудин риа новость спорт,3,colloquial,Разговорный
зелёный цвет очень идти этот кузов согласный,3,colloquial,Разговорный
прийти наш черёд упасть лишиться сила услышать голос пойти я азраил,3,colloquial,Разговорный
последний распродажа лето самый больший распродажа уходить лето август количество товар ограничить товар скидка товар скидка товар скидка,3,colloquial,Разговорный
петербургский зенит свой площадка принимать сербский войводин ответный матч первый встреча команда туомас саммелвуо труд обыграть соперник ждать сегодня тот результат прямой трансляция матч страна старт,3,colloquial,Разговорный
абаскалить спартак прорыв мочь прорыв футбол мочь водопровод мочь канализация дмитрий губерний,3,colloquial,Разговорный
вспомогательный упражнение система вестсайда развитие устойчивость штанга жим,3,colloquial,Разговорный
поултереть украсть золотой олимпийский медаль токио американский связующий джордин поултереть сообщить золотой медаль который завоевать состав сборная сша прошлогодний олимпийский игра токио паспорт быть украсть открытый гараж анахайме штат калифорния детектив полиция искать зацепка летний связующий прошлый сезон играть италия бусто арсицио попросить преступник вернуть медаль иметь она большой значение думать иметь такой сентиментальный значение я мой друг семья товарищ команда пожалуйста вернуть сказать поултереть признать хороший связующий олимпийский игра токио самый молодой игрок команда,3,colloquial,Разговорный
первенство россия среди юноша регион поволжье торос ижсталь,3,colloquial,Разговорный
епт проблема здоровье связанный covid сгонка вес родолфо виейра смочь провести поединок веллингтон турман бой отменный,3,colloquial,Разговорный
буд инaть лига чeмпиoнoть стapтуeм ювентус,3,colloquial,Разговорный
каждый случайный подписчик скинуть qiwi карта переходить источник,3,colloquial,Разговорный
июль крым алушта состояться межрегиональный турнир абсолютно реальный бой кубок чёрный море соревнование принять участие более спортсмен москва московский ростовский воронежский область краснодарский ставропольский край севастополь крым торжественный открытие приветственный слово участник гость обратиться министр спорт республика крым ольга торубаров глава город алушта сотовый игорь иванович ветеран боевой действие соревнование пройти высокий уровень завершение состояться праздничный концерт творческий объединение стая,3,colloquial,Разговорный
обновить рейтинг wta август иго швентечь польша очко анетта контавейт эстония мария саккарий греция паула бадос испания онс жабер тунис арин соболенко белоруссия джессика пегул сша гарбинья мугурусый испания даниэль коллинс сша эмма радукануть великобритания дарья касаткин россия вероника кудерметов россия екатерина александров россия анастасия потапов россия людмила самсонов россия,3,colloquial,Разговорный
сегодня день рождение спешить поздравить сергей логачева день рождение наш чемпион поздравлять весь душа пожелать весь сам сам счастие любовь богатырский здоровье пусть травма обходить сторона конечно удача жизнь трек никогда унывать оставаться такой позитивный трудолюбие упорство покорение новый высота пьедестал настоящий боец быть спасибо эмоция дарить болельщик продолжать тот дух любим верить болеть день рождение,3,colloquial,Разговорный
профиль быть аккуратный порезаться наткнуться пост,3,colloquial,Разговорный
авангард выиграть лига ставка open организовать крутой движуха оказаться хоккейный футбольный вчера тренер персонал омич зарубиться мяч сборная журналист организация омск топовый матч проходить стадион фишт судить реф рпл павел кукуять основный время авангард уверенно победить благодаря дубль босс клуб александр крылов сборная сми ответить серия пенальти метровый реализовать корра кхл антон климан ведущий матч дмитрий лукашов маэстро павел лысенковы подсказывать бить итог получить кайф,3,colloquial,Разговорный
летний лига жарка понравиться сезон летний лига,3,colloquial,Разговорный
ростов лада пресс конференция валерий белов главный тренер лад встреча конечно очень важный болеть поддерживать переживать благодарить менее серия закончить понимать завтра быть игра ещё сложный некоторый особенность помимо площадка местный игра завтра час очень мало время восстановление менее соперник такой условие быть готовиться серьёзный очень тяжёлый игра быть бог дать григорий пантелеев главный тренер ростов соперник победа серия продолжаться готовиться следующий игра,3,colloquial,Разговорный
кроссовок баскетбольный магазин ghetto basket shop консультация стрельский,3,colloquial,Разговорный
быть победитель принять участие включить уведомление новый запись оставить комментарий лайк результат,3,colloquial,Разговорный
алекс стэйлок стартовый вратарь чикаго сегодняшний домашний матч против айлендерс мск сочетание блэкхокс утренний тренировка выглядеть атанасиу домь кейн курашева тэйвз рэддиш энтуислый дикинсон лаффертеть катчук хайра джонсон джонсон маккейба тинорди мерфь джонс роос джуджхара хайра заменить состав коллина блэквелла большой никакой изменение состав сравнение прошлое матч быть пётр мразек травма пах приступить тренировка команда лёд,3,colloquial,Разговорный
дорогой атлет представлять новый партнёр наш забег powerup отечественный производитель высококачественный спортивный питание аксессуар бег другой циклический вид спорт участник дистанция crazy owl получить качество вложение стартовый пакет гель powerup новый коллекция лёгкий летний вкус клубничный дайкири вишнёвый кола гель содержать три необходимый спортсмен углевод мальтодекстрин глюкоза фруктоза точно просчитать пропорция дополнить столь важный организм электролит компактный удобный формат прийтись очень кстати предстоящий забег экономить место вес юный спортсмен дистанция совёнок найти стартовый пакет вкусный питательный батончик powerup финиковый основа конечно пункт питание участник быть ждать освежать изотоник powerup содержать полный набор необходимый электролит дополнить фирменный углеводный матрица powerup почувствуйчтонетпредел,3,colloquial,Разговорный
сентябрь год родиться мастер спорт ссср международный класс владимир петрович девятов владимир девятов воспитанник команда металлург челябинск который начать играть год сезон год выступать команда мастер трактор челябинск один сезон выступление команда трактор владимир девятов забросить шайба матч чемпионат ссср год владимир девятов выступать команда динамо москва забросить шайба матч чемпионат ссср время состав свой команда шесть раз становиться серебряный призёр три раз бронзовый призёр чемпионат ссср два раз год включить список хороший хоккеист сезон партнёр тройка нападение разный год быть евгений котёл михаил титов анатолий белоножкин сергей мелик владимир семён николай варян состав московский динамо девятов принимать участие суперсерия год рамка который цска динамо встречаться клуб национальный хоккейный лига сыграть четыре матч динамо забросить два шайба сделать два голевой передача выступать второй сборная ссср достижение серебряный призёр чемпионат ссср бронзовый призёр чемпионат ссср обладатель кубок ссср финалист кубок ссср обладатель кубок стеклодув обладатель кубок торонто обладатель кубок ахерный,3,colloquial,Разговорный
намекать просто держать курс плохой показатель команда ивица зубац маркус моррис хороший показатель команда роберт ковингтон айзея хартенштайна,3,colloquial,Разговорный
маленький технарь плотный комбинация идеальный соотношение трушко акробатика юный артём кислия,3,colloquial,Разговорный
news lamppost warhammer отнекиваться глаз видеть ждать это послать новый фоточка будущий фигурка джойтой байк примарис огнеметчик орк коммандос банда килла тим возможно быть остальной шайка,3,colloquial,Разговорный
фото архив снимка сделать корифей российский фотожурналистика сергей киврина ровно год назад ковёр ас борьба абдусалам гадис хаджимурат гацалов встретиться победить,3,colloquial,Разговорный
сохранять расписание pari кубок содружество стартовать август трансляция пять гонка матч женский пасить смотреть канал матч арена,3,colloquial,Разговорный
август борт кофр срута синичка какад улететь,3,colloquial,Разговорный
назвать хороший тренер апл апрель шутка пруф,3,colloquial,Разговорный
хотеть золото узнать сегодня бабиков алимбеков первый уйти старт гонка преследование pari кубок содружество сочи трансляция мужской гонка смотреть мск матч женский пасить мск канал матч арена ютуба,3,colloquial,Разговорный
слева экс чемпион ныне боец aca магомедсайгид алибеков справа джастин гейджи номер легковой дивизион ufc,3,colloquial,Разговорный
итак разбираться ситуация оба игрок одновременно касаться мяч контакт действительно одновременный непосредственно сетка оба соперник иметь право играть мяч мяч приземляться предел площадка ошибка команда находиться противоположный место приземление мяч сторона команда получать подача правило,3,colloquial,Разговорный
технический запись матч волейбол япония куба польша сша,3,colloquial,Разговорный
motogp видео lenovo team представить новый цвет команда год несмотря перенос официальный съёмка презентация lenovo team февраль сложность вылет европа джек миллер сегодня заводский команда борго панигаль показать новый ливрея свой мотоцикл образец год,3,colloquial,Разговорный
матч stars nhl сыграть российский звезда валерий каменский дмитрий миронов вячеслав фетисов павел буре сергей зуб игорь кравчук николай хабибулин игорь ларионов,3,colloquial,Разговорный
ник кирьос запускать nft коллекция удивительный турнир полный незабываемый момент постоянно заботиться фанат такой вариант казаться ещё один отличный способ взаимодействие nft будущее коллекционирование всегда хотеть авангард продвигать наш вид спорт,3,colloquial,Разговорный
набрать очки отметиться забросить шайба сергей теряев валерий поляк сделать передача евгений астанков даниил ердаковы максим кицын положительный показатель полезность встреча завершить защитник николай глухов марк лыпкануть форвард евгений астанков александр шевченко самый активный стать нападать даниил ердаковы сделать бросок створ максимальный игровой время получить форвард максим кицын защитник кирилл маслов вратарь денис синягин отразить бросок,3,colloquial,Разговорный
esic esports отправить valve отчёт возможный мошенничество ставка участие команда ставка связать александр шишко значиться ceo тот число сделать прогноз исход матч pro пока valve дать ответ esic порекомендовать турнирный оператор являться член esic приглашать турнир команда состав который состоять игрок либо связать имя александр шишко далёкий ничего,3,colloquial,Разговорный
денвер обменять бол бола пистонс родня макгрудер будущий пик второй раунд,3,colloquial,Разговорный
ence одерживать победа big зарабатывать путёвка следующий мейджор рио iem,3,colloquial,Разговорный
магомед исмаил ответить обвинение постановочный поединок выигрывать постановочный проигрывать реальность хотеть сказать проиграть постановочный сейчас реальность второй раунд это показать работать вестибулярка момент я потрясти,3,colloquial,Разговорный
жюльный рамирес канадский футболистка чилийский происхождение выступать литовский клуб жальгирис,3,colloquial,Разговорный
зенит спб обыграть локомотив занять первый место группа волейболист петербургский зенит казань матч групповой этап финал шесть счёт обыграть новосибирский локомотив выйти полуфинал первый место локомотив впервые финал шесть площадка появиться диагональный дражный лубурич зенит связующий игорь колодинский накануне доигрывать матч динамо рецидив травма попасть заявка качество либеро решающий рывок первый партия локомотив совершить подача константин абаев избрать свой мишень фёдор воронков вынуждать тот ошибаться аварийный атака зенит раз разом упираться блок питерец реализовать весь атака сет второй сет зенит полететь подача эйс хороший серия удаться егор клюка атака найти свой игра виктор полетаев концовка дать соперник шанс приблизиться счёт два эйс максим космина подача навылет одиночный блок полетаев сергей савин принести питерец большой преимущество старт сет оно утерять тот число старание ильяс куркаева неудержимый атака концовка полетаев вновь выдать хороший серия подача женя гребенник спасать мяч защита иван яковлев забить закрыть блок лубурич середина четвёртый сет космина сделать очередной эйс дмитрий лызик скинуть мяч аут польза зенит после блок игорь кобзарь савин питерец нарастить преимущество упустить зенит спб накануне обыграть динамо второй победа принести команда андрей толочко победа группа май полуфинал турнир сыграть проиграть сегодняшний матч зенит казань динамо чемпионат россия финал шесть группа матч локомотив зенит спб лубурич куркай савин полетаев клюка космина положение команда зенит санкт петербург игра победа очко сет локомотив новосибирск игра победа очко сет динамо сосновый бора игра победа очко сет сайт товар волейбол скидка волейбольный чат вконтакте канал клуб поддержать сообщество волейбол пляжныйволейбол пляжка волейболновость волейболроссия держимячвигра первоисточник волейбол,3,colloquial,Разговорный
быстрый дебютант team владимир злобин первый попытка оказаться топ финал чемпионат россия команда качество подарок день рождение презентовать воспитанник владимир злобин участие гонка новобранец показать впечатляющий результат,3,colloquial,Разговорный
торонто озвучить деталь контракт новичок кристиан колоко контракт рассчитать год сумма миллион доллар контракт полностью гарантировать первый два сезон млн млн млн,3,colloquial,Разговорный
даниил медведев путь финал первый круг лааксонный второй круг кирьос третий круг ван зандхульпа четвёртый круг кресси четвертьфинал оже альясим полуфинал циципас финал,3,colloquial,Разговорный
антон шипулина перед олимпиада появляться шарлатан предлагать разный вещество потом спортсмен попадаться эпо чемпион мир биатлон депутат госдума антон шипулина рассказать перед крупный старт посторонний лицо предлагать спортсмен допинг выступить круглый стол комитет госдума физический культура спорт медицина спорт высокий достижение история развитие счастие сожаление пройти три олимпийский цикл свой глаз видеть проблема сам дело иметь очень большой значение перед олимпиада чемпионат мир другой крупный старт перед спортсмен появляться шарлатан предлагать разный вещество хороший аминокислота далее потом сталкиваться спортсмен попадаться эпо далее говорить личный опыт видеть происходить крайний такой случай всегда оставаться минспорт хотя данный случай иметь этот отношение врач фмба должный брать здесь ответственность допускать расположение команда сборный россия никакой посторонний лицо далее иметь ответственность весь антидопинговый ситуация минспорт потом огребать полный сказать шипулина источник матч,3,colloquial,Разговорный
sports недовольный роб пелинка агентство sports устраивать работа генеральный менеджер лейкерс роба пелинк сообщаться недовольство достигнуть апогей пелинк отказаться обменивать рассесть уэстбрук пик раунд джон уолл представлять интерес уолл основатель агентство являться рич пол близкий друг лидер озёрник леброн джеймс,3,colloquial,Разговорный
порой хотеться снять стресс после бурный каток заняться travel любимый карта вместе свой друг,3,colloquial,Разговорный
московский динамо победить тюрк хава йоллара счёт домашний матч четвёртый тур групповой этап лига чемпион статистика динамо москва тюрк хава йоллара стамбул турция динамо гончаров атака блок кроткова симоненко фетисов енина халецкай поляков пипуныров ануфриенко романов бибин поспелов любушкина тюрк хава йоллара ван рик кингдон ришель диксон эркан калач карлинь унвера эркюла йылдырым онал гюнеш токсоя гвидетти кор озтюнали гермена набрать очки атака блок подача ошибка соперник приём позитивный отличный источник,3,colloquial,Разговорный
роберт уильямс мочь пропустить половина сезон центровой бостон роберт уильямс испытывать трудность восстановление после операция левый колено информация инсайдер нба шэмс чарания понедельник уильямс сделать биологический инъекция стимулировать заживление повредить ткань отмечаться летний баскетболист рисковать пропустить целый сезон селтикс надеяться вернуться площадка второй половина регулярный чемпионат март уильямс перенести операция повод разрыв мениск левый колено пропустить семь матч плей офф играть через боль после окончание сезон принять решение обойтись повторный хирургический вмешательство положиться стандартный реабилитационный процедура август сообщаться игрок полностью восстановиться сентябрь клуб объявить уильямс перенести операция пропустить неделя,3,colloquial,Разговорный
приятно чувствовать себя здесь любить дубай всегда любить приезжать сюда добиться здесь большой успех честно говорить просто рад вернуться корт понедельник соскучиться теннис медведев написать через минута после финал содержание сообщение являться личный оно полезный оба хотеть вернуться австралия будущее снова сыграть rod laver arena,3,colloquial,Разговорный
курс турция сейчас проходить чемпионат первенство европа тайский бокс поддержка сборная россия подробность здесь,3,colloquial,Разговорный
весь привет представлять ваш внимание новый экспериментальный рубрика скутербилд интервью год начаться совсем недавно обещать очень непростой самокат сообщество индустрия объединиться смочь выстоять продолжить развивать наш общий любимый дело связь это прийти время познакомиться познакомить новый персонаж отечественный самокат сцена вне наш команда первый который стать андрей нафеев андрей собрать обалденный кастома московский магазин красносельский следовать пообщаться самый разный тема понравиться подобный формат понравиться получиться самокат кто ещё следовать пригласить наш магазин сборка беседа поделиться свой мнение комментарий,3,colloquial,Разговорный
наколдовать вместе художница настя горшковый стильный дизайн много кэшбэк партнёр выбрать категория оформить карта,3,colloquial,Разговорный
women награждение победитель номинация хороший игрок турнир стать любовь гвоздев збс получить значок хороший игрок логотип nvl волейбольный статуэтка поздравлять фото дмитрий забелин,3,colloquial,Разговорный
бывало такой писать коммент sport бег забег зож легкаяатлетик наспорт всембег,3,colloquial,Разговорный
марк андре флери раз свой карьера одержать победа регулярный чемпионат,3,colloquial,Разговорный
февраль отмечать летие старый гроссмейстер мир юрий львович авербах,3,colloquial,Разговорный
весь владелец max добрый время сутки хотеться узнать какой резина предпочтительно ставить кувалда производитель посоветовать пожалуйста,3,colloquial,Разговорный
весенний скидка разгар оригинальный перкуссионный пистолет массажёр фирма pro поставка официальный дилер россия сегодня скидка первоначальный цена бесплатный доставка россия защита покупатель кейс комплект насадка металлический корпус успеть сделать заказ выгодный цена,3,colloquial,Разговорный
икер касильяс хороший вратарь мир определённо куртуа,3,colloquial,Разговорный
отлично играть пик ролл бросать получение игрок уметь набирать очки три уровень хорошо защищаться против пик ролл преодолевать заслон маленький жук продолжать опекать атаковать игрок главный тренер дэрвин хэм отдать должное кендрик нанна,3,colloquial,Разговорный
настя поршнева любовь один фото мальчик девочка,3,colloquial,Разговорный
компания крупный поставщик мототехника скутер снегоход экипировка юго востойный азия существовать рынок более год зарекомендовать себя производитель снаряжение оптимально сбалансированный безопасность прочность стоимость изготовление мотоэкипировка марк использовать японский технология придерживаться международный стандарт экологичность компания производить аксессуар средство передвижение кофр эстетичный мягкий пластика фонарь разнообразный запчасть мотоэкипировка ирбис выбор тот хотеть получить качественный товар придерживаться среднее уровень цена аксессуар кейс хранение точно подходить техника данный бренд мотоэкипировка различный защитный элемент рука руль двигатель сам гонщик компания производить различный линейка аксессуар эндурый мотоцикл пит байков далее заказать снаряжение можно сайт магазин доставлять товар весь регион россия близлежащий страна проводить оплата различный способ звонить наш консультант всегда помочь сделать оптимальный выбор наш сайт интернет магазин оформить заказ телефон мотоэкипировка байкер защита мотошлем шлем мотоцикл,3,colloquial,Разговорный
blast удалить страница расписание турнирный оператор blast удалить страница расписание турнир год вместо расписание показываться ошибка фотография никола ковач план турнирный оператор мочь повлиять рост число заболевание коронавирус связанный штамм омикрон первый турнир blast сезон должный стать планировать провести перед iem конец январь начало февраль последний турнир год blast пройти зритель,3,colloquial,Разговорный
полуфинал турнир atp майами каспер рууд франсиско черундоть следующий соперник победитель матч алькарас гарфия гуркач,3,colloquial,Разговорный
британский боксёр тайсон фьюри защитить титул чемпион мир супертяжёлый вес версия wbc поединок состояться лондон против соотечественник диллиана уайт бой завершиться шестой раунд после досрочный победа фьюри объявить завершение карьера,3,colloquial,Разговорный
новый сошниковый сарвера отделаться штраф быть претендовать mvp выйти шрудёр нужный кто нечего терять,3,colloquial,Разговорный
несмотря счёт свой болельщик иногда нужно радовать красивый действие,3,colloquial,Разговорный
издательство подготовить полезный материал поклонник карточный ужас аркхэма faq список ответ частый вопрос список карта табу faq ваш путеводный нить помочь выбрать самый тёмный уголок лабиринт правило список табу перечислить карта быть изменить достижение хороший баланс материал рассчитать опытный сыщик начинающий мочь воспользоваться они освоиться игра купить карточный ужас аркхэма ужасаркхэмакарточнаяигра,3,colloquial,Разговорный
тишина искусство воин медитация меч воин использовать медитация умело глубокий понимание помощь рубить часть иссекать мысль вдоль поперёк открыться отсутствие существенность дэн миллмэн путь мирный воин,3,colloquial,Разговорный
разногласие позади хэндшейк дрэймонд грин джордан пул перед матч,3,colloquial,Разговорный
празднование яннис адетокумбо после забитый тре клаткий,3,colloquial,Разговорный
минуточка реклама волна старое фонарь парень хотеть узнать про кровавый договор заходить шкаф рассказать про скват вова шкаф выпускать пересказ кампания полтора час вовин шкаф никогда осудить аниме аватарка угадать шкаф заглядывать шкаф прохладный история бэк ваха каждый неделя захватывать повествование шутка категория гарантировать,3,colloquial,Разговорный
продолжать делиться вы перевод великолепный станислав иванов сделать and один интересный сообщество про нри любезный разрешение теперь статья игровой дизайн можно прочитать сегодня второй часть статья джейкоб хьюбш анализировать ошибка,3,colloquial,Разговорный
изя менять старый скин новый чем маленький разница цена выше шанс успешный апгрейд,3,colloquial,Разговорный
motorsport гаснуть третий практика терять правый надколесник свой очередь пробивать правый передний колесо,3,colloquial,Разговорный
информация центр технический вид спорт свердловский обл сюжет вести канал россия выступление наш команда суперлига вятский поляна плюс интересный интервью ханс вебер небольшой неточность перевод ведущий дмитрий колтаковы пригласить гость тольятти курган,3,colloquial,Разговорный
катиться мир спорт тренировка самооборона лютый спорт,3,colloquial,Разговорный
валерий карпина продолжить работа сборная россия контракт продлить конец год рфс согласовать совмещение работа сборная ростов валерий георгиевич прекращение дать опция возможно после возвращение национальный команда международный соревнование сборнаяроссия фифа,3,colloquial,Разговорный
биатлон российский биатлонистка светлана миронов ирина казакевич представлять свердловский область получить регион миллион рубль серебряный медаль пекин женский эстафета,3,colloquial,Разговорный
поддержать наш парень поединок цска прийти легендарный тяжелоатлет илья ильин спасибо чемпион,3,colloquial,Разговорный
пауло дибал хотеть познакомиться другой лига такой апл счастливый италия здесь год относиться итальянец нападать ювентус покинуть клуб это лето качество свободный агент италия очень комфортно ещё хотеть познакомиться другой лига такой премьер лига счастливый италия здесь год знать турнир относиться итальянец сосредоточить сборная должный спокойный голова думать свой будущее ещё ничего решить мой агент думать это должный думать сборная аргентина сказать дибал espn,3,colloquial,Разговорный
после провальный gta the отказаться план браться переиздание gta red dead изначально сборник должный запустить череда ремастер теперь стоить ждать,3,colloquial,Разговорный
время воскресение сентябрь берлинский марафон самый быстрый именно биться личный мировой рекорд один марафонец настроить оптимистично говорить чувствовать себя отлично собираться побороться личный рекорд личный рекорд элиуда кирчог показать именно берлин кстати мировой рекорд ждать всембег,3,colloquial,Разговорный
спортивный пенсия китайский пенсионер тренироваться пожилой минимальный физический активность хороший сказываться организм чем полный отсутствие свидетельствовать результат многочисленный исследование бездействие связать изменение состав тело увеличение процент жир организм сопутствовать снижение безжировой масса тело атрофия скелетный мышца часто считаться признак старение умеренный тренировка являться защитный фактор неинфекционный заболевание такой сердечно сосудистый расстройство инсульт диабет способный отсрочить начало деменции улучшить самочувствие спорт зож бег наспорт спортик всемспорт sport бегануть,3,colloquial,Разговорный
смочь угадать любимый тачка роналда получиться какой автомобиль купить много деньга очень много деньга выбор определённо сложный криштиану роналда выбрать один автомобиль смочь сеть появиться информация тот коллекция знаменитый футболист состоять машина общий стоимость более миллион евро самый дорогой тачка невероятно крутой восьмилитровый двигатель здесь форсировать лошадиный сила трансмиссия семиступенчатый преселективный робот постоянный полный привод впечатлять фишка машина это тот гиперкар весь десять штука криштиану являться один тот самый счастливчик скромный дополнение гараж роналда veyron grand sport ferrari monza ferrari gto maserati speed ещё senna phantom drophead повседнев частый весь использовать camaro который катать свой мама гараж машина простой range rover sport benz amg девушка подарить криштиану wagon общий сбиться счёт новый машина роналда покупать раз год частый сейчас он наверняка ещё большой тачка считать какой тачка любимый мочь хотя скорее весь gtr себя скорее весь позволить мочь больно цена вырасти последний время завтра рассказать любим аппарат пока попробовать угадать,3,colloquial,Разговорный
ласкер эйв год последний ход кре белый король чемпион мир шахматы атаковать чёрный конь чемпион мир поступить чёрный,3,colloquial,Разговорный
новороссийский разборка магазин магнит коммунистический улица произойти серьёзный потасовка трое молодой девушка сначала попытаться украсть селёдка заметить заставить вернуть товар затем один дать включить камера двое другой послать разбираться сотрудник магазин кулак первый раздача попасть молодой парнишка стоять вход супермаркет совсем ожидать сильный подлый удар милый девушка получить свой порция тумак молодой человек сбежать внутрь магазин немножко помяться девушка проследовать внутрь торговый зал решить испытать терпение администратор вызвать рандеву женщина администратор амазонка решить накостылять сначала оскорблять затем переслать активный действие драка разнимать местный парень хотеть посмотреть видео втроём извиняться,3,colloquial,Разговорный
взвешивание тревор брайан дэниэл дюбуа регулярный чемпион wba супертяжёлый вес тревор брайан обязательный претендент титул дэниэл дюбуа пройти взвешивание перед бой пройти июнь флорида летний американец тревор брайан показать весы фунт летний британец дэниэл дюбуа фунт,3,colloquial,Разговорный
японец такой японец рекламировать свой портативный аэродинамический труба основное велосипедист один модель судзук продувать мочь указывать размер этот машинка быть тот быть тот повышенный лохматость конечность скорость добавлять воздушный сопротивление вихрегенерация вихрегенерация рознь собственно отчасти это тут особо велогонка освещать,3,colloquial,Разговорный
администрация сообщество тверской движуха поздравлять девочка март,3,colloquial,Разговорный
wsbk чемпион год джейк ганье получить шанс вернуться джейк ганье выступать год официальный команда получить возможность вернуться чемпионат мир линия yamaha выйти старт португальский этап октябрь вместе fresh lean кампания джейк ганье wsbk слишком успешный возвращение после два год практика мир сделать уроженец колорадо один главный претендент титул американский супербайка год ганье выиграть гонка стать абсолютный чемпион год вступление данило петруччи стать ганье настоящий челледжема данило джейк меняться позиция лидер начало год после этап брейндерд петруччи снова вернуться лидер серия несмотря больший авария джейк ганье брейнерд считать первый половина сезон пройти неплохо возможность выйти старт хороший идея yamaha yamaha motor поддержать ганье команда fresh lean портимао классный трек нравиться здорово быть вернуться туда сказать ганье я быть хороший байк команда можно представить минимум получить это большой удовольствие идея привлечение быстрый пилот национальный чемпионат супербайка официальный политика yamaha поиск новый потенциальный звезда,3,colloquial,Разговорный
джиджи радоваться непростой победа фрозинон после матч,3,colloquial,Разговорный
кавасаки псж мск комментатор виталий ошовский розыгрыш билет финал лига чемпион донат сбербанк белгазпромбанк visa беларусов украинец матч комментарий виталий можно посмотреть тут,3,colloquial,Разговорный
эдди хирна рассказать состояться реванш канесть бивол дмитрий победить рамирес,3,colloquial,Разговорный
член совет директор динамо сергей степашин тюкавино ещё забить мяч коста весь год чем можно говорить динамо рассматривать вариант расставание тюкавин зенит нужный пусть мучиться свой бразилец чистяков уважение ваш зенит зенит миррпл,3,colloquial,Разговорный
овечкин забить гол нхл хоу шайба игра текущий сезон овечкин набрать очко,3,colloquial,Разговорный
пресс конференция дирк накануне вывод номер обращение mavs goat,3,colloquial,Разговорный
магазин games открыться ярославль адрес московский проспект всегда хороший выбор настольный игра приветливый консультант отлично разбираться свой дело время работа открытие,3,colloquial,Разговорный
алекс волкановск ответить фанат критиковать адесанья скучный выступление бой канноние чемпион ufc полулёгкий вес австралиец алекс волкановск решить вступиться свой товарищ обладатель аналогичный титул среднее дивизион новозеландец исраэль адесанья поддаться критика зрелищный выступление последний бой американец джаредом канноние дело тот человек должный понять ваш соперник шанс победить нокаут чемпион должный идти риск должный идти вперёд знать можно пропустить фатальный удар собираться критиковать канноние претендент должный делать большой каждый боец знать нужно добраться иззь претендент сидеть сложить рука позволять адесанья размазывать дистанция здесь претензия джареда скажем канноние попытаться обострить пойти вперёд совершенно другой бой говорить исраэль здорово нокаутировать свой соперник человек быстро забывать сказать волкановск напомнить адесанья канноние провести бой июнь arena ласа вегас штат невад сша главный событие турнир ufc победа единогласный решение судья одержать исраэль,3,colloquial,Разговорный
внимание игрок пляжный волейбол турнир самара open комуса fest страница мероприятие анонсировать список игрок проверить уровень мастерство гандикап прокрутить страница вниз раздел документ нажать стрелочка вправо согласный начислить другой игрок гандикап июнь включительно заполнить форма оспаривание заявка быть обработать гандикапный комиссия ответ решение можно быть ознакомиться ссылка дать игрок заявить неверный гандикап разглашаться,3,colloquial,Разговорный
масштабный турнир главный кулачный лига россия мощный карда зарядить боец сразу два главный бой тяжёлый удар яркий размен быть трансляция июль суббота москва смотреть top dog кинопоиск подписка ловить промокод topdogfc получить первый день плюс мультя подарок активировать тут июль лицо старший год,3,colloquial,Разговорный
реал вдруг получить райо первый важный поражение сезон пропустить барс лидер дело реал неожиданно оступиться пригород мадрид проиграть райо вальекать мадридец пропустить первый вроде перевернуть забить два райо забрать контроль забить дважды довести матч заслужить победа особенность тот андердог победить дело победный пенальти райо прийтись перебивать выход тибо куртуа линия ворота знать дело тут куртуа кто вбежать штрафной нечто подобный происходить каждый матч подход должный такой случай одинаково строгий весь заключить лукас васкес реал проиграть впервые это сезон лига второй раз сезон кстати лейпциг обыграть мадридец счёт после тот команда карло анчелотти забронировать место плей офф именно сейчас первый настоящий важный поражение реал барселона благодаря этот стать лидер она очко впечатляющий разница реал отрыв два топ большой далёкий идти атлетико бетис очки райо забить три гол реал лига впервые октябрь весь второй раз пример реал весь два сухой матч тур лига плохой показатель девять год такой сезон команда раз тренировать карло анчелотти плюс реал забить девять мяч штрафной повторить достижение барселона сезон итог первый матч ещё минус реал один победа четыре последний матч проиграть лейпциг сыграть вничью жирона предыдущий тур победить селтик карло объяснение пойти против райо соперник частый выигрывать единоборство скверный вечер следовать поменять стратегия сделать это поплатиться проиграть почти дуэль винисиус реализовать два три момент обычно использовать хороший наш матч насчёт рефери я мнение это существовать вар хватать свежесть нормально после столько матч теперь нужно проанализировать первый половина сезон выделить хороший плей офф лига чемпион успешно выступать лига нужно удачно провести матч кадис отдохнуть возвращаться работа резюмировать анчелотти перерыв чемпионат мир реал остаться число сыграть дом кадис,3,colloquial,Разговорный
волейбольный клуб самотлор накануне летний каникулы пойти народ волейболист сотрудник клуб привести порядок дворовый площадка один микрорайон нанести разметка повесить новый игровой сетка ребятня удовольствие опробывать обновка самотлор,3,colloquial,Разговорный
ванвлить сиак анунобь лидировать нба средний игровой время матч баскетболист рэпторс фред ванвлить паскаль сиак джи анунобь занимать три первый место список лидер сезон средний игровой время матч ванвлить проводить площадка среднее минута встреча сиак анунобь топ ещё один игрок торонто новичок скотти барнс занимать список девятый строчка очевидный немаловажный роль такой распределение место рейтинг сыграть гостевой матч рэпторс майами январь канадский клуб суметь победить второй овертайм игрок стартовый пятёрка торонто провести площадка более минута первый пятёрка лидер сезон игровой время разыгрывать бруклин джеймс харден форвард лейкерс леброн джеймс,3,colloquial,Разговорный
rsd битва город нижний новгород райдер иван нестеров артём вильнитс роман федякина роман быстров ярослав жариков съёмка монтаж кирилл клыгин,3,colloquial,Разговорный
розыгрыш immortal gift канал dota запустить розыгрыш участие подписаться канал получить участник забирать приз подписка,3,colloquial,Разговорный
последний ролик снять сотрудник наш издательство желать далёкий любить настолочка друг друг обязательно находить время хобби любимый человек,3,colloquial,Разговорный
краснодарский зима полный разгар завтра игра полигон теплица карта проезд ниже четверг январь регистрация аренда страйкбольный снаряжение писать бронировать поиск попутчик игра привезти товар мастерская магазин спецзаказ обращаться сообщение группа адрес краснодар совхозный карта проезд полигон теплица карта дорога фото проезд полигон карта проезд яндекс карта проезд гугл фото полигон ещё раз повод код этот игра согласовывать власть она быть строго проверяться код наличие вакцинация перенести заболевание возраст игрок наш прихоть требование власть просить понять простить код приезжать закрытый игра вопрос писать фриз,3,colloquial,Разговорный
ткачёв зарплата ахл месяц приходить тысяча доллар аренда квартира платить тысяча нападать авангард владимир ткачёв выступать ахл онтарио рейн фарма клуб лос анджелес рассказать жить сша небольшой зарплата жить лос анджелес калифорния чуть самый дорога штат сша вряд выйти плюс итог тот сезон я двусторонний контракт играть нхл нормально хватать миллион доллар год ахл я тысяча доллар год весь процент налог приходить шесть тысяча доллар месяц можно сделать сша шесть тысяча доллар я аренда квартира шесть половина тысяча такой дорогой жильё снять разговаривать генменеджер кингз клуб хотеть жить именно это район коттеджный посёлок дом игрок первый команда рядом океан тренировочный арена сам лос анджелес ехать минута снять я коттедж обычный двухкомнатный квартира второй этаж дорого зато три минута океан бывало ходить туда купаться приводить слово ткачёв матч,3,colloquial,Разговорный
самый последний часть новость мир настольный игра декабрь канал вспомнить рюрик прага другой игра который порадовать уйти год,3,colloquial,Разговорный
техника переводчик починить значит возвращаться перевод постараться нагнать предыдущий неделя сегодня ждать два заметка книга unearthed and рассказывать концепт отыгрыш игрок эпизод падший дворянин получить ужасный новость ваш дворянский семья казнить столица приказ сам король слух обвинить государственный измена попытка переворот уверить неправда отправиться путешествие королевство намереваться заручиться поддержка подполье против несправедливый режим действовать власть убить чем повинный человек оклеветать благородный семейство прекрасный родословная ваш семья действительно пытаться совершить государственный переворот приговор король исполнить закон узнать начало ваш путешествие конец долгий дорога полный политический интрига возможно захотеть обговорить ваш мастер факт раскрытие этот ужасный правда договориться тот ваш настоящий предыстория быть оставаться втайне остальной игрок момент окончательный раскрытие мочь потребовать оба большой подготовка такой поворот мочь дать уникальный возможность раскрыть персонаж типичный предыстория благородный,3,colloquial,Разговорный
российский спортсмен мочь допустить турнир великобритания письменный подтверждение поддерживать путин министр спорт великобритания найджела хаддлстон заявить участие соревнование территория страна спортсмен россия беларусь должный быть доказать являться независимый нейтральный речь идти представитель индивидуальный вид спорт хотеть получить письменный подтверждение получать деньга путин россия беларусь быть высказываться поддержка путин россия беларусь просить руководящий орган отдельный турнир заранее заручиться такой гарантия собираться разрешить участвовать нейтральный спортсмен спортсмен называть себя нейтральный хотеть получить гарантия действительно нейтральный следовательно никак связать путин какой вид спорт организация решить полностью запретить участие российский белорусский спортсмен поддержать решить пойти путь нейтралитет попросить такой гарантия частность правило мочь коснуться участие второй ракетка мир даниил медведев другой российский белорусский теннисист уимблдон,3,colloquial,Разговорный
motogp квартарарый двигатель очень похожий прошлогодний второй половина первый день официальный тест motogp мотоцикл фабио квартарарый появиться новый аэродинамический крыло что пилот yamaha обрадоваться поскольку аэродинамический обвес yzr давно меняться целое новый форма аэрокрыло очень похожий предыдущий версия спойлер теперь большой выступать край ветровый стекло хороший новинка сразу сказать после три год одинаково аэродинамика прийти время что новый новинка хороший плохой сепанга хороший трасса проверка это обновление здесь крыло немного снижать максимальный скорость должный быть протестировать новинка такой трасса херес получить большой полезный информация знать подходить мандалик подобный тест основное работать год основный цель новинка повысить максимальный скорость насколько yamaha справиться это теперь мощь смеяться серьёзно сложно сказать сегодня я хороший обратный связь мотоцикл мочь действительно хорошо управлять горячее круг я двигатель очень похожий прошлогодний завтра попробовать кой новый область электроника думать добиться большой прогресс счёт это фабио закончить день хороший время уступить чуть более сечь быстрый гонщик алейша эспаргаро чемпион год недовольный себя впервые мочь ездить свой стиль наматывать круг задний покрышка средний жёсткость прожить круг затем выехать трек мягкий резина совсем немного улучшить время мочь воспользоваться мой сила скорость прохождение поворот стоить отметить тот очень быстрый этот трасса нужно достигать предел некоторый участок сегодня неподходящий день это довольный наш гоночный темп проехать круг износить резина горячее круг сегодня тяжело,3,colloquial,Разговорный
друг ваш глаз рождаться новый промоушный rage arena здесь увидеть услышать ужасный оскорбление пресс конференция литься грязь драка никакой фрик спорт организатор промоушить мочь выбрать лёгкий путь выбрать верный трудный друг пожалуйста поддержать rage смотреть прямой эфир телеканал udar сегодня москва,3,colloquial,Разговорный
добрый день подсказать пожалуйста метр близкий мероприятие коллега планировать человек,3,colloquial,Разговорный
приглашать провести громкий день emma россия место проведение тверь площадка трц рубин адрес проведение тверь проспект калинин открыть следующий класс регистрация качество звук класс мультимедиа класс espl класс esql класс emma тюнинг класс сбор судья площадка заезд участник соревнование регистрация участник время который прекращаться допуск регистрация участник этап соревнование брифинг судья брифинг участник начало судейство категория официальный открытие этап ххiii чемпионат россия автозвук тюнинг начало судейство espl судейство категория esql церемония награждение победитель,3,colloquial,Разговорный
продать наклейка брюс кто нужно писать личка,3,colloquial,Разговорный
кэндзюца самурай иайдо будо будзюца боевыеискусство япония,3,colloquial,Разговорный
швентечь жабер ещё я обыграть переживать первый ракетка мир иго швентечь прокомментировать победа open финал обыграть онс жабер спросить счёт что удаваться уверенно проводить важный матч выиграть финал подряд отдать сет честно знать смеяться просто очень многое ждать особенно перед это турнир я непростой период возвращаться после победа большой шлем непросто хотя ролан гарроса взять второй титул нужно оставаться собранный сосредотачиваться свой цель турнир получиться непростой нью йорк тут громко безумно город столько соблазн познакомиться многий вдохновлять человек просто сумасшествие гордиться психологически весь справиться онс провести прекрасный турнир проводить прекрасный сезон классный соперничество уверить ещё много раз встретиться ещё я обыграть переживать,3,colloquial,Разговорный
лига нация мужчина болгария сербия подробный турнир,3,colloquial,Разговорный
денис спицов бежать скиатлоно лыжа непряева оба взять серебро олимпиада российский лыжник денис спицов рассказать выступать скиатлоно пекин лыжа наталья непряева этот пара бежать классический часть гонка итог скиатлоно спицов завоевать серебро накануне непряева этот лыжа финишировать второй,3,colloquial,Разговорный
тренировочный база челси после назначение поттер пост главное тренер,3,colloquial,Разговорный
крейчиков синяков взять уимблдонский титул пара чешский теннисистка барбор крейчиков катерина синяков стать победительница уимблдон парный разряд финал обыграть бельгийка элиса мертенс китаянка чжан шуай,3,colloquial,Разговорный
матч швейцария скучно бывать сегодня парень сам забить достаточно италия позволить немного порадоваться хороший момент,3,colloquial,Разговорный
тэйлор фритц впервые карьера сыграть турнир большой шлем,3,colloquial,Разговорный
действительно знать сказать девушка энергия хотеть поблагодарить поддерживать особый благодарность мой семья приехать поддержать я получить большой удовольствие самый главное нравиться играть волейбол капитан сборная сербия тиян бошкович после победа финал,3,colloquial,Разговорный
новый год понятно мандарин ёлка оливье очень быстро много ассоциация можно подобрать чем ассоциироваться зимний полумарафон делиться комментарий,3,colloquial,Разговорный
роман сафиуллин прокомментировать победа грек стефанос циципас марсел роман впервые победить соперник топ впервые выйти полуфинал турнир atp совершенно точно мой хороший победа очень рад смочь показать такой теннис этот неделя впервые выйти четвертьфинал atp теперь полуфинал здорово сегодня очень хорошо принимать особенно некоторый классный первый подача казаться ожидать прийтись играть розыгрыш розыгрыш чуть хороший цитировать сафиуллин okko,3,colloquial,Разговорный
тренировка мышца кора домашний условие измениться тело регулярно тренировать мышца кора желать обрести королевский осанка подтянутый живот лёгкий походка важно иметь сильный функциональный кор бич наш время гиподинамия понизить подвижность следствие сидячий образ жизнь влечь себя ряд проблема здоровье негативно влиять форма тело жиромышечный компонент человек сталкиваться набор вес зачастую начинать бросаться тяжкий выбирать максимально интенсивный тренировка сложный упражнение оценивать самый важный состояние мышца кора наличие дисбаланс кстати сильный недовольство внешность мужчина женщина вызывать форма живот начинаться скручивание подьема корпус диета порой решающий фактор представить ослабить кор слабый пресс пассивный ягодица иметь передний наклон таз вываливаться живот вечно болящий поясница невозможность активно тренироваться стоить правильно расположить таз грудной клетка относительно друг друг укрепить кор сразу появиться осанка живот быть вываливаться прогулка спина быть болеть визуальный эффект налицо офп физый мышцыкора спорт зож забег sport,3,colloquial,Разговорный
хотеть скидка крутой экипа спортивный товар спортмастер pro держать приходить самый большой магазин спортмастер pro адрес варшавский шоссе москва шепнуть касса наш промокод smpro получить скидка весь одежда обувь ещё лыжный сноубордический экипировка акция действовать февраль включительно упустить шанс,3,colloquial,Разговорный
батальон полка дивизия морской пехота учение кэмп пендлтоня калифорния май год,3,colloquial,Разговорный
ufc марвин веттори свой отношение федора емельяненко увидеть документалка тренироваться лес вместе свой брат спарринговать драться какой смертельный хладнокровие выходить поединок помнить видео смотреть крокоп отправлять нокаут брат понимать фёдор говорить момент явно очень жёсткий тип убить посмотреть пара минутный документалка ютуба впечатлить парень чем особенный я всегда быть хороший тяжеловес время последний император,3,colloquial,Разговорный
спартач молодец давить ротенберг мочь,3,colloquial,Разговорный
медведев проблема выйти раунд астана второй круг казахский турнир даня переиграть представитель испания альберт рамос виноласа медленный хардовыя корт астана зал стать помеха россиянин,3,colloquial,Разговорный
хороший способ сделать ребёнок хороший сделать счастливый день защита ребёнок цсп атлант живуспорт спортивноеподмосковья нашеподмосковье мхл лигасильный хоккей,3,colloquial,Разговорный
итог матч поражение единственный мяч состав торпедо миасс заил сергей чистяков второй тайм конкурс прогноз победа одержать рамазан абзгильдина просить мы связаться миасс спорт торпедомиасс футбол сезон сбор лоо,3,colloquial,Разговорный
чемпион минувший неделя пабло карреньо буста монреаль симона халеп торонто подводить итог мужской женский турнир канада,3,colloquial,Разговорный
помнить глупо ответить вопрос переживать кроме это большой никто запомнить вообще тогда просто готовиться играть куча вопрос она можно получать очки самый глупый ответ проходить игра куча вопрос смотреть летсплей канал твой игровой взять игра себя вечеринка переходить ссылка цена руб,3,colloquial,Разговорный
наконец дом сегодня завтра ждать очень интересный непростой матч помнить первый раунд плей офф крыло биться готовиться начинать водиться наш превью,3,colloquial,Разговорный
воскресный игра полигон знаменский завершить спасибо весь участник альбом игра делиться комент пройти игра,3,colloquial,Разговорный
сборная словакия объявить состав зимний олимпийский игра год,3,colloquial,Разговорный
плей офф нба трансляция матч русский комментатор мск атланта майами счёт серия мск чикаго милуока счёт серия мск нью орлеан финикс счёт серия,3,colloquial,Разговорный
первенство россия чебоксары июль подводить итог первый день сегодня золото серебро бронза новый рекорд свердловский область егор колотилов стать победитель дистанция показать финал после финиш интервью телеканал матч егор отметить недовольный результат работа это лето продолжиться спортсмен представлять юность луч екатеринбург тренер ясников владимир иванович масаев елена владимирович масаев евгений робертович хауст александр владимирович зык александр иванович виктория болдырев выиграть серебро бег это первенство спортсменка показывать хороший результат последний три лето виктория выступать юность урфа тренироваться сыроешкин светлана владимирович даниил прокушева стать бронзовый призёр финишировать личный рекорд минус одиннадцать секунда новый рекорд свердловский область предыдущий продержаться год установить летний вячеслав кошелев год даниил прокушева представлять спортшкола росток луч екатеринбург тренер галашов николай владимирович терентьев леонид александрович состояться предварительный забег анастасия гентухнуть финал закрыться иван чистый закрыться результат финал закрыться семён лубский василий козиянчук выступить полуфинал даниил келина показать одиннадцатый строчка протокол финал отобраться мария рыбинский она шестой время среди участник борьба дорожка достаточно жёсткий мария сравнить забег бой правило финал состояться второй день бежать елизавета быков милан садовскай пройти финал длина квалификационный норматив здесь выполнить восемь спортсменка остальной добрать результат первый два попытка садовский быть неудачный заступ начало разбег последний третий тренер большой весь хотеть увидеть результат поднять судья белый флаг попытка засчитать оказаться очень приличный милан выйти финал второй результат юниор финал отобраться вячеслав злобин выполнить норматив второй попытка завершить выступление василий попов никита винников высота борьба финал продолжить ярослав козырев прыгнуть первый раз судья уверенно включить число двенадцать сильный никита широбоков взять начальный посмотреть рекорд свердловский область,3,colloquial,Разговорный
волнительный момент стрельба огневой рубеж каждый раз замирание сердце смотреть,3,colloquial,Разговорный
юдзура сегодняшний шоу отрезок выступление живой вокал прыжок закрытие наслаждаться team hanyu faoi,3,colloquial,Разговорный
альберт вагаец каждый начинать играть волейбол стремиться суперлига воспитанник нижневартовский сшоры самотлор большой спорт дрожь коленка доверие связующий читать,3,colloquial,Разговорный
весь привет подсказать аналог ручка сцепление машинка мочь ставить,3,colloquial,Разговорный
нужный новый чехол зимний шина парочка фильтр автомобиль ещё неплохо сэкономить решение испытать удача розыгрыш maxxis поторопиться принять участие условие розыгрыш срок проведение искать здесь,3,colloquial,Разговорный
тик тик часики тикать успеть надо много проверить себя свой друг многозадачность новый патигейм бомбаня этот весёлый немного безумный игра игрок должный одновременно отвечать вопрос один сосед крутить ответ кубик другой звучать слишком сложно время поджимать нужно успеть сделать можно скорее время раскатить пора взрывать этот вечеринка бомбаня рассчитать игрок год новинка небомбаня,3,colloquial,Разговорный
весь добро мужик кувалдовод подсказать нигде шина какой можно купить какой другой подойти перед купить задний успеть найти мочь,3,colloquial,Разговорный
юридическиегранить друг время наш сотрудничество поступать крайне много интересный вопрос тема авторский право настольный игра решить собрать впоследствии сделать цикл пост самый сложный популярный сделать перейти ссылка,3,colloquial,Разговорный
вернуться новый друг оригинал год пройти себя после приятный дтп купить снова кувалда,3,colloquial,Разговорный
новинка игра весёлый компания правдец большой нужно долго придумывать интересный вопрос задание правда действие этот коробка каждый ход выбирать карточка отвечать действовать выполнять попасться задание получать победный очки цена руб,3,colloquial,Разговорный
шарль джидда заниматься прогулка трасса,3,colloquial,Разговорный
королевский особа быть вчера вечером эфир канал транслироваться праздничный программа sommerfest fra участник стать известный спортсмен музыкант публика развлекать тот число лыжный король петтереть нортугой норвежский принцесса март луиза,3,colloquial,Разговорный
одежда королевский размер оплата получение заказ каталог заказ весь вопрос писать,3,colloquial,Разговорный
отчаянный герой посторонний ужас способный свести ум уничтожить человек слабый дух тело миниатюра особняк безумие база дополнение зловещий путешествие путь змея улица аркхэма покрас grenkeen подробный про игра настольныйфэшн особнякибезумие,3,colloquial,Разговорный
яхта пресса упражнение специально спорт зож пресс наспорт бег всембег легкаяатлетик,3,colloquial,Разговорный
будро терпеться увидеть кузьменко получиться нхл,3,colloquial,Разговорный
олейник дебютировать мма ufc год конора макгрегор ходить школа первый айфон выйти спустя год билл клинтон президент сша,3,colloquial,Разговорный
пользователь несколько день назад загрузить новый скин famas мастерская хотеть услышать ваш мнение,3,colloquial,Разговорный
aew официально анонсировать командный титул среди трио первый чемпион определиться посредством турнир финал который состояться ppv сентябрь,3,colloquial,Разговорный
правило возврат билет неделя звезда хоккей перенести матч трактор неделя звезда хоккей возврат денежный средство электронный билет приобрести официальный сайт трактор фонбета неделя звезда хоккей осуществлять кассир правило возврат сайт деньга билет купить касса ледовый арена можно получить ежедневно наличие билет чек оплата перенести матч трактор правило возврат электронный билет можно ознакомиться сайт клуб билет купить касса можно сдать клубный касса ежедневно обращать ваш внимание билет матч торпедо рижский динамо действительный новый дата игра кхл определить чуть поздний хктрактор толькочернобелый,3,colloquial,Разговорный
друг напоминать доступный заказ ретро джерси нанесение игрок тот время наслать каталог джерси нужный написать возможно цена размер отзыв сетка подробный,3,colloquial,Разговорный
мобильный сервисный центр окр направляться калужский область сентябрь мобильный сервисный центр окр направление беговой лыжа быть находиться выездной мероприятие калужский область городской округ калуга село пригородный лесничество гау сшоры орлёнок напомнить мобильный сервисный центр окр являться наследие зимний олимпийский игра сочи технологический база получить рамка реализация проект олимпийский комитет россия штайншлифт поддержка компания газпром специалист производиться станочный обработка скользящий поверхность беговой лыжа горный лыжа сноуборд,3,colloquial,Разговорный
завести монстр сколько мочь сила такой аппарат быть мощный альф,3,colloquial,Разговорный
ожидать подобный сезон начинаться nascar,3,colloquial,Разговорный
лето ожидать дополнение остров дух гиблый край дополнение гиблый край добавить игра сразу новый дух возможность играть впятером вшестером новый противник сценарий главное значительно разнообразить игровой процесс альтернативный режим игра различный вариант раскладка остров новый колода событие карта развитие знакомый дух позволить попробовать сила более серьёзный испытание раскрыть игра новый сторона самостоятельный игра дополнение понадобиться база остров дух новый тираж база быть это лето новость участник кампания технический причина производство игра остров дух дополнение гиблый край переноситься конец июнь следить новость проект страница кампания новинка островдухов,3,colloquial,Разговорный
весь привет подсказать пожалуйста первый мотоцикл куб,3,colloquial,Разговорный
забывать группа проходить розыгрыш скин коврик,3,colloquial,Разговорный
помнить ник стаускас год пытаться перезапустить свой карьера лига последний два матч канадец набрать сумма очко ранее подобный удаваться один игрок история лига стаускас выступать грэнд рэпидс голд фарма клуб денвер наггетс,3,colloquial,Разговорный
джастис уинслоу снова обменять хорошо стать подписывать контракт межсезонье клипперс отправить эрик бледсоу джастис уинслоу кеон джонсон драфт пик раунд портленд получить взамен норман пауэлла роберт ковингтон показатель форвард уинслоу это сезон очко подбор,3,colloquial,Разговорный
маррей сыграть рим пищевой отравление экс первый ракетка мир энди маррей сняться квалификация мастёрса рим стартовать суббота британец ещё восстановиться пищевой отравление получить этот неделя мадрид маррей пока оставаться заявочный список ролан гарроса хотя зимой говорить планировать пропустить грунтовый сезон,3,colloquial,Разговорный
дорогой любитель бег беговой фоточка публикация присылать коммент этот пост сейчас свой отличный бегом делиться наш друг максим архипов шелаев кумпан рыбас волгин белоус смирнов спасибо великолепный бегомотивация дорогой друг весь бег весь жизнь бегжизнь делисьбегом спорт забег sport всембег легкаяатлетик,3,colloquial,Разговорный
дорогой атлет ровно месяц назад быть вы суздаль grut месяц социальный сеть переставать кипеть пост история статья очерк видео стих песня тот какой увидеть участник наш команда читать смотреть абсолютно вместе вы ваш текст вновь вновь переживать момент старт эмоция брод долгожданный пункт питание конечно финиш искренне благодарить участник отзыв grut быть очень разный кто эмоциональный кто серьёзный рассудительный просто публиковать фото момент слово быть излишний никакой объективный критерий определение победитель конкурс отзыв каждый участник команда выбрать отзыв близкий призёр конкурс отзыв удовольствие приглашать завтрак друг состояться октябрь москва победитель вручить полезный вкусный набор наш друг алексей воронеж лебедев ксения желудёвый наташа калашников александр дунаев trekhsvoyakov елена утиный ещё раз поздравлять спортсмен благодарить участие гонка год wearegrut,3,colloquial,Разговорный
однажды понять крыло дать тот летать облако пингвин просто розыгрыш прыжок сегодня вечером,3,colloquial,Разговорный
motogp такааки накага прооперировать надеяться выйти старт гран япония lcr сообщить травмированный контакт мотоцикл марк маркесом repsol пилот команда такааки накага пройти обследование барселона прооперировать надеяться вылететь япония близкий рейс вторник накага получить травма правый рука жёсткий падение круг гран арагон предварительный данные мобильный клиника паддок накага мочь сломать два палец получить травма мягкий ткань ожог контакт асфальт возможный разрыв связка деталь мочь дать тщательный обследование аппаратура иметься клиника институт дексиуса барселона така направиться понедельник утром команда сообщать доктор ксавье мир провести операция мизинец безымянный палец японский гонщик стабилизировать состояние связка действительно оказаться порвать пересадка кожный покров спортсмен потребоваться означать относительный свобода действие близкий будущее накага планировать вылететь япония место определить шанс участие предстоящий близкий выходной гран предстоять пройти полный обследование получить допуск гран япония четверг такааки накага продлить контракт lcr год буквально перед начало гран арагон ставить точка формирование состав команда motogp следующий сезон огур который прочить место накага оставаться чемпионат moto следующий сезон намеренный бороться титул чемпион,3,colloquial,Разговорный
дорогой друг свет последний событие хотеть заверить быть блокировать счёт скин политический мотив какой страна юзер баланс скин каждый игрок остаться полный сохранность уважение команда,3,colloquial,Разговорный
праздник мужик забывать поздравить свой друг танкист,3,colloquial,Разговорный
прорайдер сэмми карлсон называть завтрак называть проверка сердечко стойкость хотеть попробовать такой спуск,3,colloquial,Разговорный
буллит вывесть наш хоккеист финал олимпийский игра,3,colloquial,Разговорный
ntog военный тактический оперативный группа морской флот канада,3,colloquial,Разговорный
предлагать запись связать лёгкий атлетика самый хороший добавить группа,3,colloquial,Разговорный
олимпийский игра февраль танец лёд мск,3,colloquial,Разговорный
арсенал терять мартинес быть тилеманс дея йонг оставаться барселона эриксен выбрать ришарлисон петух смотреть,3,colloquial,Разговорный
отличный новость кубок губернатор югра волейбол возвращаться весь история это турнир принимать участие действовать призёр суперлига команда многий страна мир раз опять состав подобраться надо действовать чемпион россия московский динамо вица чемпион беларусь минский строитель наш сосед рейтинг прошлое розыгрыш суперлига нижегородский аск случайно ещё наш соперник предварительный этап кубок россия просто это год принять решение совместить наш домашний этап официальный турнир вфв столь дорогой кубок губернатор подробный,3,colloquial,Разговорный
что нужный студенческий показать вход университет доказать бабушка реально поступить самый главное оформить плюс бесплатно конец год заходить скорее,3,colloquial,Разговорный
суперкубок франция кубок франция чемпионат франция лига чемпион первый трофей псж карман сколько весь быть итог сезон,3,colloquial,Разговорный
обзор игра который смочь построить собственный убежище среди суровый опасность ядерный пустошь конечно выдержать атака рейдер мутировать животное видео клуб any key обзор,3,colloquial,Разговорный
лимитный промокод поспешить активировать секретный промокод ladno давать баланс csgoup написать комментарий пост успеть ухватить бесплатный бонус,3,colloquial,Разговорный
фэнтези команда симпл монести элек оба вариант,3,colloquial,Разговорный
весь отличный тренировка дорогой друг спорт легкаяатлетик бег заюегрф бегануть марафон,3,colloquial,Разговорный
хороший личный статистика тур мужской российский суперлига бомбардир рыбак урал папазовый кузбасс яковлев нефтяник орнб ботина нефтяник орнб аль хачдади белогорье марокко волков зенит казань ивович динамо сербия пирайнный динамо клюка зенит спб лубурич локомотив сербия никитин нефтяник орнб блок космина зенит спб филипп белогорье ботина нефтяник орнб бутько кузбасс кранин нефтяник орнб крицкий енисей папазовый кузбасс подача маркин кузбасс богдан динамо клюка зенит спб лихошерст динамо панк динамо яковлев нефтяник орнб,3,colloquial,Разговорный
тур новый турнир таки очень соскучиться волейбол месяц двигаться направление москва одинцово сайт трансляция вфв товар волейбол поддержать яндекс дзен волейбольный чат канал клуб волейболроссия волейболновость держимячвигра волейбол пляжныйволейбол пляжка,3,colloquial,Разговорный
здорово весь вопрос кувалда камера номер цеплять номер большой состояние идеальный висеть свой штатный место пример короткий видос телефон,3,colloquial,Разговорный
самсонов уверенно выйти четвертьфинал кливленд россиянка людмила самсонов выйти финал турнир кливленд выбить борьба немка лаура зигемунд следующий соперница россиянка стать магда линетта польша samsonova,3,colloquial,Разговорный
news warhammer ранее писать тот состав коробка утечь значительно ранний поулчаться август ещё ранее быть просто слух состав новинка гвардия теперь недавний слух валрак вправду можно ожидать ещё возвращение маршалл солара махариус силуэт который очень похожий арт трейлер фон вероятно новый танчик рогала дорн хотя такой арт какой особый примета обладать танк танк,3,colloquial,Разговорный
летсплей рюрик свежеть военный экономический стратегия посвятить междоусобный борьба русский князь рюрик предстоять взять себя роль сын дочь князь владимир соревноваться остальной гордый звание верховный правитель русь видео канал настольный игра рюрик,3,colloquial,Разговорный
приглашать желать тренировка октябрь суббота,3,colloquial,Разговорный
блин знать записать знать передача ход появляться свист ветер что похожий подшипник частота оборот двс напрямую влиять скорость звук камера удаслось записать город катать макс оборот крутило езда влиять заводиться норма чуть перегазовка оборот стартер,3,colloquial,Разговорный
брюс считать бег невероятно важный должный продолжать бегать течение весь ваш жизнь какой время день быть бегать неважно важный долго быть бегать начало бежать лёгкий трусца затем увеличивать дистанция темп конец пробег включать спринт развитие скоростной выносливость брюс бегать каждый день минимум раз неделя минута бег спорт зож мотивация забег верста,3,colloquial,Разговорный
торонто подписать контракт вратарь ахл кит петруцелли,3,colloquial,Разговорный
дерек чисор хотеть провести бой деонтеть уайлдёр летний британский супертяжеловес дерек чисор заявить хотеть провести поединок против летний нокаутер экс чемпион мир супертяжёлый вес сша деонтея уайлдёр пока раздумывать продолжение свой боксёрский карьера после два подряд поражение другой британский боксёр тайсон фьюри большой поклонник уайлдёр пока повесить перчатка гвоздь дать почувствовать этот ударный мощь хотеть поехать америка устроить битва ты брат сказать чисор бой уайлдёр интервью собраться готовый поехать америка давать повеселиться знать хотеть почувствовать этот ударный мощь человек постоянно говорить ударный мощь знать верить услышать мой слово дать знать ласа вегаснуть приезжать уэмбль добавить чисор дать настоящий битва чисор потерпеть три поражение подряд александр усик джозеф паркер бой быть зрелищный чисор оправдывать прозвище war война каждый после второй поражение фьюри октябрь прошлое год тренер уайлдёр малик скотт говорить экс чемпион мочь вернуться ринг май это год сам уайлдёр ещё определиться свой план недавно заявить хотеть спросить совет дух амазонии,3,colloquial,Разговорный
мочь гарант турнир весь вопрос обращаться группа,3,colloquial,Разговорный
приветсвый искать правый накладка радиатор орига заранее спасибо,3,colloquial,Разговорный
добрый время сутки мочь обращать внимание смотровой окошко уровень масло двигатель работать двигатель обычно оно пустой уровень масло видно состояние заглушить я теперь работать двигатель масло либо половина оставаться либо верхний риск мочь сталкиваться беспокоиться можно ещё масло поменять потом обратить внимание заливать доливать масло верхний риск,3,colloquial,Разговорный
продолжать рассказывать партнёр граникон издательство настольный игра эврикус прошедшее год успеть закрепиться рынок благодаря выбор качественный зарубежный проект локализация успешный работа отечественный автор издательство активно развивать детско семейный сегмент настольный игра среди известный игра издательство такой игра волк идти котоквест квилт эврикус входить большой холдинг совместно сеть гипермаркет творчество леонардо игра ассортимент издательство оказываться полка офлайновый магазин весь страна более магазин леонардо холдинг производить свой фабрика такой товар карандаш пластилин краска издательство эврикус работать увлечь профессионал свой дело помочь игра воплотиться момент идея появление полка магазин больший база дизайнер собственный фабрика больший сеть реализация привести классный игра дом многий настольщик,3,colloquial,Разговорный
медведев потерять первый строчка рейтинг после open первый ракетка мир даниил медведев проиграть ник кириоса четвёртый круг open медведев впервые год проиграть open ранний полуфинал тогда уступить третий раунд россиянин защитить прошлогодний титул итог турнир потерять первый строчка рейтинг,3,colloquial,Разговорный
продажа спецвыпуск мир фантастика спецвыпуск старый добрый игра голова погрузиться мир знакомый весь детство игра тот самый становиться причина бессонный ночь прогулять урок собирать перед экран монитор шумный компания взрослеть развиваться вместе мы точно накрыть волна тёплый воспоминание поверьте слово хороший конечно проверить сам продажа январский выпуск журнал мир фантастика дэвид боуя зелёный рыцарь патруль время грядущий грядущий про вечный стоить забывать новинка мирфантастика,3,colloquial,Разговорный
зарядный револьвер hdh год название револьвер аббревиатура компания производитель являться буква фамилия dassy револьвер двойной действие барабан рассчитать патрон калибр выпускаться версия более крупный калибр заряд соответственно маленький калибр барабан патрон револьвер иметь два ствол камора барабан располагаться шахматный порядок поочерёдно совмещаться верхний нижний ствол ударник двойной поворот барабан патрон поочерёдно попадать удар нижний верхний часть соответственно производиться выстрел нижний верхний ствол револьвер производиться серийно бельгия год год,3,colloquial,Разговорный
наш никита сегодня день рождение команда самый молодой зато очень ответственный надёжный основательный искренний скромный парень потрясать голубой глаз настоящий спасатель обладать больший количество профессиональный навык любой задача решать любой гора покорять любой сложный навеска осуществимый всегда уметь поддержать приободрить нужный слово дружище очень рада год мы команда работать рука рука уверить ждать большой будущее очень ты гордиться день рождение блок,3,colloquial,Разговорный
зелёный гур объявить приостановка выступление единый лига втб польский зелёный гур официально объявить тот прекращать выступление единый лига втб хотеть поблагодарить единый лига втб исключительный три год спортивный состязание сам высокий уровень настоящий момент более важный вещь чем баскетбол выступать против насилие война приостанавливать наш участие турнир говориться сообщение клуб состав участник единый лига втб перед это покинуть эстонский калев,3,colloquial,Разговорный
сейчас чувствовать вопрос мочь поставить тупик стать интересный тема разговор новый игра дикий эмоция смочь близкий познакомиться эмоция друг друг прочитать вслух ситуация карточка затем тайно выбрать свой эмоция попробовать отгадать эмоция другой игрок дикий эмоция выходить следующий пятница июнь сейчас игра доступный предзаказ цена руб,3,colloquial,Разговорный
подработка инженер зарплата опыт работа занятость час день руб месяц главное требование готовность обучение научить создавать фотореалистичный модель работать max предоставить бесплатно делать эффектный рендёр рабочий алгоритм идеальный вариант инженер первый новый сфера задача примерно оплата выше второй маленький рутина большой простор фантазия третий технический база остаться докрутить пара навык сколько готовый платить визуализация архитектор дизайнер интерьер производитель мебель техника застройщик жилой комплекс хотеть выгодно продать продукт благодаря вкусный подача стоимость фотореалистичный картинка начинаться руб создание уходить час можно выполнять заказ вечер качество подработка сделать основный источник доход выполнять заказ день решать понравиться идея подработка сочетать инженерный творчество график высокий доход тогда предложение прямо сейчас открыть набор дневный бесплатный курс визуализация рамка который сделать свой первый фотореалистичный работа смочь сразу продать рубль спонсор курс успевать забронировать место ссылка остаться ждать курс освоить топовый программа max скачать бесплатно установить настроить инструкция разобраться навигация выбор объект текстура свет композиция кадр получить бесплатный доступ огромный библиотека модель материал который начать легко создавать крутой рендёр интерьер научиться делать крутой портфолио дорого продавать услуга возможно через день заработать первый деньга визуализация хороший итоговый работа мебельный фабрика сразу выкупить руб отобрать ещё достойный вариант свой каталог руб занять место курс узнать подробность переходить ссылка жать разрешить сразу после регистрация личка прийти информация быть закрепить куратор быть сопровождать течение весь курс важно записаться именно ссылка главное условие участие конкурс выпускной работа урок проводить семён потамошнев визуализатор летний опыт основатель школа работать норман фостер делать визуализация крупный застройщик разрабатывать график первый канал писать скрипт max остаться место ещё успевать,3,colloquial,Разговорный
обзор сегодняшний матч часть виннипег даллас сиэтл нэшвилл лос анджелес миннесота nhl,3,colloquial,Разговорный
результат матч третий тур женский российский суперлига состояться октябрь уралочка нтмк свердловский обл заречье одинцово московский обл ленинградка санкт петербург енисей красноярск расписание тур,3,colloquial,Разговорный
трансляция квалификация гран сан паула,3,colloquial,Разговорный
прервать двухмесячный стрик поражение технический победа последний раз обыгрывать оппонент pgl major antwerp май клуб одолеть ihc esports этап после что проиграть три матч подряд вылететь турнир призовой после бельгийский мейджор американский организация занять последний место esports iem выиграть один серия,3,colloquial,Разговорный
первый день личный чемпионат мир тольятти тот кто хотеться посмотреть быстрый заезд гонка полный объём минимум графика более полный версия быть неделя тольятти лчм,3,colloquial,Разговорный
дружище готовый блеснуть знание конкурс именно картинка изобразить скин твой задача рассказать история известный факт это скин скорее спускаться писать комментарий выбрать победитель усмотрение качество знание получить приз размен баланс csgoup играть мы быть первый,3,colloquial,Разговорный
motogp миллер уверенный вопрос замена lenovo team решиться сегодня джек миллер снова подиум мане снова близкий победа стать второй сегодняшний гонка motogp человек оказаться финиш ранний он скорее весь занять место команда год,3,colloquial,Разговорный
сегодня пройти первый этап казань рамка гоночный заезд победитель этап казань стать кирилл кираказовый начало победный викенд кираказовый заложить квалификация который выиграть первый гонка кирилл занять место конец заезд почти догнать лидер заезд иевлев финиш разделить весь секунда второй гонка несмотря массовый завал инцидент который кираказовый пострадать это успеть заехать бокс режим автомобиль безопасность вернуться гонка добиться серебряный награда место общий зачёт занять михаил достовалов сергей иевлев хотя последний выиграть оба заезд получить штраф второй гонка сумма набраный очко опуститься место сразу начинаться захватывать заезд нетерпение ждать следующий этап август,3,colloquial,Разговорный
разработчик чит прекратить поддержка софт проблема производительность игра сказываться чита мочь валва стремиться тот,3,colloquial,Разговорный
интервью ferrari перед начало уик энд карлос гальбалли,3,colloquial,Разговорный
грубость бретта поллка куньлунь энтони камар нефтехимик получить штрафной минута грубость хоккейбезправить хоккейныебой грубыйхоккей дракихоккей кхлрезультат бой драка кхлконтракт кхлштраф кхлгрубость кхлдисквалификация хккуньлунь хкнефтехимик бреттполлка энтоникамара,3,colloquial,Разговорный
хотеть знать какой язык лёгкость мочь выучить пройти тест узнать ссылка тест ниже,3,colloquial,Разговорный
друг привет весь любитель большой теннис хотеть порекомендовать сайт поиск равный партнёр участие турнир просто сайт турнир целый платформа рейтинг сила игрок место мочь публиковать фото видео ваш игра обсуждать участник сообщество достижение друг друг ждать сайт,3,colloquial,Разговорный
сорина хотеться подиум окончание тур ски середина российский лыжница татьяна сорина подвести итог выступление многоднёвка тур ски занять шестой место общий зачёт победитель многоднёвка стать соотечественница наталья непряева немного расстроить один этап подготовка главный старт быть работать далёкий сделать работа ошибка хотеться подиум окончание тур середина потом закончить упокой я получиться гонка наталья помогать чтоб мешать друг друг пытаться контактировать думать надо быстрый стартовать впереди идти соперница просто тормозить пелотон мочь такой задумка чтоб гора убежать прислать гора вместе прошлый год такой сказать сорина эфир матч,3,colloquial,Разговорный
мокнуть добавить восемь новый дисциплина программа олимпиада международный олимпийский комитет мокнуть добавить восемь новый дисциплина программа зимний олимпийский игра год милан кортина ампеццо сообщать мокнуть программа войти соревнование лыжный альпинизм мужской женский спринт смешанный эстафета мужской женский парный могул фристайл женский соревнование прыжок лыжа большой трамплин смешанный командный соревнование скелетон женский сани двойка,3,colloquial,Разговорный
россиянка екатерина александров добиваться пока сам большой успех карьера выход полуфинал турнир wta мадрид,3,colloquial,Разговорный
остаться весь пять день успеть приобрести абонемент сезон максимальный скидка напомнить август включительно мочь купить абонемент старый цена сезон основной дата реализация билетный программа август абонемент цена сезон август абонемент цена сезон цена соответственный домашний матч регулярный чемпионат либо домашний матч плей офф абонемент сезон август cвободный реализация невыкупленный место подробный хктрактор толькочернобелый,3,colloquial,Разговорный
турнир super hot пиу пау попасть яблочко красный человечек объявлять продолжение турнир super hot вход желать рубль репостнуть этот запись рубль правило убить можно большой красный человечек максимально короткий время чем быстрый двигаться быстрый двигаться человечек красный человечек поражать выстрел игра начинаться заново победитель становиться человек поразить красный человечек большой приходить батут парк ангар сентябрь участвовать турнир становиться победитель запись турнир личный сообщение группа через администратор особо заинтересованный предлагать посмотреть видео игра ангар иркутск ангар интересный просто тренироваться иркутск досуг спорт экстрим паркур,3,colloquial,Разговорный
муж попробовать капелька возбуждать чемтый делать сейчас глаз стыдно смотреть сейчас очень рада бежать постель муж восторг небо счастие представлять капелька быть делать вы уверять откладывать потом просто обязать попробовать можно тайна муж покапать тaкий капля,3,colloquial,Разговорный
рассесть уэстбрук продавать дом млн доллар какой мысль обменять,3,colloquial,Разговорный
наш комьюнити появляться большой большой девушка думать стоить развивать женский киберпорт,3,colloquial,Разговорный
друг обещать продолжать знакомить самый яркий автомобильный событие прошедшее выходной подмосковье состояться тематический фестиваль fitment weekend собрать поклонник культура автомобиль совершенно разный марка пообщаться единомышленник посмотреть уникальный проект можно территория яхта клуб адмирал мочь хороший закрытие сезон перенестись атмосфера фестиваль сморить наш оперативный фотоотчёт весь fitment,3,colloquial,Разговорный
уверенно завершать групповой этап первый место теперь небольшой отдых время решающий матч,3,colloquial,Разговорный
рецепт прекрасный вечер друг настолочь заваривать чай доставать любимый игра погружаться атмосфера какой настолочь быть ваш команда создание уютный настроение,3,colloquial,Разговорный
московский политехнический университет запускать магистерский образовательный программа гоночный инжиниринг рамка программа студент заняться разработка внедрение гибридный энергоустановка российский гоночный прототип наставник проект стать спортивный директор роман русин руководитель образовательный программа директор инженерный направление московский политех пабло итурралда роман русин спортивный директор протяжение десять год успешно выступать международный гонка выносливость суметь накопить уникальный экспертиза свой опыт тот число делиться коллега московский политех рад наш сотрудничество переходить новый уровень значит большой студент молодой специалист смочь свой рука потрогать настоящий техника поработать она воплотить свой мечта стать гоночный инженер практика команда послужить должный мотивация программа предусмотреть бюджетный место принять участие конкурс смочь студент диплом бакалавр после окончание iii семестр хороший студент получить возможность пройти практика команда окончание образовательный программа шесть обучаться получить возможность стать член гоночный команда,3,colloquial,Разговорный
весь отличный утро вчера одержать победа сегодня новый игра мы,3,colloquial,Разговорный
сегодня март отмечать день рождение доигровщица волейбольный клуб динамо барс татьяна кадочкин спортсменка исполниться год,3,colloquial,Разговорный
кросби прекрасно праздник настоящий яркий крис летанга забить гол овертайм получиться летанга очко дополнительный время никто история нхл среда защитник набирать результативный балл овертайм большой чем,3,colloquial,Разговорный
toyota наверное один идеальный решение внешний вид,3,colloquial,Разговорный
понять выходной пройти польза повысить лвл,3,colloquial,Разговорный
news lamppost господь божественный наконец показать полностью отряд сердечник армия скват,3,colloquial,Разговорный
приглашать провести громкий день emma россия место проведение тверь площадка трц рубин адрес проведение тверь проспект калинин открыть следующий класс регистрация качество звук класс мультимедиа класс espl класс esql класс emma тюнинг класс сбор судья площадка заезд участник соревнование регистрация участник время который прекращаться допуск регистрация участник этап соревнование брифинг судья брифинг участник начало судейство категория официальный открытие этап ххiii чемпионат россия автозвук тюнинг начало судейство espl судейство категория esql церемония награждение победитель,3,colloquial,Разговорный
mma makamma нурмагомедов стэммена бой выйти очень короткий,3,colloquial,Разговорный
сет дек бокс шейп трак прошка колесо джерси бовлс поменять это чтоб сборка большой,3,colloquial,Разговорный
tata стратегический партнёр формула формула tata объявить возобновление стратегический сотрудничество долгосрочный основа индийский компания возвращаться чемпионат мир качество официальный поставщик телекоммуникационный услуга tata предоставить формула глобальный сеть передача распределение телевизионный сигнал что быть задействовать видео аудиоканал соединять место проведение гран расположить великобритания технологический медиа центр формула доставка сигнал быть занимать маленький миллисекунда позволить транслировать гонка более чем страна мир стефано доменикать президент исполнительный директор формула приветствовать возвращение такой партнёр tata предыдущий период наш сотрудничество успешный последний десятилетие компания внести вклад развитие формула полностью доверять знание опыт технический возможность доверие крепнуть протяжение долгий год сотрудничество процесс который происходить внедрение спорт самый современный технология радовать перспектива совместный рост vettel amr iamf,3,colloquial,Разговорный
артём дзюба обьявить уход зенит право свободный агент,3,colloquial,Разговорный
ждать ваш беговой фоточка публикация присылать комментарий этот пост сейчас свой великолепный бегом делиться участник наш группа наш беговой друг наталия дементьев павлов егоров капитонов шнапс филиппов николаев спасибо ваш бег дорогой друг молодец лёгкий нога позитив новый личный рекорд бегжизнь делисьбегом спорт марафон бег забег забегрф,3,colloquial,Разговорный
women игра хороший пасовать конечно лига нвл фото дмитрий забелин,3,colloquial,Разговорный
сюда попасть сложно вспомнить пять человек оказаться запереть комната полный смертельный ловушка загадка шифр связать друг друг какой преступление привести сюда предстоять разгадать новый игра смертельный материал амнезия внутри сплести элемент квест детектив пытаться выбраться восстановить память событие расследование начинаться тут цена руб,3,colloquial,Разговорный
сейчас такой форма редко кто увидеть наш время заниматься спорт год молодец ким очень мотивировать заниматься физкультура,3,colloquial,Разговорный
смотреть четвёртый день чемпионат европа утро мск семиборье нафи тиам точность повторить результат барьер высота показать процесс установление личный рекорд итог четыре вид чуточку опережать хороший график показать весь четыре человек история очко неплохой шанс интрига борьба золото шанс анук веттереть выступать сильно плохой чем орегон равно должный брать серебро случай ещё больший осечка она мочь подобраться сразу соперница пока очень плотно оспаривать бронза адриана шулек ноор видтс ксения крыжан брать бронза прошлое каролин шафер это замес мочь эмма оостервегель ивон дадич первый упасть через барьер первый вид второй умудриться дважды заступить дорожка старт вечер высота олимпийский чемпион джанмаркий тамбрать бронзовый призёр орегон андрей проценко выглядеть явный фаворит хоть осечка пройти простой квалификация отличный форма нахходиться немец тобиас потья матеуш пржбылко последний защищать титул молотый войчех новицк брать прошлый павел файдек позапрошлый наверняка стать двукратный чемпион европа файдек большой шанс недавно уверенно выиграть пятый чемпионат мир подряд сильный место теоретически этот дуэль мочь вмешаться элвинд хенриксен квентин биго бенс халаш михайло кохан длина малайка михамбо марина бех романчук такой топ прошлый прошлый позавчерашний квалификация вряд малайка позволить себя проиграть домашний чемпионат являться главный рекламный лицо марина свойственный нестабильность минимум иван вулёт должный навязать борьба здесь интрига тот насколько уверенно якоб ингебригтсный защитить золотой дубль делать ещё год находиться далеко свой будущий рекорд европа сейчас вряд сильно напрячься напрячь постараться три испанец три британец уверенно выиграть полуфинал михал розмуса ясмина джан эйлиш макколган констанца клостерхалфный войти топ десятка причём джан оторваться секунда второй место клостерхалфный пятый здесь этот троица наверняка разбавить лидер европейский сезон каролина гровдаль побить рекорд норвегия осло вполне вероятно сняться десятка именно ради победа пятёрка джан быть очень сложно бороться ещё стоить отметить талантливый итальянка надя баттоклетти стать седьмой олимпиада развязка семиборье расписание стартлист результат трансляция тут приятный просмотр,3,colloquial,Разговорный
французский марк час bovet поздравить даниил восхождение строчка рейтинг atp,3,colloquial,Разговорный
motogp пит байер ktm думать уход motogp после уход чемпионат мир motogp заводский команда запланировать конец сезон год возникать вопрос мочь процедура иметь сигнальный эффект заставить ситуация задуматься другой производитель уход хотя yamaha ktm иметь подписать пятилетний контракт конец год директор ktm motorsport пит байер надеяться после один другой производитель сняться чемпионат мир motogp конечно мочь говорить другой команда мочь подтвердить ktm благодаря участие motogp получить огромный отклик весь мир motogp дать огромный позитивный энергия рада такой профессиональный партнёр dorna гонка motogp теперь блестяще транслироваться гостиный наш болельщик привлекательный телевизионный картинка знать какой либо обсуждение другой производитель уход ktm,3,colloquial,Разговорный
начинать очередной рабочий выходной pari суперлига предлагать представлять состав матч именно такой образ,3,colloquial,Разговорный
последний время лениво выходить утренний пробежка приходиться переступать через себя засовывать хотеть жопа выходить пробежка самый сложный одеться выйти улица далёкий масло бёжиться легко самочувствие отличный выход дом проблема нибыть сталкиваться подобный борьба один такой ленивец любить зима мечтать переехать тёплый край возможно совсем скоро мой мечта осуществиться утро я быть будить чайка кричать пссс парень вставать сегодня отличный день начать свой тренировка возле море закончить гора весь бег делисьбегом бег спорт забег всембег бегануть,3,colloquial,Разговорный
погнать ночной тусовка ночной тусовка место энергия каждый желать мочь следовать оторваться батут круг друг послушать топовый музыка выиграть множество приз тусовка пройти октябрь база батут парк ангар цена вход человек рубль девушка скидка предварительный запись запись телефон сообщение группа участник прошлый ночной тусовка получать скидка чёкнуть наш предыдущий пост разыгрывать бесплатный билет туса количество место ограничить,3,colloquial,Разговорный
men награждение победитель номинация хороший игрок команда стать алексей маковкина nos получить приз билет музей николай рерих поздравлять подробный музей сайт фото елена павлов,3,colloquial,Разговорный
слово инсайдер the сэм эмик хьюстон готовый расстаться некоторый игрок перед дедлайн надежда обрести новый лидер команда ходить много слух тот рокетс ещё более открыть обмен чем возможно думать слово руководитель один клуб хьюстон ещё находиться поиск игрок достойный стать лицо клуб готовый рассмотреть возможный вариант считаться джейлен грин быть играть важный роль клуб будущее менее место харден оставаться вакантный писать эмик,3,colloquial,Разговорный
арена роль северный каролина сша восток раунд кубок стэнли матч мск каролина рейнджерс,3,colloquial,Разговорный
хотеть пожелать весь хотеть такой улыбашка такой малыш анон,3,colloquial,Разговорный
будто вчера серебряный финиш наталья непряева,3,colloquial,Разговорный
согласный ваш мнение коммент бег забег бегун марафон,3,colloquial,Разговорный
дарья домрачев высказаться уровень организация олимпиада пекин четырёхкратный олимпийский чемпионка бывший белорусский биатлонистка дарья домрачев оценить организация прошедшее зимний олимпийский игра пекин китай напомнить перед старт игра девять страна глава сша объявить олимпиада дипломатический бойкот политика кнр отношение уйгур нарушать право человек казаться игра быть провести высокий уровень более учитывать ситуация который находиться мир ситуация пандемия мой взгляд наверное китай справиться такой задача думать большинство выступать здесь спортсмен сопровождать лицо вернуться домой позитивный впечатление сказать домрачев инстаграм федерация биатлон беларусь,3,colloquial,Разговорный
описать весь осенний гамма гора описать весь полнота цветовой оттенок звук природный явление весь эмоциональный картина мочь передать особый сочетание нота отражать спокойный проникновенный задумчивость природа автор фотография безенгийский октябрь год,3,colloquial,Разговорный
весь привет поиск ротор один датчик адекватный ценник переводить кувалда один датчик какой подводный камень переделка заказать мозг подойти вычитать вроде овощ взять кос проводок тот мота слово продовца полносить весь ровный дорога незаметный зима,3,colloquial,Разговорный
смотреть вчерашний фоточка александр лукин предвкушать холодный нескучный финальный день betboom кубок россия водный стадион москва,3,colloquial,Разговорный
продажа появиться долгожданный дополнение карточный ужас аркхэма комикс мрачный гавань война внешний бог самостоятельный сценарий можно разыграть эпический совместный режим несколько группа сыщик сюжет повествовать большой конфликт три культ способный потрясти мир желать призвать земля свой древний каждый убитый враг приближаться этот цель смочь выжить поле этот потусторонний битва падение лев комикс про герой легендарный отряд челюсть лев знакомый весь поклонник мрачный гавань история рассказать сложный задание лорд седогрива оказаться зуб матёрый приключенец впрочем этот история хороший рассказать сам новинка ужасаркхэмакарточнаяигра,3,colloquial,Разговорный
результат гран великобритания moto удача любить подготовить итальянец деннис фоджиа leopard стабильно провести гонка одержать победа гран великобритания moto результат,3,colloquial,Разговорный
обзорыгранить предлагать просмотр летсплей игра письмо призрак стать издать благодаря граникон канал провести партия этот увлекательный детективный игра дедукция блеф ассоциативный мышление добро пожаловать сайдвуд тихий умиротворённый город недавний время полиция сбиться нога попытка разгадать загадочный убийство тут вмешаться потусторонний сила один игрок стать призрак жертва быть помогать детектив раскрыть дело,3,colloquial,Разговорный
спеидти фора серёга лысый буряк разбор бой парнишка ник стэн против бугай цель бой доказать превосходство прикладной техника спортивный легковес прикладник тяжеловес спортсмен условие бой быть такой противник тяжеловес выше голова тяжёлый противник лох опытный боец спортсмен примерно равный возраст бой правило оружие бой полный контакт протектор бинт перчатка кроме использование кап бой улица обычный одежда обувь ограничение время пространство раунд видно удар наноситься быстро сильно правило тяжеловес пытаться бить пахнуть стэн подковать тема грязный приём тяж смочь вырубить нога пахнуть один момент стэн духовитый пойти бугай понравиться большой весь сила дух самый главное драка атака спортсмен быть слишком успешный благодаря возможность свободно маневрировать поздний стэн смочь нанести точный удар палец глаз спортсмен это бой закончиться увидеть лысый думать попробовать повторить такой бой очковать,3,colloquial,Разговорный
ехать третий этап дрифт июль,3,colloquial,Разговорный
бег хребет бег спорт зож бегвгор легкаяатлетик,3,colloquial,Разговорный
motogp маркес физически я просто скорость вчера катар увидеть классический марк маркес перед мы предстать предельно сосредоточить гонщик стараться допустить непоправимый ошибка награда он первый гран сезон стать пятый место необычный результат восьмикратный чемпион мир марк хорошо стартовать затем стараться отставать свой напарник команда поле эспаргаро атаковать биндёр бастианинить сразу стать ясно ответить соперник обычный он дерзость должный сказать гонка я возникнуть никакой проблема счастливый чувствовать себя нормально физический план конечно конец гонка устать перед гонка более оптимистичный касательно результат надеяться более медленный темп гонка итог четыре гонщик сегодня быть быстрый темп невероятный я такой скорость уверенность передок знать это ещё начало гран стараться выкладываться понять способный больший решить пятый место нормально провести солидный гонка пусть самый хороший новый другой философия правда каждый выезд трек открывать себя новый мотоцикл здесь мало работать настройка мотоцикл просто сконцентрироваться траектория управление байк мотоцикл сильно измениться он большой потенциал конкретно этот трасса часто испытывать трудность быть другой более благоприятный трасса мандалик рио ондо остин сегодня хотеть закончить гонка после авария время разминка предпочесть рисковать,3,colloquial,Разговорный
даниил медведев оценить игра роман сафиуллин который выступать пара атр сегодня роман играть просто потрясающе наблюдать матч раздевалка волноваться страшно знать друг друг год юниор сафиуллин демонстрировать шикарный игра затем очень повезти травма быть невероятно рад россия появиться ещё один игрок высокий уровень цитировать медведев,3,colloquial,Разговорный
результат онлайн жеребьёвка тур регулярный соревнование команда фиеста смд spectrum прогресс датка women олимп men команда bro neon градус олимп веста градус men команда ран karthago экипаж орда градус zena альянс энерго men результат жеребьёвка являться рекомендовать согласие три команда группа жеребьёвка мочь проводиться офлайн турнир либо команда сам мочь договориться последовательность матч турнир nvl волейбол,3,colloquial,Разговорный
дорогой любитель бег много беговой награда присылать коммент опубликовать бег легкаяатлетик забег зож sport награда медаль,3,colloquial,Разговорный
видеть красота весь один уникальный качество сгибатель стать,3,colloquial,Разговорный
яркий разнообразный пришелец космический контакт нарисовать художница фелиция кано какой раса обычно играть художникинастольныхигра космическийконтакт настольныйфэшн,3,colloquial,Разговорный
четвёртый ракетка мир арин соболенко беларусь оказаться сильный теннисистка рейтинг wta бьянка андрееска канада второй раунд турнир штутгарт,3,colloquial,Разговорный
реальный бот находить интимный фотка любой девушка общий база инст,3,colloquial,Разговорный
news lamppost aos прийти время поговорить аоса тот какой крыса это пост быть лежать два статья первый рассказывать самый бэков правило скавеновый существующий правило второй просто напоминать тот некствика лежать пара вангвард который решить рассказать отдельный статья начало год сидеть ждать комбат патруль генокульт,3,colloquial,Разговорный
аркадий петрович показывать правильно делать бернаут веста,3,colloquial,Разговорный
уралочка нтмк вырвать победа локомотив четвёртый матч финал чемпион россия определиться калининград волейбольный команда уралочка нтмк суметь сравнять счёт финальный серия чемпионат россия команда михаил карполь невероятный напряжение матч сломить сопротивление локомотив четвёртый игра серия подробный,3,colloquial,Разговорный
здравствуйте опубликовать пожалуйста удар рука нога кекушина,3,colloquial,Разговорный
авангард представить новый форма предстоящий сезон кхл обновить джерси ястреб,3,colloquial,Разговорный
сегодня отличный матч юта овертайм треха вуд сирена чуть чуть хватить,3,colloquial,Разговорный
ссылка заказ goalie motya ball мяч вратарь уровень подготовка мяч высоко отскакивать удобно лежать рука водонепроницаемый износостойкий использоваться тренировка реакция ловкость зрительно моторный координация внимание мяч можно использовать качество нейротренажёр,3,colloquial,Разговорный
шоу честь юбилей татьяна тарасов sveta,3,colloquial,Разговорный
утверждать добро всегда побеждать зло терпение сильный самурайский меч виктор цой,3,colloquial,Разговорный
серхио перес сегодня удаться найти ритм отчасти связать погода отчасти небольшой проблема задний антикрыло прийтись какой время вернуться бокс решить проблема сегодня удаться показать хороший время погода особенно быстрый круг шина soft второй тренировка поскольку тот момент трасса стать достаточно влажный мокрый поворот сразу терять баланс такой условие сложно что научиться проанализировать собрать информация считать мочь конкурентоспособный это нужно сделать правильно квалификация гонка этот трасса всегда приятно пилотировать ждать продолжение уик энд perez,3,colloquial,Разговорный
сегодня день рождение отмечать великолепный валентина шевченко,3,colloquial,Разговорный
очередной комплекс кроссфита проверка прочность необходимо выполнить упражнение отдых каждый течение минута максимум минута строгий подтягивание минута приседание выпрыгивание минута строгий отжимания после приседание выпрыгивание неплохо просесть функционалка добить комплекс мой сумма считать первый раз неплохо уверенный перебить результат выполнить повторно беречь себя свой близкий друг,3,colloquial,Разговорный
грин четыре матч после травма матч быть проиграть,3,colloquial,Разговорный
подсказать можно посмотреть прогноз смотреть после окончание матч некоторый лига показывать показатель сайт,3,colloquial,Разговорный
стать известный цена выход motogp выгода завод завершение программа участие чемпионат мир motogp иметь смысл поскольку технология разрабатываться вряд смочь дойти потребитель эра двс подходить конец считать хамамацу переплачивать,3,colloquial,Разговорный
август печальный дата история донской туризм день год поблизости вершина гестол центральный кавказ разряд молния поразить группа валентина гайдучек мемориальный доска баран кош фотография андрей маркович иванов год,3,colloquial,Разговорный
командный чемпионат россия спидвейкчр башкирия октябрьский мег лада тольятти начало мск местн время предварительный состав команда башкирия марат гатият александр богомолов никита зубарев рустам мухтар владимир богма павел нагибина денис гизатуллин мег лада евгений сайдуллин даниил визгирда ренат гафур евгений антип сем зуев иван беляев роман лахбаум информация oktspeedway октябрьский спидвеять,3,colloquial,Разговорный
добрый утро весь любить гонка рассказывать комментарий свой впечатление прошедшее уик энд nascar,3,colloquial,Разговорный
господин добрый день подсказать пожалуйста размер передний баллон вставать стоковый колесо доработка крепление передний крыло стоковый понять ставить плюс минус такой резина интересовать смысл вообще запариваться можно просто воткнуть сток,3,colloquial,Разговорный
идеальный подарок любой событие порадовать свой близкий подробный,3,colloquial,Разговорный
добрый вечер разместить пожалуйста идеальный трасса уникальный природа радушный приём ждать лыжник архангельск,3,colloquial,Разговорный
весь привет представлять ваш внимание новый экспериментальный рубрика скутербилд интервью год начаться совсем недавно обещать очень непростой самокат сообщество индустрия объединиться смочь выстоять продолжить развивать наш общий любимый дело связь это прийти время познакомиться познакомить новый персонаж отечественный самокат сцена вне наш команда первый который стать андрей нафеев андрей собрать обалденный кастома московский магазин красносельский следовать пообщаться самый разный тема понравиться подобный формат понравиться получиться самокат кто ещё следовать пригласить наш магазин сборка беседа поделиться свой мнение комментарий,3,colloquial,Разговорный
анхель корреа нужно опасаться криштиану роналда доставлять проблема,3,colloquial,Разговорный
большой пополнение bmx запчасть доставка россия переходить дом bmx райдер заказывать ассортимент,3,colloquial,Разговорный
warhammer валрак опять самый день день повторение пережёвывание старый слух про примарх редакция информация следующий слух сам хороший источник доверять ask why это сам слух больший часть повторять этот информация итак стартер редакция это слух подтверждаться блада против тиранид размер примерно индомитус быть тематичный коробка битва баала точнее осада опустошение баала событие это сам космодесантник быть просто покрасить красный сам скульпт быть дефолтный тип серия герой космодесант быть представить классика вид вариант терминатор бладовый обновить генокрад тиранид несмотря красный десантник стартер масштабный примариса обновление храмовник получить таки тёмный ангел лев азраил остальной юнит дарк очередь релиз чем неоднократно жевать пережевать сам писать возвращение лев самый простой логичный ничто противоречащий вариант развитие событие который можно потенциально выжать максимум новый событие далее кодекс скват имперский гвардия планироваться после кодекс демон быть первый кодекс который быть некий экспериментальный деталь редакция он некий информация продолжение пластиковый набор ересь рассказать это отдельный видео общий ничего новый толком просто подтверждение уточнение старый слух,3,colloquial,Разговорный
олесяусов металлург трактор первый победа трактор это межсезонье гарип один хороший матч команда учёт прошлое сезон хохряков первый гол трактор исаев таки уметь делать пас синий линия связка действие бывалец дважды организовать голый калинин второй гол потапов межсезонье помочь ещё мощный выстрел блажиевский ведущий звено тертышный хохряков бурдас мочь проявить себя гол последний секунда матч будто привет минувший плей офф,3,colloquial,Разговорный
ольга смородский поделиться мнение будущее нападать фиорентина александр кокорин,3,colloquial,Разговорный
уважаемый райдер наш команда team совместно furia команда видеоограф сообщать тот пятница организовывать quest the street быть киллстрит определённый квест место быть останавливаться итак место встреча москоу сити заряжать мопед,3,colloquial,Разговорный
бывать время тяжело надо просто преодолеть время характер,3,colloquial,Разговорный
себастьян феттель объявить отставка себастьян феттель решить покинуть команда aston формула после окончание сезон год себастьян феттель последний год посчастливиться работать многий фантастический человек формула слишком много упомянуть поблагодарить каждый последний два год пилот команда aston хотя наш результат быть хороший надеяться сейчас создаваться необходимый будущее команда мочь выступать сам высокий уровень очень понравиться работать этот замечательный человек лоуренс лэнс мартин майк старший менеджер инженер механика остальной член команда амбициозный способный опытный предать дружелюбный человек желать весь хороший надеяться мой работа прошлый это год оказаться полезный развитие команда будущее смочь побеждать последний десять гонка прежде быть полный сила работать польза команда решение уйти отставка даться нелегко много думать это конец год взять ещё немного время подумать чем заняться далёкий совершенно ясно хотеть проводить большой время свой семья сегодня речь прощание скорее речь тот сказать спасибо весь последний очередь болельщик страстный поддержка который формула мочь существовать лоуренс стролл председатель совет директор хотеть весь сердце поблагодарить себастьян огромный работа который проделать наш команда последний полтора год дать понять хотеть продолжать работать мы следующий год итог поступить считать нужный себя свой семья уважать решение себастьян провести несколько фантастический гонка кулиса опыт знание наш быть очень важный инженер один великий гонщик формула время честь работать продолжить выступать гран абу даби год включительно провести гран устроить потрясать проводы майк крак руководитель команда себастьян превосходный гонщик быстрый умный способный мыслить стратегически быть хватать этот качество многое он научиться знание быть приносить польза наш команда ещё долгий время после уход команда aston большой проект неограниченный потенциал работа который себастьян проделать прошлый год продолжать делать это иметь решающий значение стать полностью конкурентоспособный стать один архитектор это успех быть себастьян благодарный,3,colloquial,Разговорный
анчелотти удaчный вернуться реал последний сезон один тренер набрать стoлько очко сколько вальверде,3,colloquial,Разговорный
чем жить стихия ветер рассказать звук легко пространство струна находить рука шаткий мост бездна цель подниматься выше неспроста качание чтоб неземной слышать чтоб язык небесный вольный потечь вено шаг грань чудо произойти мгновенно живой нежный граница будто сам исчезнуть ты видеть небо птица вкусить бездна плавно легко сразу берег забыть ворваться поток экстаз происходить мы большинство тяжело описать наш любимый гостья всегда найтись прекрасный слово,3,colloquial,Разговорный
бесконечно можно смотреть гореть огонь течь вода считать деньга бесконечный розыгрыш пляжный волейбол милость просить,3,colloquial,Разговорный
заценить пробежаться хороший место планета паркур первый лицо прежде чем встать кровать весь зарядить день,3,colloquial,Разговорный
армейский клуб покинуть тренер дмитрий быков тренер вратарь алексей жигарев тренер физподготовка виктор петров,3,colloquial,Разговорный
победа бабиков буртасова смешанка наш гимн минута вновь настать флаг торжественный подъём главный место пьедестал непобеждённый наш тандем антон евгений спасибо отстоять честь страна прекрасный красивый биатлон вновь нужный сломать непогода испугать сигнал флажок мастерски сражаться оба результат таковой ещё сказать спасибо швед благородство раз контакт нелепый вроде неприятность герой эстафета болельщик салют пусть вперёд удача светить победа новый ждать автор сайт русбиатлон захаров александр иванович задать вопрос автор поблагодарить можно сайт ссылка ниже биатлон,3,colloquial,Разговорный
приветствовать написать знать номерок оригинальный манифольд движок одинаковый полносильный знать,3,colloquial,Разговорный
увидеться завтра стрим титульный вторник мск подписчик клуб вступать клуб ссылка,3,colloquial,Разговорный
школа шахматы разбирать шахматный партия венгерский шахматист андраш адорьяный шахматный партия джон нанна андраш адорьяный шахматный партия дьюла сакс андраш адорьяный рассматривать партия андраш делать ставка интересный дебют чёрный защита пирец уфимцев современный защита развивать свой чернопольный слон жертвовать материал фигура качество ради захват инициатива,3,colloquial,Разговорный
rzd официальный тизер большой фильм презентация главное фильм состояться традицонный мероприятие завтрак друг середина октябрь год пребыть вы сила друг never,3,colloquial,Разговорный
вероника кудерметов дарья касаткин выбрать мальдивы свой отпуск,3,colloquial,Разговорный
кто быть дельфин гэджи победить оливейру,3,colloquial,Разговорный
мегакрутой зрелищный разборка быть участвовать ххх ххх получать эпичный схватка боевой маг крутагидон просить ххх связаться мы через сообщение сообщество скриншот программа рандомайзер выложить комментарий впереди ещё подарок подробность пост хххха весь удача конкурс год,3,colloquial,Разговорный
приветствовать коллега играть прошедший неделя понедельник регулярный рубрика вочтоиграютавтор она предлагать поделиться сыгранный прошедший неделя хотеть взглянуть издать настольный игра глаз геймдизайнер удаться познакомиться чем новый какой механика запомниться большой весь делиться обсуждать гильдияразработчиковнастольныхигра,3,colloquial,Разговорный
рональд араухо хотеть продолжить карьера барселона барселона улучшить предложение хотя оно далеко предложение некоторый английский клуб араухо предпочитать остаться клуб дать шанс зарекомендовать себя существовать оптимизм отношение продление контракт араухо год этот неделя достигнуть прогресс оба сторона надеяться закрыть вопрос близкий день следующий неделя состояться ещё один встреча который вопрос продление быть окончательно закрытый news,3,colloquial,Разговорный
говориться уступить элемент самый результативный наш команда назар литвиненко очко самый результативный матч егор клюка санкт петербург очко,3,colloquial,Разговорный
витька обыгрывать выходить стадия легенда абдул команда покидать мейджор,3,colloquial,Разговорный
лицо фановый аутсайдерс быть тимспик рио,3,colloquial,Разговорный
нападать джеймс нил подписать просмотровый контракт коламбус,3,colloquial,Разговорный
лцт москва переслать мотор торковыя трассерка хоп доработать проводка нозлый shs шимминг выхлоп,3,colloquial,Разговорный
трактор презентовать команда новый сезон встретиться свой болельщик,3,colloquial,Разговорный
хотеть стать мастер гроссмейстер приглашать онлайн лекция шахматист разряд кто подходить тот застрять место хотеть быстрый рост вместе тренер сборная страна получить занятие концентрат мощный шахматный теория практика возможность задавать вопрос хороший тренер гроссмейстер фаррух амонатов видео запись каждый занятие рост уровень игра рейтинг нужно программа zoom минута внимание встречаться мск самый быстрый занять место регистрироваться здесь,3,colloquial,Разговорный
никита кацалаповый сделать пекин сегодня высыпаться вперёд сегодня кстати новый год китай,3,colloquial,Разговорный
андрей рублёв рассказать какой цель ставить сезон никакой цель любить ставить себя задача точка зрение результат намереваться выиграть турнир я получаться это ничего страшный мочь побеждать каждый неделя юниор что хотеть получаться наоборот стать играть естественно задумываться результат прислать приводить слово рублёв,3,colloquial,Разговорный
приветствовать очень нужный фото номер реле схема ниже starter старый схема выпуск рассмотреть приобретение дать реле мочь информация чем заменить весь добро,3,colloquial,Разговорный
английский журналист телеведущий пирс морган сказать сразу после прокат камил,3,colloquial,Разговорный
приисковый приисковый сезон ребята открыть новый,3,colloquial,Разговорный
случиться верить себя верить жизнь верить завтрашний день верить делать всегда,3,colloquial,Разговорный
дорогой любитель бег продолжать наш зимний бегов челлендж делисьснег участие присылать зимний снегобегов контент комментарий этот пост опубликовать ваш бег близкий время активный ссылка ваш страничка сейчас наш беговой друг участник наш группа делиться свой великолепный зимний бегом ростислав панюков юркин иванов шалыгин шутов тарабрин балабаев смирнов спасибо дорогой беговой друг наступить праздник лёгкий нога отличный бегомотивация год спорт бег бегзимой зимнийбег бегвмороз бегвхолод,3,colloquial,Разговорный
лидер набрать очки стать нападать олег ломако оформить хет трик максимальный показатель полезность заработать форвард роман опалевый лидер число бросок створ нападать илья авраменко больший игровой время получить защитник кирилл маслов нападать олег ломако вратарь владислав сухачёв отразить бросок,3,colloquial,Разговорный
сборная россия завоевать серебро женский эстафета этап кубок мир биатлон антхолец источник видео,3,colloquial,Разговорный
кроссовок баскетбольный магазин ghetto basket shop консультация стрельский,3,colloquial,Разговорный
лавина мотоэкипировка цунами скидка последний шанс купить экипировка снизить цена остаться весь три день самый выгодный цена любимый бренд стать доступный упускать возможность обновить экипировка сезон напоминать лиговский можно получить скидка промокод весна наш сайт интернет магазин оформить заказ телефон мотоэкипировка байкер защита мотошлем шлем мотоцикл,3,colloquial,Разговорный
андрей кузьменко сделать хет трик двусторонка сборная состав пока видеть сегодня сборная россия провести двусторонний матч длиться три период минута команда красный победить белый счёт андрей кузьменко играть тройка александр кадейкин владимир ткачёв сделать хет трик кадейкин отметиться два голевой передача сообщать обозреватель матч павел лысенковы потом команда играть овертайм кузьменко отдать голевой передача ткачёв напомнить второй бомбардир кхл андрей кузьменко попасть основной состав сборная россия остаться число запасный кадейкин вчера последний момент ткачёв заменить артём анисимов основное состав фхр,3,colloquial,Разговорный
солнечный майский погода вовсе повод откладывать просмотр фильм сериал okko зарегистрироваться уникальный промокод получить день подписка оптимум весь руб ссылка активация преимущество доступно качество изображение возможность скачивать контент смотреть доступ интернет доступный фильм оригинальный звуковой дорожка язык оригинал субтитр акция доступный клиент ранее совершать покупка сервис сайт мобильный версия сайт весь россия,3,colloquial,Разговорный
пора отдохнуть продолжить волейбольный баталия завтра поддержать сообщество сайт волейбольный чат вконтакте канал клуб спонсор сообщество волейбол пляжныйволейбол пляжка новостиволейбол держимячвигра волейболсми первоисточник мужской волейбольный суперлига,3,colloquial,Разговорный
первенство россия казань июль свердловский область два призёр метр серебро алексей ломакин бронза семя ионов,3,colloquial,Разговорный
нба представить подборка хороший данков звёздный игрок селтикс джейсон тейтум джейлен браун тейтум минувший сезон набирать очко подбор передача среднее игра средний показатель браун очко подбор передача,3,colloquial,Разговорный
заниматься бегом вместе бег марафон забег пробежка,3,colloquial,Разговорный
нхл обновить логотип плей офф старый дизайн использоваться год стать,3,colloquial,Разговорный
статистика сегодняшний матч сильно уступить приём подача вчистую проиграть атака блок самый результативный наш команда денис кочнеть очко самый результативный матч никита кулешов динамо очко,3,colloquial,Разговорный
себастьян беседовать skygermany после гонка видеть борьба вы мик трасса сам начало стать немного напрячь мочь рассказать ваш сторона себ дать достаточно пространство воспользоваться момент чувствовать себя очень комфортно машина потерять много время пит стопа должный быть сам начало должный быть намного далёкий сегодня пойти наш сценарий другой остановка появиться синий флаг именно получить секунда штраф видеть флаг знать освободить место себ очевидный знать три поворот быстрый знать кто вообще получить штраф казаться странный принятие решение штраф требоваться половина гонка думать повод снова поднять вопрос перед стюард себ видеть это смысл ничего выиграть это никто ничего стоить нормально потерять немного время обгонять кто три пять поворот потом очень честно уйти сторона место терять время оба обогнать я мочь немного здравый смысл неплохо неважно vettel,3,colloquial,Разговорный
день семь год назад год наш команда одержать яркий победа океан экипаж роман русиновый сэм берда жюльен каналя оказаться хороший американский этап чемпионат мир гонка выносливость техасский остин класс lmp итог шесть час борьба финишировать пятый абсолютный зачёт марафон уступить заводский команда lmp успех приблизить титул fia wec завоевать итог тот сезон успех наш команда штат одинокий звезда дополнить второй экипаж густаво якаман пипо дерань рикардо гонсалес завоевать бронза,3,colloquial,Разговорный
машина трицепс веннинга убийственный вещь делать ваш рука очень сильный,3,colloquial,Разговорный
ещё мочь означать жест судья более общаться бежать игрок капитанский повязка,3,colloquial,Разговорный
кирза уникальный объект первый находиться черта город минута пешком метро второй простой подъём отличный вид крыша третий единственный объект можно прыгнуть тандем вдвоём друг подруга четвёртый он можно прыгнуть солдатик лицо вперёд спина доска прыгать воскресение запись тут,3,colloquial,Разговорный
древний порог ужас аркхэма мир игра предзаказ страница это артбука найти портрет легендарный сыщик сцена сражение легендарный монстр интерьер ландшафт локация вселенная лавкрафт информация весь это раскрыть новый тайна это страшный прекрасный мир рассылка участник кампания начаться следующий неделя новинка ужасаркхэм,3,colloquial,Разговорный
смотреть квалификация гран нидерланды ссылка группа трансляция формула голос наш комментатор формула автоспорт граница инди автоспорт формула,3,colloquial,Разговорный
инсайд мариуполь более солдат всу тероборона волонтёр представитель азов попасть плен армия днр цифра точно называться неутешительный азов украинский армия сейчас стать известно плен попасть атошница юлия паевскай воевать донбасс год,3,colloquial,Разговорный
ещё один расцветка lebron думать этот модель,3,colloquial,Разговорный
такой красивый момент любим либеро урал владимир шишкин добыть очко команда свой игра защита большой крутой момент тур суперлига,3,colloquial,Разговорный
болид испытывать проблема нынешний пилот именно эффект галопирование решение крыться использование умный активный подвеска сложный решение многий нравиться злой ирония судьба отмена привести смерть айртон сенный имола,3,colloquial,Разговорный
бегать ещё бегать много давно бегать хотеть бегать нужно знать бег бегать быстро правильно польза здоровье настенный календарь вместо множество книга один красочный настенный календарь начинать бегать хотеть начать календарь незаменимый инструкция разобраться основа научиться бегать бегун опыт календарь помочь дополнить структурировать ваш знание умный календарь бег нужно знать бег инфографик инфографик формат самый важный тема связанный бегом заказать озон забыть промокод скидка smrtrdngvk действовать ноябрь,3,colloquial,Разговорный
лицо роналда fifa переходить лицо роналда fifa,3,colloquial,Разговорный
поиграть сам организовать игротека добавить мероприятие афиша через форма оно попасть последующий анонс игротека,3,colloquial,Разговорный
спортбайка voge официально представить выставка чунцин ежегодный осенний выставка флагман китайский промышленность чунцин мотоциклетный бренд voge представить ряд серийный новинка скорый время появиться российский рынок два спортбайка электроскутер real,3,colloquial,Разговорный
этап гран россия аннабель морозов дэвид нарижный фото михаил шаров,3,colloquial,Разговорный
прыгать кайф долго боль прыгать долго многие год хоть сам старость боль дискомфорт многие атлет почти задаваться подобный вопрос ответ очень мало находить искать знать короче томить долго быть поехать лайк ставить читать конец хотеть разом закрыть вопрос касательно развитие вертикальный прыжок хотеть достигнуть высота лоб баскетбольный кольцо легко кайф безопасно это сохранить год свой жизнь десятка здоровье тысяча рубль просто заказывать индивидуальный тренировочный план обучать курс прямо тут прыгать долго безопасно боль нужно грамотно мягко приземляться внимательно посмотреть видео запомнить написать основной момент комментарий посмотреть твой внимательность один следующий пост рассказать про тонкость нюанс,3,colloquial,Разговорный
отвлечься текущий событие окунуться атмосфера крупный турнир это лето самара open комуса фест,3,colloquial,Разговорный
награждение место команда kraft получить приз подарочный сертификат интеллектуальный битва квиза мозгобойня поздравлять почётный первый подробный фото елена павлов,3,colloquial,Разговорный
тренер team дэнни соренсный рассказать форма команда прокомментировать результат blast наставник пообщаться журналист после поражение финал,3,colloquial,Разговорный
крис джерико мочь расстаться волос вполне возможно крис джерико совсем скоро представить новый причёска точнее отсутствие прошедшее джерико назначить матч пройти через два неделя который кон быть причёска противник крис стать экс товарищ группировка ортис залысина джерико стать заметный достаточно давно прошедшее некоторый кадр выглядеть ещё более очевидный джерико раз охотно проигрывать матч вроде позорный условие себя aew ранний матч пройти тематический шоу road rager июнь новость aew,3,colloquial,Разговорный
реклама играть побеждать общий призовой фонд серия турнир тенг формат проведение финал регистрация турнир год участие турнир допускаться страна снг призовой фонд тенг распределение призовой фонд место тенг место тенг место тенг регистрация турнир переходить ссылка подписываться группа пропустить анонс турнир,3,colloquial,Разговорный
сегодня комментировать пилотаж гонщик smp трасса нижний новгород быть сам дмитрий губерний самый известный комментатор страна провести канал матч прямой трансляция гонка класс туринг супер продакшн тот сам стартовать егор оруджевый кирилл ладыгин ир сидоркова ждать дмитрий яркий эмоция новый запоминаться эпитет конечно поздравление адрес наш гонщик чей хороший результат сегодня очень рассчитывать российскаясериякольцевыхгонка русскиегонка егороруджевый иринасидорков кириллладыгин,3,colloquial,Разговорный
символический сборная лига перед перерыв чемпионат мир,3,colloquial,Разговорный
вольво продолжать троллить нанять российский статсмена leamare англоязычный студия освещение the,3,colloquial,Разговорный
каспер рууд поделиться ожидание встреча россиянин карен хачановой полуфинал open большой шанс победа быть тот быть агрессивный бить форхенд заставлять оппонент бегать карен несколько похожий хоть немного крупный любить подавать бить справа приводить слово рууд,3,colloquial,Разговорный
альваро баутист сравнить motogp супербайк сегодня мото гран год назад бывший пилот motogp планировать совершить вояж затем вернуться паддок гран альваро баутист заявить перестать понимать современный тенденция больший приз нынешний чемпионат впечатлять,3,colloquial,Разговорный
видеоправило идеальный кадр необычный игра глазомер память комбинаторика который предстоять стать светский фотограф расположить гость аристократический вечеринка соответствие многочисленный противоречащий друг друг предпочтение каждый ход быть узнавать чуть большой тот хотеть встать капризный гость создание идеальный ракурс необходимо максимально полно воплотить пожелание увы учесть интерес получиться чей удобство прийтись пожертвовать победитель стать смочь свести минимум подобный потеря узнать игровой процесс большой подробный ролик купить игра можно ссылка идеальныйкадр,3,colloquial,Разговорный
итог тренировочный день мандалик разгатлиогла пытаться перехватить инициатива индонезия завершиться тренировочный день предпоследний этап здесь альваро баутист мочь стать чемпион мир досрочно топрак разгатлиогла активно пытаться этот воспрепятствовать тот пройти пятница читать это обзор,3,colloquial,Разговорный
зенит суперкубок гендиректор спартак суперкубок россия питер лужники понравиться гендиректор спартак хотеть матч суперкубок россия проходить петербург суперкубок спартак вчера выиграть бетсити кубок россия побороться зенит выиграть рпл матч запланировать июль хотеть увидеть матч суперкубок питер лужники понравиться неплохо постоянно играть что стадион простаивать сказать евгений мележиков,3,colloquial,Разговорный
способность настолько хороший ценный каждый скиллпоинт он теперь целый два новый ультимейт оба крутой новый скипетр даззло имб квадрат куба игра он почти доходить,3,colloquial,Разговорный
сказать допускать спортсмен смочь поступить,3,colloquial,Разговорный
рафаэль надаль отреагировать сыграть пара швейцарец роджер федерер кубок лэйвера честь настоящий удовольствие написать надаль соцсеть,3,colloquial,Разговорный
тим цзю зарядить чемпионство супертяж непобеждённый австралийский боксёр первый среднее вес тим цзю заявить намерение завоевать титул чемпион супертяжёлый дивизион головкин следующий весовой категория канесть альварес второй среднее затем мочь перейти супертяжёлый вес шутка рой джонс перейти среднее вес тяжёлый первый среднее тяжёлый ещё переходить мой постоянный цель создание уйти год мой первый цель конечно титул абсолютный чемпион после это мой разум унести я другой место здесь создавать история создавать особый момент весь спорт момент бокс сказать цзю следующий бой тим цзю провести январь против абсолютный чемпион мир первый среднее вес джермелла чарло,3,colloquial,Разговорный
уровень зелёный пояс происходить первый выделение инструктор который разрешить обучать аттестовывать военнослужащий уровень ниже зелёный именно предлагаться наставление освоение зелёный пояс план техника применение оружие давать посмотреть,3,colloquial,Разговорный
кейд каннингем удалить площадка заданчить через джейлен смит указать он палец,3,colloquial,Разговорный
чем порадовать свой любимый март составить подборка тот сейчас поиск подарок заходить увлекательный настольный игра красивый румбокс пазл другой интересный подарок,3,colloquial,Разговорный
победитель гонка раздельный старт зимний олимпийский игра год саппоро лундбек свен ока швеция инсбрук николай бажук ссср лейк плесид томас вассберг швеция сараево гунда сван швеция калгари михаил девятьяров ссср солт лейк сити андурс веэрпал эстония турин андурс веэрпал эстония ванкувер дарио колоние швейцария сочи дарио колоние швейцария пхенчхан дарио колоние швейцария пекин йивый нисканена финляндия три олимпийский цикл гонка раздельный старт проводиться,3,colloquial,Разговорный
друг понимать нужно ещё чуть чуть время подготовка чемпионат кубок старт два соревнование переноситься апрель команда смочь доукомплектовать состав подойти первый тур оружие,3,colloquial,Разговорный
прямой трансляция сессия гран мексика смочь увидеть наш группа гпмексика смотреть запись гран год мочь сайт возможность помогать группа донат,3,colloquial,Разговорный
неделя валера инопланетянин посетить много разный место решить остаться чиллить капибара наслаждаться жизнь работа наталия ракитёнок покорить наш сердечко счастливый номер рандомайзер попасться кириллов поздравлять победа написать сообщение группа отправить приз быть восторг участник ваш работа получиться очень креативный забавный валера инопланетянин передавать спасибо присоединяться,3,colloquial,Разговорный
последний приготовление перед старт open время матч даниил медведев стефан козлов оставаться менее час,3,colloquial,Разговорный
хавить быть хороший чем бавария слишком много прощать простить это разница голевой момент удаться забить первый тайм остаться полностью мы результат отражать тот произойти матч таковой лига чемпион прощать соперник расплачиваться считать нужно взять это матч положительный момент результат отрицательный должный учиться свой ошибка заслужить победа незаслуженный поражение наш ошибка должный учиться продолжать работать,3,colloquial,Разговорный
завтра стартовать major esl опубликовать фильм представление команда участник турнир,3,colloquial,Разговорный
испанец пабло карреньо буста обыграть британец джек дрейперо счёт выйти полуфинал турнир атр серия мастерс монреаль далее сыграть дэн эванс,3,colloquial,Разговорный
любимый момент тара двигатель открутиться первый квадрокоптер рухнуть вниз метр обрыв перед бущующи река проводиться шаманский обряд перед отправка второй квадрокоптер важный миссия пронос верёвка хорошо запас ещё третий квадрокоптер очень важный работник некоторый объект сделать невозможно это бубен тот год почти идеально нашаманить погода свеситься начаться ливень,3,colloquial,Разговорный
wtcr китайско шведский коллектив дело интернациональный cyan полный боевой готовность новый сезон мировой туринг гараж cyan lynk поехать иван мюллер эрлаша желать менять номер чемпионский единичка гараж cyan lynk ехать тэд бьорк сантьяго уррутие цин хуа этот сезон раз быть немного переделать правило касаемо командный состав теперь можно выставлять один гараж большой два пилот зачётный балл кубок команда набирать быть кто назначить команда перед этап похожий ситуация рскг лукоить выбирать лукашевич масленников оруджевой ливрея машина измениться незначительно,3,colloquial,Разговорный
motogp team отказаться подарить алекс ринс боевой gsx алекс ринс признаться попросить оставить прототип который выступать год память ринс весь карьера motogp выступать team пройти большой путь вместе японский заводский команда,3,colloquial,Разговорный
келли олиникнуть попасть протокол охрана здоровье желать скорый выздоровление,3,colloquial,Разговорный
австралия объявить старт продажа билет гран,3,colloquial,Разговорный
motogp торрент рекомендоваться просмотр загружать именно оригинальный вариант дубляж субтитр формат mkv субтитр eng fra spa motogp,3,colloquial,Разговорный
сайт платный подписка добавить новый проанализировать матч сегодня быть более прогноз приобретать подписка сейчас зарабатывать вместе мы регулярно подписка можно приобрести сайт,3,colloquial,Разговорный
получить деньга steam геймерский монитор ретроконсоль куча игра подробный,3,colloquial,Разговорный
ник кирьос финал джокович выиграть финал согласный ник ставить лайк,3,colloquial,Разговорный
узнать какой аниме персонаж ещё большой аниме фигурка тут,3,colloquial,Разговорный
кирилл каприз забить гол сезон игра коламбус,3,colloquial,Разговорный
продать комплект документ птс стс номер нива красный учёт анулировать,3,colloquial,Разговорный
сегодня команда весь пис регистрация жамкать сюда сюда сюда,3,colloquial,Разговорный
весь отличный беговой тренировка неиссекать мотивация друг sport мотивациябег бег спорт забег,3,colloquial,Разговорный
коллега традиционно объявлять очередной гильдейский настольныйсубботник грань аналогия индустрия компьютерный игра предложение суббота течение день выкладывать комментарий пост фото свой разработка краткий описание ответ выложить другой интересоваться советовать предлагать сотрудничество просто ставить лайк рассказывать чем сейчас работать,3,colloquial,Разговорный
четырёхкратный олимпийский чемпион биатлон александр тихонов прокомментировать информация возможный уход михаил шашилов пост тренер женский сборная россия сегодня после эстафета олимпиада пекин россия взять серебро шашилов отказаться комментарий заявить прекратить работа поздний слово опровергнуть союз биатлонист россия шашилов дом хорошо любить выпить маленько иногда маленько это отличиться какой разница практически уговорить работать никто хотеть работать национальный команда такой правление майгуров нужд пак надо просто подать отставка выгнать набраться человек смелость сказать дорогой мой покинуть сколько можно издеваться опять шашилов вообще надо приглашать сборная никто хотеть работать сборная сказать тихонов,3,colloquial,Разговорный
заказ получить кроссовок стоять свой деньга рекомендовать покупка отдельный спасибо антон спасибо подписываться магазин ссылка коммент,3,colloquial,Разговорный
друг весь добрый утро тот ваш пятница ещё бодрый держать фото объект стрела,3,colloquial,Разговорный
cup сладкий приз победитель номинация сладкий приз стать команда искитим искитим получить приз печение домашний мастерская месье курабье поздравлять подробный здесь фото дмитрий забелин база локомотив волейбол,3,colloquial,Разговорный
уралочка нтмк уступить локомотив нижний тагил пять партия впереди четвёртый игра финальный серия чемпионат россия волейбольный команда уралочка нтмк суметь довести победа третий игра финальный серия чемпионат россия нижний тагил команда михаил карполь дважды вести партия уступить калининградский локомотив уралочка нтмк локомотив калининград статистика матч уралочка нтмк айлама сес очко ксения парубец очко елизавета котов очко елизавета фитисовый очко вера костючик очко локомотив ирина воронков очко ян щербанить очко валерий зайцев очко татьяна ежак очко юлия бровкин очко екатерина евдокимов очко ирина филиштинский очко подробный,3,colloquial,Разговорный
топ лист продажа бегов обувь тип тренировочный карбон облегченка сентябрь рулить снова карбон продаваться очень активно цена решать продажа бегун искать тапка хороший ресурс отличный амортизация крупный бегов магазин большой весьма беговой очень красивый город европа любить бегов сезон никогда заканчиваться карбон кроссовок,3,colloquial,Разговорный
поздравлять наш победитель конкурс именно подвести интуиция благодаря который смочь обезвредить бомба поздравлять награждаться приз размер баланс максим подколзин агибал скорее писать группа забрать выигрыш играть мы быть первый,3,colloquial,Разговорный
длинный мотег помочь джек миллер выйти лидер гран япония лидер первый день гран япония джек миллер рассказать пройти минутный мотег здорово,3,colloquial,Разговорный
лунев травмировать голеностоп понадобиться операция вчера тренировка байер вратарь получить травма голеностоп мрт показать нужный операция близкий время провести кёльн ориентировочный срок восстановление неделя здоровье андрей,3,colloquial,Разговорный
ребята какой игрок манчестер юнайтед следовать покинуть клуб,3,colloquial,Разговорный
реванш запомнить ильяс хамзина рассказать свой план близкий пятница прислушаться совет включать быть смотреть вместе турнир amc fng удар единоборство мма udar,3,colloquial,Разговорный
друг восходящий солнце предзаказ старт продажа этот пятница этот невероятно красивый игра ваш союзник стать японский бог ками армия монстр другой игрок нанимать воин маневрировать переманивать чужой армия свой сторона коробка игра ждать несколько десяток фигурка воин вид уникальный огромный монстр восходящий солнце важный роль играть дипломатия честь поэма пасть составлять часть война ассиметричный великий дом древний мифический япония восходящеесолнце,3,colloquial,Разговорный
выйти октагон защитить титул нужно возвращать чемпион чарльз оливейра знать,3,colloquial,Разговорный
реал надеяться близкий пара день бензём присоединиться групповой тренировка получить несколько минута против вильярреал данный момент маловероятный источник marca,3,colloquial,Разговорный
остаться место стажировка тренер сочи интенсивный неделя погрузиться атмосфера академия клуб быть общаться тренер руководство просматривать команда посещать методический занятие многое другой наш выпускник работать футбольный клуб рпл начать переходить ссылка посмотреть программа оставить заявка,3,colloquial,Разговорный
инст админ подписка оформить пожалуйста проходимый мимо брат,3,colloquial,Разговорный
warhammer валрак новый дилер источник информация посему делиться информация касательно грядущий рождественский набор тип батлфорс это год батлфорс особенность заключаться наличие именной персонаж набор набор следующий имперский кулак видимо тор гарадон гвардия ворона видимо фобосой ребята шрайком тысяча сынов состав известный гвардия смерть внезапно мортарион адмех состав известный куст состав известный сестра состав известный набор аоса известный это год ксеносов кстати выходной валрак видео про слух тот новый кровавый ангел быть основать старый апгрейд пак бладовый это дело опираться довольно хлипкий предположение джа той дать карта бланша создание новинка смесь консервативный карлан перспективный примариса общий видео стоить пост такой дело,3,colloquial,Разговорный
внимание получить бесплатный прогноз сегодня публиковать ещё проанализировать матч дать стратегия зарабатывать деньга матч публиковаться сайт заходить личный кабинет ещё личный кабинет зарегистрироваться сайт появиться получать бесплатный проанализировать матч свой личный кабинет раздел бесплатный аналитика обыгрывать букмекер сам уникальный стратегия ещё зарегистрироваться сайт регистрация тут,3,colloquial,Разговорный
найти тот быть смотреть екиндар смотреть монитор,3,colloquial,Разговорный
каприз провести первый тренировка после возвращение сша,3,colloquial,Разговорный
мотокросс топ пилот отказаться участие квалификация гран франция mxgp результат впервые это сезон старт этап чемпионат мир мотокросс mxgp отложить гонщик класс mxgp старт грязевый квалификационный заезд гран франция выйти,3,colloquial,Разговорный
день матч второй матч хабаровск амур металлург магнитогорск мгн мск кхл,3,colloquial,Разговорный
пресс конференция главный тренер после второй матч серия динамо алтай красноярский рысить евгений чернов главный тренер красноярский рысить после второй матч серия динамо алтай целое хороший матч вчерашний матч проспать начало дать фора знать соперник лидер очень тяжело прийтись отыгрываться спасибо ребята проявить характер матч отыгрываться использовать ошибка соперник овертайм доказать выиграть сегодня совсем другой игра складываться боевой задорный соперник наказать допустить ошибка атака смочь сегодня ничего создать очень прилично сыграть сегодня вратарь хозяин сегодня я больший претензия нападать реализация момент сейчас каждый матч дорога нужно попадать плей офф очки биться каждый команда информация ждать усиление два предстоящий матч факт сейчас никто сейчас быть созваниваться главный команда сегодня играть торос быть ждать информация владислав хромой главный тренер динамо алтай после второй матч серия красноярский рысить хороший игра получиться вчера подвести игровой дисциплина достаточно много удаляться практически целый период провести меньшинство чем соперник воспользоваться касаться сегодняшний матч хоккей настоящий приятно играть приятно смотреть болельщик поблагодарить ребята сегодня хотеться зацепиться этот игра немного хватать жёсткость хотя ребята мочь играть хотеться видеть два игра провести два остаться готовиться считать чем причина вчерашний поражение игровой дисциплина позволительно минута иметь штрафной время соперник обладать хороший исполнитель сегодня прилично потерзать бригада меньшинство справиться хотя один гол пропустить достаточно много второй период играть меньшинство надо устранять недолго остаться игра вылет такой момент игра большинство меньшинство быть определять матч получиться достаточно боевой прояснить ситуация травмированный два игра лазарет пополниться чемпионат столько травма сколько два игра пойти игра кость кость ребята жертвовать себя ложиться шайба лечить зелёнка замазать вперёд,3,colloquial,Разговорный
спартак проиграть зенит дом впервые год,3,colloquial,Разговорный
этот неделя дикинг скидка настольный игра про дикий дикий викинг сражение жизнь конечно безумный пир вождь время партия быть вести племя победа балансировать развитие деревня усиление армия цель игра набрать победный очки успешный сражение строительство выполнение миссия механика построить управление личный колода ресурс скидка игра день дикинг стоять вместо правило прикреплять пост,3,colloquial,Разговорный
news lamppost дедушка уйти бабушка уйти видимо уйти качество миниатюра понедельник показать колобок мех банда скват некромунд,3,colloquial,Разговорный
создать дискорд игрок valorant призовой кастомный матч сидеть голосовой канал быть возможность получать деньга поиск игрок игра ссылка дискорд сервер комментарий,3,colloquial,Разговорный
продажа появиться новый игра серия детективный хроника компактный кооперативный квест фламандский завещание раз сыщик предстоять отправиться процветать амстердам век расследовать смерть глава торговый семья другой набор этот серия коробочка карманный размер который поместиться непростой дело который прийтись поломать голова целый команда детектив новинка детективныехроника,3,colloquial,Разговорный
сдаваться продолжать идти всегда шанс наткнуться потрясать никогда слышать нибыть наткнуться пока сидеть один место,3,colloquial,Разговорный
одерживать выездной победа нижний новгород обыгрывать аск три партия аск нижний новгород урал уфа,3,colloquial,Разговорный
друг считать день остаться старт трейл шигирский идол июнь ставить удаться проникнуться атмосфера наш спортивный мероприятие,3,colloquial,Разговорный
матч против финикс стартовать мск состав сегодня трансляция поддержать группа обсуждение помощь,3,colloquial,Разговорный
сайт появиться карточка игра мандалорец грог лягушачий бег этот игра планировать издать год пост прикрепить правило новинка мандалорец,3,colloquial,Разговорный
расписание интересный матч сегодня ваш предикт,3,colloquial,Разговорный
мой ремастер разрешение увеличить помощь нейросеть fps,3,colloquial,Разговорный
третий круг турнир atp монт карло александр звереть пабло карреньо буста следующий соперник рублёв синнер,3,colloquial,Разговорный
никогда скрывать являться фанат больший максискутер самый первый я затем поездить всякий остановиться именно совершить первый полноценный евротрип слишком легко выполнить ступень iron пройти час москва польский вроцлав целое накатать три разный бюргер хотеть знать читать мой накопительный опыт окончательный вердикт составной материал входить часть мой опус журнал мото моторевю отдельный наблюдение опубликовать поздний мотогонка тестдрайв максискутер,3,colloquial,Разговорный
футбольный ассоциация англия предъявить обвинение криштиану роналда инцидент произойти прошлый весна результат который разбить телефон болельщик эвертон покидать стадион после проиграть матч заявление говориться криштиану роналда предъявить обвинение нарушение правило связь инцидент произойти после матч премьер лига манчестер юнайтед эвертон суббота апрель год утверждаться поведение форвард после финальный свисток ненадлежащий насильственный пресс служба манчестер юнайтед выпустить заявление который сообщить быть поддерживать свой игрок принять сведение заявление отношение криштиану роналда быть поддерживать игрок ответ обвинение пока неизвестно быть роналда оспаривать обвинение согласиться признать свой вина,3,colloquial,Разговорный
официально перевести скамейка запасный дать разрешение поиск новый возможность открыть любой предложение получение дополнительный информация пожалуйста связаться наш менеджер уходить эпоха,3,colloquial,Разговорный
трейдер подарить гетрайт стикер день рождение ранее добряк раздать новогодний стрим миллион доллар,3,colloquial,Разговорный
сегодня играть динамо мск прямой трансляция ютуба канал официальный сайт урал сосновый бора волейбольный центр,3,colloquial,Разговорный
начать переговоры ют нацелить пик идеально пик скинуть рэндло фурние один трейд пройти деньга скорее весь уехать допом куикли граймс,3,colloquial,Разговорный
мег лада сделать заявка предстоящий сезон стать известный окончательный состав гаревый команда тольяттинский мег лад сезон год принцип состав команда год претерпеть небольшой изменение известный причина смочь это год выступить чемпионат россия вадим тарасенко евгений сайдуллин перейти разряд взрослый гонщик итак заявка мег лад включить взрослый гонщик ренат гафур роман лахбаум евгений сайдуллин семён зуев юниор арсений зубков даниил визгирда евгений антип владимир швайко иван беляев напомнить тольятти сезон открыться май командный гонка мег лада восток владивосток май принять первый этап командный первенство россия удача информация мег лада,3,colloquial,Разговорный
александр емельяненко проиграть удушать приём марсио сантос раунд напомнить саша выйти короткий уведомление емельяненко попросить реванш сантос принять ufc,3,colloquial,Разговорный
гендиректор салават башир заявить метсол обидеться клуб,3,colloquial,Разговорный
здравствуйте смочь опубликовать быть очень благодарный спасибо,3,colloquial,Разговорный
спартак пока планировать отпускать понс другой клуб настоящий время красный белый легионер нападать эсекель понс данный момент оставаться спартак это сообщать издание спорт экспресс сейчас московский клуб укладываться схема лимит легионер рпл красный белые думать уйти спартак spartak,3,colloquial,Разговорный
веснин оставлять себя возможность снова играть экс первый ракетка мир пара елена веснин ответить вопрос завершение карьера начало тренироваться неделя это турнир я травма ахилл болеть очень долгий время потом упасть рассечь себя рука травма мешать нормально тренироваться сейчас планировать набирать форма повод участие профессиональный турнир пока сложно загадывать посмотреть официально карьера завершать оставлять себя возможность снова играть,3,colloquial,Разговорный
дуэль звезда крис челиос гэри сутереть макиннис крис пронгера крутой оборонительный дуэт нхл прошлый год выбирать крис челиос гэри сутереть чикаго блэк хоукс макиннис крис пронгера сента луис блюз предлагать вариант дуэль добавлять пост окно предложить новость самый интересный обязательно опубликовать спасибо,3,colloquial,Разговорный
мочь легко стать баскетболист решить помочь астана кпл,3,colloquial,Разговорный
атр бастадо грунт доминик тим роберто баутист агута следующий соперник победитель матч алехандро давидович фокин себастьян баес,3,colloquial,Разговорный
канал обновить топ отличный бюджетный настолочь этот категория попадать игра стоимость классический настолочь комикс игра карманный детектив какой бюджетный игра выбирать,3,colloquial,Разговорный
motorsport карлос сайнс прийти команда ferrari год сходу очки превзойти свой напарник шарль леклер сезон год испанец скорость уступать леклер начало сезон жаловаться плохо понимать поведение новый болид середина сезон сайнс впрочем показать очевидный прогресс маленький уступать напарник франция стать абсолютно хороший второй сегмент квалификация третий помогать напарник замена силовой установка равно стартовать последний ряд гонка леклер допустить ошибка именно сайнс принести команда очки мнение чемпион год деймона хилл именно испанец качество лидер команда мой взгляд карлос большой подходить роль лидер команда сказать хилла эфир sky sports хороший понимать стратегия способный принимать решение шарль мочь похвастаться скорость возможно выше чем напарник ferrari необходимый сейчас именно лидер зачастую проигрывать стратегия именно следовать соперник вместо тот сам управлять гонка нужный просто сказать сейчас поступать это команда огромный потенциал собраться смочь дать серьёзный бой ещё время тот конец сезон вернуться борьба титул,3,colloquial,Разговорный
весь команда друг несколько год идти мы лига сейчас какой причина выступать nvl предлагать бесплатный участие любой регулярный турнир любой категория выбор подробность,3,colloquial,Разговорный
паоло банкеро вид определённый обстоятельство быть придать всеобщий огласка теперь являться фаворит пик драфт основный бук контора сша,3,colloquial,Разговорный
хотеть прыгать высоко кайф безудержно год писать комментарий прогулосовать опрос посмотреть сколько,3,colloquial,Разговорный
motogp алекс ринс держак значительно ниже чем тренировка алекс ринс заработать себя ещё одиннадцать очко этап чемпионат мир motogp гонка трасса сепанга испанец после гонка пожаловаться проблема держак победитель гран австралия алекс ринс финишировать пятый воскресный гонка motogp сепанга заводский гонщик такой образ обеспечить себя ещё один неплохой место предпоследний выступление японский производитель испанец проиграть секунда пекко баньяйя одержать седьмой победа сезон ринс стартовать место неудачно после первый круг оказаться позиция после это одержать победа свой соперник оказаться окружение соперник набрать одиннадцать очко гонка хороший быть больший проблема особенно старт пройти хороший образ я быть проблема держак это смочь удержаться лидировать группа малайзия пойти планироваться сожаление поворот оказаться затруднительный положение затем ехать позади другой гонщик я возникнуть серьёзный проблема хватать тяга быстро выходить поворот уровень сцепление значительно ниже чем тренировка чувствовать себя хорошо показать наш темп последний день,3,colloquial,Разговорный
кристина резцовый прокомментировать выступление гонка преследование этап кубок мир оберхоф резцовый допустить промах финишировать случиться честно психануть третий рубеж начало выцеливать после второй подняться ветер перед последний рубеж сильно расстроить просто эмоционально выдержать два день рупольдинг надеяться восстановиться мочь просто маленький общаться народ несложно прийти себя эмоционально главное расплёскивать энергия сказать резцовый,3,colloquial,Разговорный
интересный небольшой интервью александр поветкин который рассказывать чем заниматься после завершение боксёрский карьера,3,colloquial,Разговорный
дать оценка отдельно стиль зап этот байка бальный шкала стоить заменить байк чек комент поздний скинуть,3,colloquial,Разговорный
небольшой беговой разминка ваш следующий пробежка бег разминка заминка спорт легкаяатлетикс зож,3,colloquial,Разговорный
награждение победитель номинация хороший игрок команда стать захар захаров пенсионер получить приз билет музей николай рерих поздравлять почётный второе подробный музей сайт фото дмитрий забелин,3,colloquial,Разговорный
снова подать суд течение многий год открытый братский среда способствовать безудержный сексизм домогательство дискриминация зарегистрировать инцидент произойти наблюдение генеральный директор роберт котик,3,colloquial,Разговорный
круглый стол автор презентовать игра издатель граникон представитель издательство обсуждать рекомендация автор оформлять правило пнп презентовать игра тот произвести впечатление издатель граникон,3,colloquial,Разговорный
быть новый рассвет быть море победа верить никогда выход,3,colloquial,Разговорный
мотокросс mxgp гайзер отобрать победа колденхофф первый заезд гран трентино mxgp завершиться польза лидер чемпионат мир мотокоросс mxgp,3,colloquial,Разговорный
прийти пора закончить бегать грустно перейти шаг вспомнить кросс снег воля сжатый кулак первый выстрел пистолет первый жизнь пьедестал главный старт разгар лето красиво побеждать вспомнить финишный метр пот солёный глаз родный степь седой ветер случаться приз друг бегун носиться быстро вдоль дорога восхищаться мы горло сжать комок наверное заплатить бегом вместе дело жизнь начать суметь весь сердце полюбить оно закончить видение далёкий год долго ждать ценить каждый мгновение пока мочь бежать,3,colloquial,Разговорный
дать уайт считать пётр победить хотеть сделать бой стерлинг диллашоу послематчевый пресс конференция судья начудить показаться другой сторона ян знать подсчитать бой упираться считать раунд трилогия бой оставаться повестка пётр один самый крутой боец это дивизион скорее весь сделать бой джей стерлинг,3,colloquial,Разговорный
вместе пётр южаков напоминать голый удар через себя очень красиво,3,colloquial,Разговорный
обидный чувство сорёв друг город деньга туда поехать,3,colloquial,Разговорный
наш русский красавец даниил медведев прилететь астан готовиться начало турнир,3,colloquial,Разговорный
продать указать покупать указать продавать привод указать обменивать описать товар para внутри поршень металичёска гребенка сайлента shs хоп мэдбула ствол гардёр мотор гардёр инфинить гранатомёт комплект гильза tag давно лежать нужно сменить резинка выстрел подсумок выбор хаки емр lct внутри поршень стальной гол поршень цилиндр алюминий направлять сталь подшипник новороссийск пересылом дружить местонахождение новороссийск наличие пересыл наличие пересыл фото публиковать цена евгений синдецкий,3,colloquial,Разговорный
покупать матрас эффект память матрас помнить челси возить барс рыло газон стэмфорд лысый пидор поставить пенальти ворота барсук,3,colloquial,Разговорный
sensed дарить аккаунт ранд лайкнуть пост получить писать комментарий,3,colloquial,Разговорный
регулярно бегать год неделя назад попасть дтп перелом всякий самый ужасный я нога ранний иногда пропустить пробежка какой причина ломать весь ломка какой внутри пропустить ничего думать себя завтра большой пробег наверстать очень хотеться побегать кто подобный написать выживать тренировка виталий терещенко бег спорт забег,3,colloquial,Разговорный
этот боец нравиться большой смотреть бой,3,colloquial,Разговорный
wecnews выпуск план wec порше ауди нюрбургринг лижие мане тренировка батерст новый хуракан топливо близкий выходной ожидать этап брэндс хэтч этап iwsc лагуна сека раздел следующий гонка обновить весь хороший неделя,3,colloquial,Разговорный
фёдоров показать уровень хоккей способный главный тренер цска сергей фёдоров прокомментировать поражение четвёртый матч полуфинальный серия плей офф кхл ска поменять григоренко абрамов вернуть андронов принять ваш пожелание заметка услышать показать уровень хоккей способный задача тренерский штаб проанализировать игра задача ребята готовый следующий тренировка матч опытный команда многие ребята пройти огонь вода медный труба отдых занять какой время постараться доработать психология успокоить ребята вернуться русло показывать хороший достойный хоккей давать результат,3,colloquial,Разговорный
авангард мочь вернуть форвард калинин трактор авангард мочь вернуться воспитанник омский хоккей омский клуб проявлять интерес возвращение форвард трактор сергей калинин время челябинский команда намерить сохранить нападать свой состав контракт игрок трактор рассчитать апрель калинин выступать авангард сезон сезон это сезон летний нападать набрать очко матч регулярный чемпионат кхл,3,colloquial,Разговорный
опровергнуть информация свой высказывание леалу связующий итальянский перуджа драган травица свой инстаграм попытаться объяснить недавно произойти ситуация леалом напомнить после завершение встреча построение команда трёхметровый линия финальный приветствие леал продолжить начаться ранее словесный перепалка связующий перуджа драган травица несмотря сдерживание сторона арбитр партнёр команда леал добраться соперник который пнуть нога доигровщик модена эрвин нгапет свой социальный сеть опубликовать фотография травица подпись предатель расист история неправда я леалом время матч быть обычный стычка площадка поймать назвать друг друг придурок ничего большой либо другой выйти мой уста конец игра подойти подумать хотеть уточнить вместо это эпизод пинок нога видеть затем появиться выдумать история расистский оскорбление тот момент каждый минута писать расист должный сесть тюрьма должный умереть абсурд абсолютно расист нужно оправдывать что никогда делать никогда говорить леалу абсолютно ничего мочь относиться расизм относиться хотеть подчеркнуть дискредитировать мой имя сейчас это пытаться оправдать пинок очень плохо термин расизм очень деликатный вопрос нельзя сегодня просто использовать ложный смысл быть выяснить ложь обратиться суд площадка один расизм насилие тонкий опасный вещь который далёкий написать драган свой аккаунт поддержать сообщество сайт волейбольный чат вконтакте канал клуб спонсор сообщество волейбол пляжныйволейбол пляжка новостиволейбол держимячвигра волейболсми первоисточник волейбол,3,colloquial,Разговорный
думать другой игра такой прикольный скин,3,colloquial,Разговорный
хельмут марко новый контракт ферстаппен назвать сделка век день команда red продлить контракт макс ферстаппен конец год это действовать чемпион стать самый высокооплачиваемый голландский спортсмен спортивный консультант red хельмут марко назвать новый соглашение сделка век слух год ферстаппный быть получать миллион евро сам марко стать раскрывать подробность новый контракт хельмут марко быть спекулировать цифра мочь сказать оба сторона довольный срок действие контракт показывать насколько ценить макс обычно red заключать сделка такой долгий срок необычный такой длинный сделка огромный зарплата марко никогда сторонник столь исключительный поощрение пилот зарплата заставить ферстаппена подписать контракт битва red ещё большой укрепить связь команда ферстаппен это контракт оба сторона проявлять друг друг уважение хельмут марко секрет характер red очень важный качество,3,colloquial,Разговорный
добрый утро нетерпение ожидать конец рабочий неделя наступление выходной набраться сила приятный впечатление весь известно отдыхать любим большой чем работать всякий случай обстоять дело большинство нужный например выходной после выходной отдохнуть выходной проводить конец неделя,3,colloquial,Разговорный
кудерметов сняться турнир чарлстон действовать чемпионка вероника кудерметов сняться турнир чарлстон сожаление вернуться чарлстон это год я очень приятный воспоминание прошлый сезон выиграть первый титул надеяться увидеться следующий год написать кудерметов соцсеть,3,colloquial,Разговорный
пятничный новинка доступный заказ проверить дедуктивный навык роковой антарктика раскрыть дело быстрый детектив смерть отражение исследовать тайна сонора устроить лягушачий бег игра мандалорец щелчковый игра сонора позволить отправиться исследование красочный пустынь который каждый кактус мочь скрываться невероятный открытие отправлять щелчок диск поле заполнять личный планшет зависимость результат сектор поле использовать разный игровой механика кроме ловкость соноре потребоваться стратегия расчёт международный полярный станция совершить загадочный убийство сам начало год несчастный компьютерный инженер мартин мур обратиться ваш детективный агентство похоже последний надежда справедливость кооперативный квест реалистичный улика роковой антарктика игра смерть отражение ваш команда сыщик предстоять раскрыть дело пропажа блистательный даниэль дать умудриться оставить подсказка свой судьба смочь собрать разрозненный клочок информация изучить объёмный место преступление пока жизнь мисс дать висеть волосок грог лягушачий бег семейный настолк игрок год она простой правило менее оставлять достаточно большой простор решение блеф задача игрок оставить поле можно большой лягушка свой цвет желательно скормить конкурент грог это конкретный цвет каждый игрок оставаться тайна новинка детективный история детективныехроника мандалорец,3,colloquial,Разговорный
клэя неплохо оторваться чемпионский парад хайлайта томпсон,3,colloquial,Разговорный
говорить спортсмен лишить радость жизнь намного счастливый чем думать никогда почувствовать чувствовать весь радость победа горечь поражение кайф тренировка бешеный стук сердце последний секунда матч равный счёт чувство гордость свой команда счастие тренер улыбаться хвалить чувство удовлетворённость приходить после тренировка просто ложиться спать думать чем самый счастливый человек свет знать цена это счастие,3,colloquial,Разговорный
чжена цинвеня помнить сидеть перед телевизор смотреть игра федерер быть ребёнок наслаждаться каждый удар каждый действие вдохновлять вдохновлять я думать это мир такой человек взрослеть никогда стареть любой момент мочь стать неповторимый свет это мир федерер символ эпоха появление корт делать теннис элегантный обаятельный заставлять я нетерпение ждать теннис привнести теннис столько захватывать момент просто попасть камера навсегда остаться сердце болельщик весь мир жаль наблюдать федерер прямой эфир ещё тур насладиться игра вживую думать я ещё шанс ожидать время действительно никто ждать эпоха закончиться спасибо федерер привносить теннис дань уважение федерер основатель эпоха,3,colloquial,Разговорный
кроссовок баскетбольный магазин ghetto basket shop консультация стрельский,3,colloquial,Разговорный
тэйлор фриц поделиться снимка свой минь путешествие швейцария,3,colloquial,Разговорный
джарретта аллен быть делать операция сломать среднее палец левый рука дата возвращение ещё известный кливленд надеяться смочь принять участие заключительный матч регулярный чемпионат возможно новый информация состояние поступить следующий неделя cavs nba,3,colloquial,Разговорный
контракт авангард адмирал произвести обмен дальневосточник получить нападать александр горшков омич денежный компенсация прошлый сезон горшков провести состав амур сыграть матч набрать очко александр никишин подписать новый контракт ска рассчитать три год,3,colloquial,Разговорный
федя вальверде одержать победа состав реал наш бриллиант,3,colloquial,Разговорный
александр костылев про инцидент некоглай это мир появляться двуликий уебан обманывать человек читать новость потом говорить про человек мочь деградировать тот понимать чем идти речь объяснимый канал лшпт автор который являться стример выйти разоблачение стример который раскрыться больший часть зритель николай бот сам николай угрожать автор видео большой информация мочь узнать посмотреть сам видеоролик ссылка оставлять реклама,3,colloquial,Разговорный
защитник сборная россия баскетбольный клуб зенит дмитрий кулагин дисквалифицировать месяц нарушение антидопинговый правило игрок получить дисквалификация два пункт наличие запретить субстанция метаболит маркер проба взять спортсмен использование попытка использование спортсмен запретить субстанция запретить метод июль стать известно дмитрий подписать клуб новый контракт год срок дисквалификация быть отсчитываться июнь сезон летний спортсмен среднее набирать очко подбор передача игровой минута вместе зенит стать победитель единый лига втб,3,colloquial,Разговорный
интервью после цикл публикация хотеться завершить совсем интервью после тренировка юдзура записать рука несколько девиз послание некоторый который видеть два остаться team hanyu hanyuyuzuru,3,colloquial,Разговорный
посредством использование волшебство поведать устройство страйкбольный привод коснуться тема механизм работа тюнинг,3,colloquial,Разговорный
мик хаккинный бывший гонщик формула двукратный чемпион мир согласный макс ферстаппен сказать выиграть гран нидерланды просто,3,colloquial,Разговорный
кубок губернатор челябинский область расписание турнир август челябинск россия участник трактор челябинск автомобилист екатеринбург металлург магнитогорск барыс нур султан,3,colloquial,Разговорный
дорогой друг весь душа благодарить участие этот настоящий невероятный гонка команда впервые проводить старт геленджик хотеть сказать большой спасибо весь участник волонтёр городской власть служба получиться такой яркий напоминать претензия результат принимать почта течение неделя благодарить надеяться скорый встреча пребыть вы сила,3,colloquial,Разговорный
золото год будто вчера герой тот олимпиада представление нуждаться это последний раз брать золото далёкий объединить команда ссср ещё россия вспоминать добыть золото сложиться судьба герой олимпийский турнир,3,colloquial,Разговорный
чейл соннный считать магомед анкалай позволить ян блахович получить титульный бой анкалай часть сделка повод возможный поединок прохазка итог самоустраниться уходить захватить себя ещё ян блахович бросить вызов момент искать бой прохазка можно сказать анкалай публично самоустраниться бой титул вызвать блахович лишиться шанс титульный бой итог ещё потащить себя ян приводить слово соннить mmada net,3,colloquial,Разговорный
пол пирс качество один подарок день рождение получить торт который изобразить фотография стриптизершоя идеальный друг идеальный подарок,3,colloquial,Разговорный
motogp марк маркес вернуться проблема раздвоение зрение марк маркес пропустить последний два этап motogp год диплопия проблема вид раздвоение зрение вернуться кратное после жёсткий падение время эндурый тренировка впервые проблема возникнуть ещё год участвовать moto несчастие врач диагностировать новый эпизод диплопия после страшный позавчерашний хайсайда время разминка индонезия марк маркес похоже испытывать дежавю время возвращение испания почувствовать дискомфорт глаз решить навестить доктор подтвердить я новый эпизод диплопия счастие менее тяжёлый случай чем травма который получить конец прошлое год сейчас нужно отдохнуть подождать увидеть быть развиваться травма следующий неделя марк пройти новый осмотр оценить прогресс испанец почти наверняка пропустить этап аргентина остин вместе это улетучиваться надежда завоевание титул год принцип тяжело представить маркес вернуться былой форма любой падение мочь привести такой серьёзный последствие желать здоровье скорый выздоровление,3,colloquial,Разговорный
дорогой друг причина закрытие парковка рубин переносить сбор далеко он парковка дисамбар,3,colloquial,Разговорный
такой анекдот человек приходить врач он депрессия говорить жизнь жестокий несправедливый говорить понимать смысл фильм приходиться смотреть видео чбу врач говорить лекарство очень простой сегодня кинотеатр октябрь выступать великий кинокритик антон долина сходить посмотреть он помочь человек разражаться слеза говорить доктор антон долина,3,colloquial,Разговорный
капитан владислав nafany горшков обратиться фанат желать приятный отдых надеяться после отпуск владислав вместе свой команда смочь показать максимум это год,3,colloquial,Разговорный
фанат аталант вывесить баннер честь дружба руслан малиновский антон миранчук,3,colloquial,Разговорный
товар наличие basketball gif мяч размер лонгслив размер уточнять комплект брюки заклёпка шорты вопрос заказ писать,3,colloquial,Разговорный
локомотив принять решение закрыть часть академия тренер ждать сокращение информация руководство локомотив закрыть перовский отделение академия тренировочный база это отделение закрытый реконструкция ребёнок временно заниматься черкизовый наш данные реконструкция перовский отделение заморозить быть инфраструктура непонятно тренер академия ждать сокращение,3,colloquial,Разговорный
ваш комфорт персонаж стать понимать мой комфорт персонаж сюэ внушать чувство безопасность спокойствие наверное дух тот плохой быть странник думать байя ван дорамный разумеется,3,colloquial,Разговорный
счастливый часы добрый бодрящий утро спешить напомнить наш посетитель классный акция каждый желать мочь посетить наш батут парк ангар снизить тариф заниматься паркур батутный фристайл батут парка ангар ангар иркутск ангар интересный просто тренироваться иркутск досуг спорт экстрим паркур,3,colloquial,Разговорный
прямой трансляция матч локомотив урал смотреть игра здесь,3,colloquial,Разговорный
чешка линда носков обыграть француженка ализ корн счёт выйти четвертьфинал турнир серия wta прага далее сыграть нао хибино,3,colloquial,Разговорный
окончить очередной сезон британский туринг ожесточённый борьба первый долгожданный титул взять тот инграм первый сезон применяться гибрид можно считать успешный никак внедрение гибрид ухудшить зрелищность этот кузовной гонка btcc,3,colloquial,Разговорный
сквозь огонь вода сквозь море слеза боль гора следовать мечта бегом пешком ползком стоя,3,colloquial,Разговорный
разъехаться майский устраивать огненный розыгрыш слот участие казань комуса fest правило простой весь простой шаг игра подписаться комуса спортивный образ жизнь поставить лайк комментарий этот запись май апрель узнать имя счастливчик который достаться слот участие казань комуса fest пооогнать,3,colloquial,Разговорный
юлиан нагельсманн роберт провести восемь выдающийся год бавария заменить больший проблема сейчас я сильно беспокоить хорошо подготовить атака ещё избаловать выбор,3,colloquial,Разговорный
качать нога свой вес бег качаемногий тренировка деньнога накачатьногий,3,colloquial,Разговорный
новый speed выиграть сенсационно близкий гонка daytona вступление класс мотоцикл цилиндровый двигатель объём более куб нести прямой явный угроза завсегдатай подиум весь мир издание ежегодный гонка daytona выиграть пилот тройка призёр разделить секунда брендон паасха tobc одержать победа дайтоня выступать подготовить гонка мотоцикл speed являться претендент омологация год мотоцикл цилиндровый двигатель который стать базовый чемпионат мир мото гран класс moto должный представить этот год серийный суперспорт daytona это мотор пустить серия удаться тогда завод решить омологировать дорожный байк который поставляться включать полный комплект обвес брендон вступить заводский команда год завод быть представлять ханс зоомера стефано манци брендон определить защищать цвет британский флаг команда tobc учитывать daytona стать серийный гонка америка омологировать speed такой паасаха удаться обойти ветеран дайтон выступать yamaha главный схватка разыграться сам последний круг завершиться синхронный выход последний поворот финишный черта четыре мотоцикл оказаться практически одновременно после рассмотрение видео фотофиниш дирекция паасха победитель второе место отставание весь секунда пилот официально поддерживать завод команда yamaha камерон петерсена бронза забрать южноафриканский гонщик шеридать мораис который хватить наконец джош хайес который дирекция после квалификация переместить последний позиция стартовый решётка обнаружить охлаждать система антифриз совершить невероятный прорыв место yamaha хайес пересечь линия финиш весь через секунда после это достаточно попасть призовой тройка пятёрка оказаться представитель ричать эскаланда топ замкнуть второй пилот tobc денни эслик соответственно мотоцикл поул ситтереть daytona джош геррина выиграть квалификация финишировать почти полтора минута позади победитель,3,colloquial,Разговорный
омск февраль пройти всероссийский соревнование лёгкий атлетика кубок змс татьяна зеленцов старт принять участие атлет младший среднее старший возраст онлайн табло,3,colloquial,Разговорный
день игра баскетбол возвращаться первый предсезонный игра чикаго состояться через несколько час соперник зайон пеликанс начало матч мск чикагобуллс буллс nba,3,colloquial,Разговорный
хуркач выйти финал obn montreal поляк хуберт хуркач пробиться финал турнир монреаль переиграть норвежец каспер рууд трофей хуберт поспорить либо пабло карреньо буста либо дэн эванс,3,colloquial,Разговорный
нападать металлург филлипа майя ждать предложение нхл предложение поступить игрок подписать новый контракт металлург,3,colloquial,Разговорный
раздача скин виктор хром стать подписчик лайкнуть поделиться пост август случайный образ определимый победитель утащить образ ковбой виктор,3,colloquial,Разговорный
знать владелец это красавец страничка инстаграм,3,colloquial,Разговорный
говорить неудача делать сильный трудно дышать никто верить,3,colloquial,Разговорный
подопечный эдуард мермана побеждать хант мансийск,3,colloquial,Разговорный
strobe дать модель иметь преимущество модель snow модуляр идти комплект балаклава дополнительный плотно прилегать маска отсекатель двойной визор система аэродинамический форма создавать ощущение комфорт обеспечивать хороший звукоизоляция элемент подкладка вырезаться лазер обеспечение идеальный сопряжение внутренний высококачественный материал приятно облегать голова поддерживать правильный положение визора изготовить оптически правильный поликарбонат класс высококачественный полимер космический эра высокий стойкость внешний воздействие позволять исключить искажение обеспечивать максимальный чёткость особый внимание уделить материал форма оболочка являться ключевой фактор обеспечивать идеальный подгонка шлем минимизация последствие возможный удар шлем оснастить система вентиляция передний воздухозаборник задний экстрактор регулировать вентиляционный отверстие позволять настроить постоянный лёгкий поток воздух обеспечение максимальный комфорт вес шлем грамм снегоходный шлем модуляр электростекло snow белый чёрный цена руб наш сайт интернет магазин оформить заказ телефон мотоэкипировка байкер защита мотошлем шлем мотоцикл,3,colloquial,Разговорный
тиджей диллашоу ответить стерлинг обвинение употребление стероид нужно говорить хоть приуменьшить насколько хороший сказать диллашоу интервью mma скоро через неделя надрать зад нужно приготовить оправдание победить я волновать просто куча лживый отговорка заготовить день побить сказать говорить mmada net,3,colloquial,Разговорный
элина свитолин гаэль монфис тренировка индиана уэллс,3,colloquial,Разговорный
весь добрый день пересесть bmx подвес подвеска я дружить хотеть хотеть задать пара вопрос я амортизатор fox регулировать отскок крутить дёргать регулировать знать кроме крутилка рычажок я вилка shox она два нипель воздух качать воздух один оба регулировка последний фото можно накачивать амортизатор вилка компрессор,3,colloquial,Разговорный
ислам махачёв сейчас хабиб разница вес большой тяжело бороться махачёв рассказать подготовка бой вакантный титул лёгкий вес чарльз оливейра последний раз проводить схватка хабиб насколько сейчас больший разница вес сила совсем недавно разница вес наверное большой тяжело бороться отработка какой новый момент постоянно показывать начало лагерь много что давать быть угол быть хабиб хавьер мендес посмотреть ещё хабиб угол борьба ударка тактика говорить ваш отец погрузить спорт очень серьёзно заниматься сельский хозяйство приехать бой абу даби отец приехать обычно приезжать сам хотеть приезжать чуть чуть отвлекать тогда должный беспокоиться тот он хорошо много человек приехать здесь больший команда сейчас большой человек,3,colloquial,Разговорный
через минута стартовать очередной матч регулярный чемпионат нхл торонто бостон прямой эфир комментарий александр кумарин,3,colloquial,Разговорный
спартак нужно менять состав привозить легионер сильный наш футболист покупать хендрикс кофрие зенит игрок сборная бразилия ловрен почувствовать разница евгений ловчев,3,colloquial,Разговорный
ребята привет подсказать какой тренировка быть результативный начищать вариант раз неделя лёгкий темп низкий пульс лёгкий темп низкий пульс интенсивно результат вариант раз неделя вариант через день придерживаться пока ого вариант тренироваться спасибо светлана борисов бег спорт забег зож пробежка темп тренировочныйплан,3,colloquial,Разговорный
добрый утро шахматист начать партия,3,colloquial,Разговорный
подрезать формат сделать баскетбольный смотреть тут,3,colloquial,Разговорный
news lamppost warhammer запостить новость джойтой считать день зря пройти первый очередь небольшой сникпик гарадон дредноут имперский кулак джойтой который притаиться багга примарис второй появиться информация теперь джойтой быть снабжать набор два сменный голова шлем карлан частность,3,colloquial,Разговорный
csgo выйти новый кейс dreams скин работа коммьюнити,3,colloquial,Разговорный
новый фото видео тренировка клуб romano,3,colloquial,Разговорный
кто правильный работа рука ваш мнение коммент бег легкаяатлетик спорт забег марафонец бегун,3,colloquial,Разговорный
остаться весь день pmgc накаляться команда проводить последний приготовление гранд финал январь год пятница суббота воскресение смотреть pmgc наш официальный канал pubgmobile pmgc pmgc nexttoglory,3,colloquial,Разговорный
день матч плей офф первый игра серия кубок петров югра барс,3,colloquial,Разговорный
акинфеев первый треть тайм можно вообще поле выходить раз игорь показать ещё говорить тот мяч потрогать,3,colloquial,Разговорный
гус хиддинк антонио конт маурицио сарри фрэнк лэмпард томас тухель один пять предыдущий тренер челси проигрывать три матч премьер лига подряд грэм поттер справиться это после восемь матч глава команда,3,colloquial,Разговорный
день рождение поздравлять роман лахбаум желать каждый день развивать себя личность чемпион спорт пусть быть сила всегда позволять здоровье покорять вершина успех призовой место пусть стремление мечта счастие помогать удача любовь родный,3,colloquial,Разговорный
выиграть чемпионство aew grand прошедшее шоу aew grand завершать финальный матч турнир чемпионство aew после примерно минутный борьба победа одержать джон моксли запереть брайан дэниелсон слиперо пресечь попытка реверсировать моксли такой образ стать трёхкратный чемпион новость aew,3,colloquial,Разговорный
друг радостный новость объявлять дополнительный набор класс совёнок онлайн центр семейный обучение занятие проходить раз неделя урок малый группа человек класс подать заявка обучение можно электронный адрес директ класс место класс место ждать наш школа,3,colloquial,Разговорный
прямой трансляция волейбольный матч сегодня август мужчина всероссийский спартакиада пятый игровой день расписание новосибирский обл санкт петербург хмао югра республика татарстан кемеровский обл москва ленинградский обл белгородский обл женщина всероссийский спартакиада первый игровой день расписание саратовский обл свердловский обл москва сириус республика татарстан тульский обл калининградский обл санкт петербург время начало матч указать московский,3,colloquial,Разговорный
хотеть получать деньга просто карта рука оформить минута доставить дом,3,colloquial,Разговорный
обеспечивать хороший защита экстремальный погодный условие подшлемник обладать ветрозащитный теплосберегающий антибактериальный свойство малое вес способность очень быстро сохнуть птермобельё сохранять комфортный среда оно мокрый пновый модель обладать свежий современный дизайн хороший посадка пподшлемник разработать антиалергенный материал вызывающий дискомфорт взаимодействие кожа ппористый трубчатый структура термоволокно способный удерживать свой структура небольшой объём воздух самый препятствовать быстрый охлаждение поверхность тело создавать эффект теплица результат получать тёплый среда комфортный вентиляция хороший хлопок сохранять тепло хороший другой термоматериал пткань антибактериальный пбесшовный крой исключать неудобство место плотный прилегание шлем термобельё подшлемник цена руб наш сайт интернет магазин оформить заказ телефон мотоэкипировка байкер защита мотошлем шлем мотоцикл,3,colloquial,Разговорный
арконтан лефлера песня великий асс добро зло планета земля идти прямо сейчас жить время апокалипсис просыпаться вставать решающий битва делиться друг подписываться,3,colloquial,Разговорный
топовый баскетбольный товар супер расцветка баскетбольный джерси супер низкий цена супер качество заходить,3,colloquial,Разговорный
стартовый протокол день первенство екатеринбург,3,colloquial,Разговорный
чемпион европа михаил тсамалидис готовиться чемпионат мир боец перебить бегунок,3,colloquial,Разговорный
motogp эспаргаро усердно работать ради это алейша эспаргаро побывать подиум третий раз сезон финишировать третий гонка motogp испания самый пилот лишить завод ноале право концессия лишний раз демонстрировать отличный уровень итальянский байк демонстрировать себя конкурентоспособный трек позволять испанец биться чемпионство спустя гонка алейша уступать весь очко лидер фабио квартарарый усердно работать ради тот биться такой результат мой старт разочаровывать после обгон накага зло застрять марк джек быть очень сильный торможение обогнать невозможно сложно знать мой темп хороший тормозить я особенно средний часть поворот наблюдать отрываться пекко фабио мочь ничего поделать попробовать обогнать марк задеть итог оба упасть решить занять выжидательный позиция знать рано поздно ошибиться обогнать оба круг конец начать демонстрировать отличный темп быстро оторваться застрять мочь биться победа крайний мера близкий точно спустя шесть гонка весь семь очки позади фабио чемпионат побороться титул быть тяжело стабильность мочь стать ключ успех пока отлично справляться быть стараться атаковать давить фабио остальной гонщик,3,colloquial,Разговорный
один матч второй игровой неделя лига нация отменный начаться несколько случай covid женский сборная таиланд второй игровой неделя разрешить заменить этот игрок участвовать соревнование кесон сити филиппина затем продолжиться болезнь главное тренер мужской национальный сборная италия джордж помощник капонерь оба находиться карантин оттава канада прежде чем вернуться домой оба эксперт выбыть второй неделя теперь появиться информация тот игра который должный быть участвовать франция китай должный состояться кесон сити отменить несколько случай коронавирус азиатский команда фивб присудить победа олимпийский чемпион счёт посмотреть являться начало заражение команда отмена матч акцент азиатский этап учитывать восточный юго восточный регион континент настоящий время являться горячий точка вирус сайт товар волейбол поддержать сообщество волейбольный чат вконтакте канал клуб волейбол пляжныйволейбол пляжка волейболновость волейболроссия держимячвигра,3,colloquial,Разговорный
скачать лист персонаж настольный ролевый игра помощь наш чатбот просто зайти сообщение группа ввести команда лист персонаж чатбот мочь поделиться пустой бланк готовый герой red dragons genesys ред warhammer fantasy ведьмак легенда пять кольцо дюна зов ктулху играть удобно нри,3,colloquial,Разговорный
уважаемый атлет знать внимательно относиться стартовый пакет тот экипировка который наносить логотип наш соревнование видеть атлет футболка grut понимать наш человек планировать grut это год разместить заказ фирменный футболка компания compressport мочь выполнить обязательство выдать оплатить футболка compressport grut мочь остаться фирменный экипировка настоящий трейлраннер постараться найти выход новый заказ производство разместить российский бренд спортивный одежда gri мочь получить футболка gri взамен compressport вернуть деньга наш взгляд дизайн качество фирменный футболка это год стать ещё крутой это случай смочь далёкий узнавать свой атлет пробежка другой забег всегда ваш rhr фото алексей цыганков модель иван алырчик александр бородинов,3,colloquial,Разговорный
просто напоминать последний два тир турнир mouz занять предпоследний место сейчас наш команда находиться хороший положение,3,colloquial,Разговорный
теперь мочь играть скачивание лаг браузер например погонять metro ведьмак rust tanks far cry свой старенький комп слабый ноут макбук айфон андроид попробовать бесплатно получить кайф,3,colloquial,Разговорный
неужели успеть кравитц озадачить переход алонсо aston эксперт sky тед кравитц озадачить переход фернандо алонсо aston британец уверенный команда сильверстоун добраться лидер такой короткий срок стандартный карьерный ход фернандо алонсо делать ставка заметный улучшение команда течение три год сказать кравица эфир sky sports знать я озадачить этот ситуация хороший случай aston потребоваться три год начать выигрывать гонка бороться чемпионство этот момент фернандо быть год отличный форма погрузить всегда перерыв год освежить выдыхаться себастьян феттель серьёзно значит никогда рассчитывать серьёзный прогресс просто искать ещё один команда посмотреть способный другой вызов немного странно показаться интересный пресс релиз лоуренс стролл сказать фернандо убеждённый победитель думать два альфа самец быть продуктивный работать вместе смочь продвинуть команда вперёд поклонник алонсо быть опасаться пойти хотеть быть два потенциально вспыльчивый персонаж противостоящий друг друг видеть причина который быть ругаться вместо тот двигаться вперёд,3,colloquial,Разговорный
тренер словения сборная украина волейбол российский школа помощник главное тренер сборная словения волейбол зоран кедачича высказаться сборная украина преддверие матч рамка четвертьфинал чемпионат мир волейбол проходить август сентябрь город польша словения культивировать жёсткий стиль игра российский школа волейбол дотягивать россиянин рост очень хороший прыжок два неудобный волейболист оба высокий уровень быстрый быстрый левый рука это надо следить задача словенец быть заставить украинец совершать ошибка приводить слово кедачича финал сборная словения обыграть сборная германия украина свой очередь обыграть сборная нидерланды впервые история сыграть четвертьфинал сайт трансляция вфв товар волейбол поддержать яндекс дзен волейбольный чат канал клуб волейболроссия волейболновость держимячвигра волейбол пляжныйволейбол пляжка,3,colloquial,Разговорный
кубок губернатор челябинский область трактор металлург начало матч трансляция отв кхл кхл домашний матч спустя месяц уральскоедерби,3,colloquial,Разговорный
тренер сшоры самотлор мастер спорт александр платонов приехать отпуск чита встретиться свой первый тренер александр хурепаевич тангыть оолом благодарный ученик вручить свой наставник символика самотлор юбилейный книга нижневартовский клуб который александр провести хороший год свой спортивный карьера настоящий время профессиональный волейбольный лига играть сразу несколько воспитанник опытный читинский тренер некоторый проходить подготовка система клуб самотлор,3,colloquial,Разговорный
первенство россия юноша куб тольятти протокол соревнование,3,colloquial,Разговорный
квить выложить фото после футбольный матч российский гонщик даниил квить опубликовать пост социальный сеть который высказаться повод благотворительный футбольный матч монако здорово поиграть футбол вчера друг старый коллега,3,colloquial,Разговорный
слово рогозин близкий месяц зона сво украина начать поступать самый современный российский вооружение обеспечить победа ага девять месяц поступать сейчас обязательно поступить рогозин пизда быть триллион рубль согласно который ещё год оружие армия должный супер современный давно розпить ены выдавать теперь мобилизовать ржавый калаша сажать старый трактор пушка наш вкс тот глядеть воздушный змей запускать начать воевать мясо пушечный много баба ещё нарожать,3,colloquial,Разговорный
предложка здравствуйте хотеть показать творчество точнее фигурка магистр дьявольский культ заинтересовать большой мочь увидеть группа быть рада каждый спасибо админ публикация,3,colloquial,Разговорный
тот аспиналл получить травма главный бой ufc тот аспиналл встретиться кертис блейдсом главный событие ufc бой продлиться весь несколько секунда поединок остановить травма англичанин после который победа технический нокаут достаться блейдс выход боец менее антуражный чем время бой пимблетта левитта зритель сильно освистывать блейдс достаточно сдержанно встретить аспиналл сам начало поединок аспиналл пойти вперёд какой момент упасть земля схватиться нога херб дин моментально остановить бой повтор стать видно аспиналл наносить лоу кик после который получить травма тот лежать земля держаться колено очень недовольный кертис блейдс подбадривать собственный секундант объявление победитель аспиналл выйти смочь тот покинуть октагон англичанин потребоваться фиксация нога кресло блейдс признать победитель технический нокаут блейдс после бой заявить поединок аспиналл хотеть доказать готовый титульный бой американец сказать свой победа хотеть видеть такой мма жёсткий спорт теперь счёт блейдс победа поражение аспиналл поражение стать третий карьера,3,colloquial,Разговорный
послать крыша прыгать пойти мама,3,colloquial,Разговорный
весь привет изучить спрос пацан американец мотор контрактный проехать расти год сток кроме выхлоп работать отлично ехать бабка отправить хоть луна ваш счёт,3,colloquial,Разговорный
гранат палас нереальный ванвеять сайт setang смокнуть стеирс джангл палас множество молик разный бомба,3,colloquial,Разговорный
май стартовать тестовый damask clan wars наш сервер мочь создавать клан стаком играть призовой клан быть распределить сетка первый тест призовой быть зайти сервер damask можно ссылка комментарий valorant,3,colloquial,Разговорный
услуга гарант весь снг павел беркут человек гарантировать честной сделка использовать лицо сделка обезопасить себя неполучение товар недоброкачественный состояние исключая любой попытка мошенничество недобросовестный продавец сделка происходить следующий порядок создаваться диалог продавец покупатель гарант который обсуждаться условие сделка описываться товар покупатель отправлять обозначить сумма гарант продавец отправлять товар покупатель получать товар гарант переводить обозначить сумма счёт продавец случай товар приходить деньга возвращаться обратно покупатель случай получить товар соответствовать описание сторона договариваться уменьшение сумма сделка возврат товар счёт продавец наш гарант более отзыв который мочь ознакомиться он стена,3,colloquial,Разговорный
трёхкратный чемпион нба состав майами дуэйн уэйд подкаст forward андре игудалой эван тернер признаться думать планировать быть играть один команда леброн джеймс пока лето год джеймс перейти хит никогда думать быть играть вместе приходить голова играть матч звезда летний матч олимпийский игра один играть вместе сезон нба матч совсем другой сложно представить себя один команда парень любить играть мяч рука рынок свободный агент год думать тот объединиться леброн многие думать задумать заранее сожаление такой умный думать готовить план год быть настолько умный сказать уэйд,3,colloquial,Разговорный
такой ролик ещё видеть российский ютуба представлять топ упражнение совершенствование навык блокирование,3,colloquial,Разговорный
зенит казань локомотив апрель май провести контрольный матч казанский зенит новосибирский локомотив преддверие финал шесть чемпионат россия провести два контрольный матч соперник завершить регулярный чемпионат апрель завоевать прямой путёвка финал шесть пройти казань май восполнить больший пауза игра договориться провести казань два контрольный встреча первый пройти апрель закрытый режим следующий день команда планировать сыграть зритель точный время матч стать известно поздний сайт волейбольный чат вконтакте канал клуб поддержать сообщество спонсор сообщество волейбол пляжныйволейбол пляжка новостиволейбол держимячвигра волейболсми первоисточник волейбол,3,colloquial,Разговорный
айла томлянович раскритиковать журналист вопрос бывший возлюбить кирьоса ракетка мир айла томлянович раскритиковать журналист вопрос свой бывший возлюбить теннисист австралия ник кирьоса после поражение четвертьфинал уимблдон борьба выход полуфинал томлянович уступить елена рыбакина пресс конференция спортсменка задать вопрос отношение кирьосом пара встречаться год весьма разочаровывать после почти два час игра мой четвертьфинал первый вопрос журналист решить задать задать ничего связанный матч написать томлянович социальный сеть такой интерес кирьоса связать предъявить обвинение нападение свой бывший девушка кьяр пассари теннисист должный предстать перед суд август инцидент произойти прошлый год,3,colloquial,Разговорный
юдзура ханя сегодняшний тренировка юдзура появиться сегодняшний тренировка после небольшой проба лёд сделать попить продолжить покрутиться выезд твизло покрутиться твизло аналогично докрутить аналогично два покрутиться твизло оба практически докрутить коснуться лёд рука покивать получение новый информация дополнить пост team hanyu,3,colloquial,Разговорный
леон драйзайтль набрать очко это сезон нхл одноклубник коннора макдэвид,3,colloquial,Разговорный
разнообразный палитра расцветка ford дорожный этап индианаполис nascar,3,colloquial,Разговорный
стать счастливый обладатель новый смартфон конкурс розыгрыш реклама,3,colloquial,Разговорный
выигрывать группа проходить третий решающий раунд сегодня играть navi,3,colloquial,Разговорный
валерий васнецов чувствовать себя хороший ещё плохо засыпать утро мучиться условие питание стать хороший российский биатлонистка валерий васнецов рассказать карантин олимпиада пекин положительный тест ковид спортсменка мочь выступить игра сегодня разыграть первый комплект медаль биатлон российский команда взять бронза смешанный эстафета миллион поздравление наш команда бронзовый медаль больший молодец искренне болеть команда сам прежний находиться больница чувствовать себя хороший ещё плохо засыпать утро мучиться условие питание здесь стать хороший хотеть поблагодарить поддержка особенно болельщик думать столько человек переживать я я очень ценный спасибо большой сказать васнецов источник олимпийский комитет россия,3,colloquial,Разговорный
наш экс игрок тайво айвонь переходить немецкий юниона берлин новичок апл ноттингем сделка оцениваться ливерпуль получить этот сумма,3,colloquial,Разговорный
башня укрепить дерево настольный ролевый игра материал the coast нри настольныйфэшн,3,colloquial,Разговорный
очистить ложка тазик салат оливье переместить содержимое желудок тогда погнать ликвидация лишний,3,colloquial,Разговорный
информация урфо страница флачо уточнить программа июнь опубликовать сейчас народ ждать стартовый протокол работа челябинец конечно предстоять очень больший кроме традиционный чемпионат первенство урфо стадион елена елесин пройти отбор международный спортивный игра ребёнок азия среди спортсмен год быть подвести итог этап спартакиада учиться россия объявить сильный вуз уральский федеральный округ лёгкий атлетика челябинск приехать более тысяча тысяча спортсмен номер допечатывать,3,colloquial,Разговорный
новак джокович надаль перестать мой сын теперь алькарас фаворит новак джокович рассказать карлос алькарас стать кумир шестилетний сын стефан карлос замечательный человек очень нравиться очень уважать сегодня впервые потренироваться хотя видеть прошлый год тур путь абсолютно невероятный что добиться такой возраст хорошо испания весь мир больший звезда он больший чемпион недавний пора надаль перестать мой сын теперь алькарас фаворит оба очень нравиться имитировать игра форхенд эмоция надаля очень красиво,3,colloquial,Разговорный
парень весь год играть свой команда более год уважение,3,colloquial,Разговорный
результат сегодняшний матч вхл югра динамо спб счёт серия ска нева рубин счёт серия вхл кубокшелковогопуть живихоккей плейоффвхлый,3,colloquial,Разговорный
один ведущий хоккейный экипировщик приостановить поставка россия белоруссия временно приостановить наш поставка россия белоруссия быть продолжать следить этот чрезвычайно чувствительный быстро развивающийся ситуация цитировать гендиректор рик вестхэда решение принять компания февраль это продолжить маркетинговый сотрудничество российский игрок никита кучеров андрей василевский кирилл капризовой инстаграм тамп,3,colloquial,Разговорный
motogp убойный набор факт статистика гран каталония два популярный европейский событие гран италия каталония это год весь неделя июнь воскресение большой приз каталония достаться один фаворит сезон интересно кто,3,colloquial,Разговорный
киз отправить домой бадос мэдисон киз четвёртый круг open обыграть паула бадос киз одержать девятый победа подряд это год выиграть матч один маленький чем предыдущий сезон keys,3,colloquial,Разговорный
кроссовок прислать советовать подписываться магазин ссылка коммент,3,colloquial,Разговорный
краткий итог тара человек день завеский тестовый сделать быстро сам удивить завеска отработать система приноровиться косяк провести первый верёвка квадрокоптер наш старый блоковский лебёдка отработать максимум тот год напрыгать прыжок это получиться маленький ливень сильный ветер больший зависимость этот огромный система погода долго приводить первичный параметр после любой растяжение верёвка ещё считать тара тяжёлый объект весь тяжесть удовольствие другой вид проблема бороться понравиться несмотря договорённость регион возникнуть больший административный сложность скорее весь объект отправляться архив грустно прийти время двигаться далёкий,3,colloquial,Разговорный
han петтереть нортугой заняться свой любимый дело снова дразнить швед теперь преддверие женский скиатлоно пройти сегодня олимпийский игра пекин петтереть нацепить шведский очки напомнить весь фраза свинья сказать адрес шведский журналист чемпионат мир осло тогда эстафета нортугой остановиться финишный черта издеваться маркус хельнер эксперт канал предсказывать сегодня состояться захватывать поединок норвежский шведский лыжница колебание называть соотечественница тереса йохауга главный претендент золото тереса стать хороший после тот гонка лиллехаммер проиграть фрид карлссон после это стать старый добрый тереса думать оба девушка форма смотреть настроение поведение карлссон хотеть разговаривать йохауга сайзер альма отличный форма являться фаворит уверенность карлссон означать тереса ничего должный принимать должное развитие гонка мнение нортугой быть выглядеть йохауга взвинтить темп сам начало постараться помешать карлссон андерссон присоединиться побежать шведка должный готовый жестокий старт высота,3,colloquial,Разговорный
открыть предзаказ бестиарий второй редакция ролевый книга страница который подробно иллюстрация рассказываться сотня разнообразный создание обитать мир голарион предел встретить противник союзник знакомый уникальный создание бестиарий стать удобный инструмент каждый активно пользоваться основной книга правило выпускать кракен предзаказ,3,colloquial,Разговорный
первый неделя бесплатно мобильный связь спам скрытый платёж удобный конструктор тариф бесплатный тестовый период заказать бесплатный доставка сие карта ссылка,3,colloquial,Разговорный
весь добрый время сутки я всегда вызывать интерес такой тема правильно говорить макароны паста допустить тот спагетти точно разновидность паста знать макароны дилемма многие считать макароны разновидность рожок спираль спагетти лист лазание считать макароны просто разновидность итальянский паста перейти прижиться словарь даля пояснение макароны итальянский труба думать макароны разновидность паста,3,colloquial,Разговорный
благодарить участник партнёр волонтёр rhr вести около атлет абсолютно возраст принять участие сегодняшний плогинга участок вести город дмитр точный количество собранный отправить переработка мусор сообщить начало следующий неделя пока предлагать оценить масштаб проделать участник работа фотография спасибо дорогой друг делать мир чистый хороший wearegrut,3,colloquial,Разговорный
спокойствие шторм общий паттерн спарринг джиу джитсу относительно длинный период малый активность который следовать всплеск напрячь гиперактивность который вновь следовать ещё более долгий период относительный неактивность цикл продолжаться тот пора пока добываться победа период очевидный неактивность действительность очень активный утончить способ атлет соревноваться какой небольшой иногда невозможный восприятие преимущество сделать внезапный резкий движение более вероятный успех добываться преимущество следовать мощный атака требовать столь мощный противодействие оппонент создавать внезапный увеличение уровень активность быть продолжаться победа неудача кто либо атлет попытка забрать балл результат что договориться тот стоить стремиться тот искать перейти очередной тихий фаза утончить подготовка научиться играть этот смена передача больший часть ваш развитие правило новичок просто рваться вперёд весь схватка очень быстро уставать мочь забрать быстрый победа такой подход обрекать поражение слишком пассивный движение протяжение слишком долгий время создавать столь низкий уровень активность утомить свой оппонент смочь выстроить давление приносить решительный победа схватка посередине верный путь учиться сочетать нужда период низкий активность основной упор тактика подготовка короткий взрыв напрячь активность основной упор взятие балл финиширование играть два незаметно смочь бороться протяжение долгий время производить достаточно давление оппонент утомить такой степень достижение решительный прорыв стать гораздо более вероятный источник,3,colloquial,Разговорный
гран sgp гран швеция маллил начало мск видео текст,3,colloquial,Разговорный
ребята крч подгон бесплатный подписка яндекс плюс день бесплатный просмотр фильм прослушивание музыка лично продлить ибо доступный вполне адекватный цена возможность затестить потом продлить самостоятельно ещё мочь получить балл сервис яндекс получать балл такси маркет еда лавка другой сервис яндекс потом тратить новый поездка покупка заказ развлечение акция доступный новый пользователь весь россия ссылка промокод наш группа khb,3,colloquial,Разговорный
здесь баскетбол яркий кроссовок майка год выполнить заказ,3,colloquial,Разговорный
готовый матч кидать ссылка трансляция комментарий обсуждать матч здесь,3,colloquial,Разговорный
боец жёстко тупить бой топ глупый ошибка боец мма боец повелеть себя ребёнок танцевать октагон нокаутировать здороваться зритель вовсе воткнуть сам себя голова канвас подборка самый тупой поражение боец мма,3,colloquial,Разговорный
первенство россия биатлон хант мансийск масстарт юниорк год,3,colloquial,Разговорный
беговой кроссовок обзор сравнение качественный беговой обувь залог тот совершать пробежка бегать длинный дистанция получить травма занятие спорт быть эффективный бег спорт зож кроссовок беговаяобувь беговыекроссовка,3,colloquial,Разговорный
ска выйти второй раунд плей офф кхл четвёртый раз обыграть минский динамо динамо минск ска стремвалля альмквист бек кузьменко бурдас лехтонный альмквист стремвалля гусев кузьменко бурдас хуснутдинов галим волков швец рогов воробьёв стремвалля,3,colloquial,Разговорный
космический корабль отклоняться задать курс разбиваться неизвестный планета теперь один цель выжить канал твой игровой ребята пытаться спастись враждебный планета настольный игра крио крио обзор видео крио,3,colloquial,Разговорный
тут рассказать чат друг алексей попов телега чувак реально называть свой фанат друг выложить ссылка простенький тест надо минута написать чемпион привычка человек далёкий понимание история вписывать туда победитель чемпионат мир среди гонщик минутный дело оказаться алексей львович воспитать отличный поколение фанат этот ваш эфадин способный запомнить фамилия гонщик тот ввести хилла росберг система засчитывать сразу фил грэм кек нико человек результат,3,colloquial,Разговорный
комитет srl отстранить русский стража участие гонка качество альтернативный решение стража должный подписать документ анонимность снять флаг свой сперроу объяснить комитет после подписание запрещаться петь гимн старый россия ответ заявление комитет srl железный лорд организовать танковый биатлон саладин железный храм стена остаться танк мочь использовать цель организация соревнование танковый биатлон,3,colloquial,Разговорный
московский спартак приобрести право летний нападать сергей лукьянцев уроженец уссурийск выпускник школа бердский кристалл год рождение набрать очко игра дебютный сезон молодёжный лига сармат оренбург успеть дебютировать профессиональный уровень сыграть команда высокий хоккейный лига южный урал орск,3,colloquial,Разговорный
мирить садыг побеждать анатолий надратовский нокаут первый раунд,3,colloquial,Разговорный
ferrari намечаться раскол после финиш сильверстоун леклер выразить недовольство действие свой команда кроме тот механика работать монегаск отказаться праздновать победа другой пилот ferrari карлос сайнс стан скудерий наметиться раскол тот произойти после финиш гонка рассказать итальянский журналист альберто антониня рассказать безобразный эпизод иметь место после финиш гонка я причина доверять этот некоторый сотрудник команда поначалу отказаться выходить церемония награждение фотосессия очень плохой знак спороть каждый механик инженер мочь болеть свой пилот должный думать весь команда небольшой здоровый соперничество внутри гараж полезно прекрасно каждый механик каждый техника болеть свой гонщик общий интерес должный направить победа тут можно вспомнить несколько год назад команда yamaha motogp механика хорх лоренцо отгораживаться механик валентино росся дойти это ferrari,3,colloquial,Разговорный
ебануться мочь разыграть какой стикер пак прикол условие тип лайк запись итог пятница допобаченний,3,colloquial,Разговорный
быть личный враг драка охранник блогер шерегеш получить внезапный развитие пострадать записать оригинальный видео прощение несколько день назад один кафе горнолыжный курорт шерегеш произойти скандал охранник наброситься посетитель избить пострадать оказаться блогер вова ветер происшествие рассказать свой соцсеть видеокадр место происшествие моментально разлететься социальный сеть сми спустя несколько день блогер успокоиться вновь вернуться этот тема записать ещё один видеообращение опубликовать свой instagram хотеть опять сморозить свой шутка плоский род тип я весь ночь пытать спецслужба хотеть забрать заявление заставить я встать сноуборд один очень мудрый человек сказать вдруг он ребёнок говорить называться сострадание сегодня мой любимый приносить два полоска прощать прощать захотеть побить отомстить быть мой личный враг говорить видео участник потасовка кафе напомнить охранник блогер сначала возникнуть словесный перепалка после что охранник завалить блогер пол затем избить нога затем вытащить потерпевший улица бросить снег обстоятельство происшествие настоящий момент разбираться правоохранительный орган вова ветер блогер рассказывать путешествие активный отдых свой жизнь он тысяча подписчик более тысяча сеть instagram сам себя именовать инкарнация чак норрис сеть иметься информация тот совсем стандартный поведение блогер блокировать въезд некоторый курорт ряд кафе читать полностью,3,colloquial,Разговорный
прекрасный стратегия приводить потрясать финиш невероятный шестой позиция результат сложно показать наш командный мостик постараться победить макс десятый позиция,3,colloquial,Разговорный
хотеть рассказать фанфик название придурок кевин создавать общий чат команда разумный цель лис устраивать полный хаос админ печенька печенька aftg aftg aftg foxes,3,colloquial,Разговорный
быть победитель принять участие включить уведомление новый запись оставить комментарий лайк результат,3,colloquial,Разговорный
начинаться ваш день ребята прийти время активировать новый промый использовать получить баланс советовать поторопиться количество активация ограничить,3,colloquial,Разговорный
motogp немецкий сми уверить запуск команда gasgas motogp подтвердить red немецкий близкий контакт ktm уверенный гран австрия dorna ktm объявить запуск новый заводский проект вместо уходить motogp быть gasgas несмотря весьма уклончивый таки отрицательный ответ босс ktm пит байер журналист считать gasgas должный вступить игра именно год появиться moto moto наконец motogp заводский команда суть быть ktm весь корпорация время создание нуль совершенно новый подразделение motogp зато заводский саттелита фактически оказывать ktm гоночный услуга предоставлять свой квота мотоцикл коллектив база наём пилот заниматься ktm зарплата платить завод год стать сезон цвета ktm состав команда почти предрешить пол эспаргаро подтвердить сам пит байер кандидатура реми гарднер висеть воздух вопрос исключительно тот принять австралиец условие контракт просто уверенный принять себя груз ответственность развитие бренд gasgas предпринимать это абсолютно никакой дополнительный шаг босс штефан пир один июльский интервью чётко дать понять план вывод gasgas motogp план иначе год стартовый решётка сократиться гонщик dorna сохранить политический статус кво поскольку клиент гарантироваться участие чемпионат производитель бренд,3,colloquial,Разговорный
владимир бородулин отмечать сегодня летие поздравлять счастие удача желать новый достижение успех здоровье лёгкий тренировка пусть твой трудолюбие упорство всегда приносить желаемый результат выводить высокий уровень награда пусть быть сила дух здоровье красота,3,colloquial,Разговорный
подборка бытовой спортивный фотография прекрасный волейболистка диагональный нападать национальный сборная республика беларусь питерский жвк ленинградка очаровательный анастасия гарелик настя преуспеть нападение мощь огонь стремительный атака оставлять соперница шанс прекрасный спортсменка сомнение глубоко творческий личность помимо кулинария рисование настя блистать талант делать красивый фотография весь снимок эстетичный насыщенный просто приятно смотреть быть природа натюрморт конечно каждый персональный болельщик мечтать попробовать фирменный сырник анастасия виртуозно уметь готовить умница красавица,3,colloquial,Разговорный
конкурсгранить полторашка раз полторашка тема бесконечность предел ключевой особенность прошлый конкурс ограничение компонент ограничение необычный участник должный быть разработать игра поддерживать бесконечный число игрок иметь это конечный число компонент подход мочь допечатать дополнительный бланк ссылка подходить условие конкурс весь прислать работа который мочь ознакомиться ссылка оценить концепт свой товарищ комментарий рассказать идти работа игра просить проголосовать опрос ниже помочь определить хороший работа конкурс обращать внимание мочь выбрать несколько вариант ответ результат конкурс быть дать комментарий самый высокооцененный работа отдельно отметить работа понравиться автор полторашка,3,colloquial,Разговорный
президент татарстан рустам минниханов вручить камил валиев государственный награда республика орден дуслыко минниханов отметить олимпиада пекин валиев показать выдающийся мастерство уровень подготовка заявить спортивный успех служить отличный пример начинающий спортсмен,3,colloquial,Разговорный
сегодня март грозный разыграть первый комплект награда финальный поединок пройти юноша девушка год юниор юниор год участник возрастной категория мужчина женщина провести полуфинальный поединок финал быть транслироваться телеканал матч боец телеканал триколор старт,3,colloquial,Разговорный
отличный утро хороший пятница желать тая гиббс nascar,3,colloquial,Разговорный
конкурс isu isu объявлять розыгрыш хороший камбэк спортсмен минувший сезон перевести отрывок юдзура полный версия доступный канал ссылка ниже великий момент выиграть четыре билет мероприятие isu ваш выбор это сезон спортсмен бросать вызов себя возвращаться выбрать ваш любимый вид спорт просмотреть вдохновлять видео проголосовать самый хороший момент ссылка голосование instagram team hanyu faoi,3,colloquial,Разговорный
сицилианский защита шахматный дебют начинаться ход сицилианский защита иметь воинственный природа многий вариант чёрный бороться равенство перевес недостаток являться белые часто первый получать инициатива чёрный нужно позаботиться тот стать жертва быстрый атака основа дебют лежать идея создание асимметричный позиция многий вариант возникать позиция разносторонний рокировка вести острый тактический борьба частый весь противовес инициатива белый королевский фланг чёрный стремиться развить инициатива ферзевый фланг подготовить контрудар центр,3,colloquial,Разговорный
продать указать покупать указать продавать привод снаряга указать обменивать описать товар являться оружие продать патч зак любой цена индивидуально вср тюн версия левша правша цима новый комплект фото комплект фото блок ввд китер комплект фото жуков фото тепловизор люпольд трекер защита прицел тепловизор хайкамп кастомс ввд подробный личка пересыл отзыв местонахождение новороссийск наличие пересыл наличие пересыл фото публиковать цена пётр козловский,3,colloquial,Разговорный
юрий котляр продолжать благородный труд перевод нри экспансия мрачный человечество распространиться солнечный система умудряться сам себя уничтожать этот игра предлагаться влезть шкура космический работяга неудачник чей голова беда сыпаться рог изобилие,3,colloquial,Разговорный
парный встреча сожаление даниил медведев талон грикспур потерпеть поражение голландский пара хася мидделкоп два сет,3,colloquial,Разговорный
ответить вопрос событие чувствовать соответствовать свой стандарт,3,colloquial,Разговорный
дядя новак джокович испытание австралия продлить карьера вместо тот уйти через год поиграть ещё год,3,colloquial,Разговорный
знакомиться ещё один партнёр забег компания формтотикс дистрибьютор индивидуальный ортопедический стелька новый зеландия стелька формтотикс использовать спортсмен ребёнок подросток человек плоскостопие человек чей работа связать постоянный движение стелька формоваться врач каждый клиент учёт особенность стопа формтотикс подойти любой обувь спортивный кроссовок зимний ботинок хотеть улучшить спортивный результат сделать шаг комфортный жизнь большой информация стенд формтотикс экспо grut экспо быть работать врач подиатр провести бесплатный осмотр изготовить стелька специальный цена время соревнование ориентироваться логотип атлет встать пьедестал место абсолют основный дистанция забег grut дистанция hard получить сертификат изготовление стелька участник смочь выиграть особенный приз формтотикс,3,colloquial,Разговорный
наш черёд побеждать овертайм должный прийти дмитрий квартальнов ответить вопрос журналист после победа авангард,3,colloquial,Разговорный
протест red отклонить удовлетворить несколько час потребоваться стюард гран сша рассмотреть два протест haas повод результат гонка итог протест повод машина серхио перес который оторвать торцевой пластина передний антикрыло отклонить протест повод машина фернандо алонсо ехать повредить зеркало поздний оторваться стюард удовлетворить пригласить качество эксперт представитель fia стюард согласиться болтаться после авария правый зеркало машина алонсо представлять себя опасность другой участник отсутствие необходимый регламент два зеркало потенциальный возможность нанесение травма другой гонщик итог результат алонсо добавить секунда эквивалентный секундный штраф stop дистанция гонка никакой штрафной балл испанец получить поскольку произойти виноватый команда итоговый протокол алонсо опуститься место команда проинформировать возможность подать апелляция,3,colloquial,Разговорный
моточерепаха turtle весь боль знакомый боевой классика проверить время сей пора являться хороший выбор человек идти сочетание цена комфорт безопасность дать черепаха выполнить высококачественный материал первичный пластик регулировочный резинка высокий качество укрепить шов противоударный демпфировать пенка высокий качество черепаха спроектировать учёт анатомический особенность человеческий тело защитный модуль можно отрегулировать утянуть свой фигура изделие ограничивать движение выпускаться три цветовой решение чёрный оранжевый белый лёгкий сетка позволять тело дышать перегреваться особо жаркое день элемент защита выполнить самый последний технология стандарт гарантировать ваш сохранность случай тот пойти план моточерепаха turtle gray цена руб наш сайт интернет магазин оформить заказ телефон мотоэкипировка байкер защита мотошлем шлем мотоцикл,3,colloquial,Разговорный
продать указать продавать навигатор описать товар часы ambit sport оригинал забивать координата прям часы идти нужный точка вести очень точно огромный количество функция настройка gps компас связь телефон связь трек шагомер куча тренировка зарядка комплект водонепроницаемый рубль пульсометр рубль краснодар пересылать местонахождение краснодар наличие пересыл наличие пересыл фото публиковать цена влад зелентс,3,colloquial,Разговорный
навернр хороший опрос история этот группа накидать уйма вариант название предыдущий пост хоть гусар должный быть молчать смочь поделать здесь решать большинство выбрать официальный победить название,3,colloquial,Разговорный
новый руководитель команда aston стать майк крэк заменить уйти отмара сафнауэр такой майк прийти работать команда год начаться карьера работать bmw время выступление формула интересно тесно сотрудничать себастьян феттель дебютировать именно bmw работать вместе технический директор андреас зайдль команда wec босс bmw автоспорт последний год отвечать программа imsa контролировать прогресс категория lmdh общий человек опытный знающий посмотреть что привести aston вместе лоуренс стролл мартин уитмаршом,3,colloquial,Разговорный
пустовой ход белый мат ход задачишахматы,3,colloquial,Разговорный
олимпийский зимний игра прямой трансляция сегодня февраль смотреть прямой трансляция соревнование кёрлинг рамка олимпийский зимний игра год пекин канал матч игра матч ваш внимание предлагаться следующий встреча команда окр великобритания женщина комментатор матч выступить анна сидоров александр логинов,3,colloquial,Разговорный
регистрация открыть vii зимний полумарафон оставаться маленький время дата дистанция стартовый финишный городок ккт космос открытие городок выдача стартовый пакет участник декабрь екатеринбург металлург мег инногородний декабрь поздний чем час старт жить екатеринбург день старт выдача платный руб первый суббота зима участник встречать бег пробегать исторический набережная городской пруд можно увидеть самый популярный достопримечательность выбрать дистанция сила регистрироваться ссылка встретить зима бег eamarathon зимнийполумарафон,3,colloquial,Разговорный
обзор матч вашингтон кэпиталзти аризона койотис регулярный чемпионат,3,colloquial,Разговорный
глaвный тренер голден стэйт подтвердить клэя томпсон после возврaщение быть появляться стaртовый пятёрка баскетбол,3,colloquial,Разговорный
корь эверсон шестикратный мисс олимпий категория женский бодибилдинг девушкинаспортехорошить,3,colloquial,Разговорный
ваш бегофоточка публикация присылать комментарий этот пост сейчас свой заряд бодрость позитив делиться участник наш группа наш беговой друг наталья быкасова дорошенко самойленко серяк пучкина исаков лоцмановый соболев пермяк чепусенко лескин спасибо ваш бег дорогой друг всегда очень рада лёгкий нога бегжизнь делисьбегом спорт забег пробежка бегануть sport,3,colloquial,Разговорный
голландец ника катсбург вернуться гонка кубок мир wtcr заключительный этап бахрейн саудовский аравия состав brc team быть выступать вайлдкарда смочь набирать очки зачёт пилот цель катсбург быть помощь микель азкон завоевать чемпионский титул последний время ника большой выступать гонка оставаться программа выступать полностью электрический car wtcr tcr etcr,3,colloquial,Разговорный
motogp эров поншараль мигель оливер задеть решение ktm уверенный ехать хороший миллер комментировать ситуация вокруг команда ktm motogp французский издание босс эров поншараль объяснить резкий смена позиция мигель оливер июнь год отношение маттигхофен эго португалец уязвить,3,colloquial,Разговорный
конкурс день awm stickerbomb условие подписка я поставить лайк написать любой комментарий итог через день,3,colloquial,Разговорный
документальный сериал морихэя уэсиб айкидо перевести озвучить александр смирнов айкидо вагоре александр смирнов айк будо мина белый такэмуса айк мина белый встреча приключение мина белый путь гармония мина белый,3,colloquial,Разговорный
motogp ktm показать ливрея заводский команда австрийский производитель провести свой презентация первый шесть марка чемпионат мир ktm предстоящий сезон motogp стать шестой история после дебют три последний год компания выставлять премьер класс общий сложность четыре байка два состав заводский коллектив эров поншараль год оказаться ktm непростой марк одержать два победа мигель оливейра стать сильный барселона брэд биндёр выиграть захватывать гран австрия рискнуть остаться слик начаться незадолго финиш дождь итог этап ktm заработать весь пять очко большой чем минувший сезон гран гонщик австрийский техника выиграть три раз зачёт марка ktm финишировать пятый проиграть очко чемпион четверг ktm показать цвет свой мотоцикл новый сезон оказаться очень похожий прошлогодний ливрея мотоцикл red ktm ktm год биндёр оливейра остаться заводский коллектив новый сезон предстоять выступать два новичок реми гарднер рауль фернандес итог занять два верхний строчка итоговый протокол moto зимой произойти перестановка структура руководство бывший босс pramac франческо гуидотти заменить майк ляйтнера пост тим менеджер наш группа сезон год стать самый успешный история цитировать пресс служба гоночный босс ktm пит байрер просто потрясающе что добиться стать чемпион moto moto motogp финишировать шестой невероятно мотивировать будущее теперь наш цель выступать стабильно ход уик энд финишировать пятёрка сражаться место тройка итог год знать очень серьёзный задача другой производитель нацеливаться хороший результат сейчас очень сильный команда база мотоцикл гонщик недавно гарднер упасть тренировка сломать запястье должный вернуться строй старт тест новичок motogp позволять большой ездить перед старт чемпионат отдельный сессия дебютант пройти сепанга январь февраль полноценный предсезонный программа стартовать февраль малайзия февраль продолжиться новый индонезийский трасса мандалик первый гран год пройти катар конец март,3,colloquial,Разговорный
остаться весь два ступень он получиться канадец овечкин после шайба источник звезда вашингтон кэпиталзти александр овечкин продолжать вписывать имя история нхл отмечать заокеанский сайт cbs sports вторник забросить шайба свой карьера поединок против нью йорк айлендерс обойти яромир ягра единолично обосноваться третий место список хороший снайпер время существование национальный хоккейный лига чешский хоккеист поздравить овечкин свой сравняться овечкин ягром прошлый неделя забить гол победный вашингтон кэпиталзти счёт поединок против калгари флэймза теперь большой гол чем овечкин время существование лига иметь свой счёт уэйн гретцк горди хоу предлагать ознакомиться отреагировать исторический шайба ови посетитель канал канадский sportsnet переводиться самый заплюсовать комментарий момент публикация бесподобный такой момент перед наш глаз твориться история поздравлять ови остаться весь два ступень он получиться peter donkey doo помнить какой ажиотаж присутствовать перед начало сезон первый год овечкин лига прим ред рад представиться возможность наблюдать развиваться карьера просто оправдать ажиотаж лихва превзойти ожидание the legend видеть перед свой глаз выступление протяжение этот год являться огромный честь битва кросби первый кубок стэнли бить через край талант каждый игра исключение мой поздравление алекс ждать дождаться побить рекорд masoko tanga точить точить такой бросок забить гол четвёртый игра первый раунд чемпионский плей офф против коламбусы блю джекетс бросок он просто сумасшедший понимать удаваться вкладывать он столько мощь тот нога он почти шевелиться кроме тот обращать себя внимание поразительный точность легенда hayward являться болельщик кэпс очень любить ови парень образец стабильность великолепно stentor sparta седовласый легенда обходить обладатель сам чумовой причёска история хоккей список хороший голеадор история сложно осознать исторический событие автор андрей лозовский,3,colloquial,Разговорный
эпидемия уфа продолжать расти тренер физический подготовка унывать,3,colloquial,Разговорный
патрик беверлить отреагировать свой страница новость обмен юта лейкерс проснуться игрок лейкерс понестись,3,colloquial,Разговорный
слово дуэйн уэйд любимый момент плей офф третий игра финал год против даллас маверикс легендарный фраза третий домашний игра даллас вести серия счёт третий игра флоридец выдаться крайне тяжёлый едва разгромный тот необходимый поскольку отыгрываться один команда история ход четвёртый четверть хит уступать маверикс очко пэт райли взять тайм аут написать доска season означать окончательный результат поражение матч соответственно весь серия сквозь стиснуть зуб уэйд сказать уйти такой образ изменить динамика матч набрать очко заключительный четверть матч помочь команда одержать победа это матч затем ещё три подряд много год арена хит коридор оклеить чемпионский фотография единственный слово можно найти самый цитата уэйд который выбрать именно райли посмотреть время шесть половина минута конец матч мой команда проигрывать очко момент сказать себя уйти такой образ такой важный момент себя дом дуэйн уэйд статистика игра минута площадка очко игра треха штрафной подбор передача перехват потеря фол,3,colloquial,Разговорный
сборная югра занять второе место финал первенство россия белгород команда воспитанник сшоры самотлор два волейболист сургут один покачи тренер антон вольвич александр платонов,3,colloquial,Разговорный
месси гол ассистовый матч сезон псж сборная аргентина лео снова космический уровень,3,colloquial,Разговорный
монт карло алехандро давидович фокин стефанос циципас обидчик джокович действовать чемпион,3,colloquial,Разговорный
преддверие тур юфл предлагать взглянуть составить мы символический сборная дебютный тур сезон,3,colloquial,Разговорный
юбилей джакомо агостиня великий мотогонщик планета год великий аго родиться июнь год брешие италия карьера прийтись год бурный развитие мотогонка больший мотоциклетный приз шагать планета семимильный шаг завоёвывать новый континент японский производитель вступить схватка европейский джакомо агостиня всегда ассоциироваться именно итальянский мотопром достигнуть больший часть победа стать неотъемлемый часть всемирный история выступать yamaha,3,colloquial,Разговорный
ракетка мир российский теннисист карен хачан третий круг open уступить испанец рафаэль надаля занимать пятый место мировой рейтинг четвёртый раунд открытый первенство австралия надаль сыграть россиянин аслан карацев француз адриан маннариный,3,colloquial,Разговорный
гарбинья мугурусый проиграть последний матч испанский теннисистка итог этот неделя покинуть топ мировой рейтинг,3,colloquial,Разговорный
занимательный статистика карта забанить большой аккаунт ожидать топ возглавлять,3,colloquial,Разговорный
быстро передать сообщение смс ещё изобрести брать письмо путь страница комикс игра легенда рыцарь послание судьба путь герой никогда простой раз встретиться преграда готовый помешать отважный подвиг чем закончиться приключение зависеть каждый принять решение быть вести нужный страница кстати тут два режим игра лёгкий оруженосец сложный рыцарь цена руб,3,colloquial,Разговорный
юдз аджиномото милый видео который снятой процесс запись рекламный ролик розыгрыш аджиномото юдз аджиномото производить спортивный питание сейчас официальный аккаунт твиттер идти розыгрыш специальный серия продукт разработать специально юдзура сам поучаствовать запись небольшой ролик розыгрыш положить субтитр короткий милый бекстейдж этот запись team hanyu,3,colloquial,Разговорный
фото привет владелец жига новый год подснежник желать чтоб новый год быть деньга нештячка тачка ломаться мозг,3,colloquial,Разговорный
зенит семак ловрен сергей семак надеяться ловрен приехать зенит после сборная быть готовый помогать команда сергей семак надеяться возвращение деян ловрен сборная хорватия себя чувствовать чистяков заменить травма ещё смочь сыграть арсенал ситуация наш травмированный игрок практически измениться ловрен продолжать реабилитация получить вызов национальный сборная надеяться после это приехать быть готовый помогать команда касаться дима чистяков думать быть нормально смочь принять участие матч касаться магомед оздоева начинать сегодняшний день тренироваться общий группа вендеть дисквалификация смочь принять участие заболеть саша ерохин сожаление помочь следующий матч про одоевский говорить готовый быть тактический перестроение связь отсутствие вендеть сделать точечный замена позиция посмотреть ещё два день проанализировать состояние игрок подумать хороший сыграть учёт соперник состояние наш футболист какой игрок удобный выходить тройка центральный защитник какой четвёрка простой зависимость функциональный состояние футболист выбрать модель который планировать играть сказать тренер зенит,3,colloquial,Разговорный
трёхкратный чемпион cars late бобби маккарти попробовать квалифицироваться гонка нью гэмпшире состав коллектив удаться заезд нью гэмпшире стать дебют летний спортсмен nascar,3,colloquial,Разговорный
скоро это парень быть куча видео proбаскет,3,colloquial,Разговорный
холодно машина греть печка тогда промывка радиатор печка снятие промывка весь система охлаждение отдельность,3,colloquial,Разговорный
помогать говорить текущий событие лакмусовый бумажка весь наш общество сразу стать понятно кто чей сторона кто какой ценность жизнь оружейный среда произойти точно стыдливо отмолчаться тип я касаться мой хата край вообще другой просто расставить приоритет молча пойти работать надо чем заниматься знать следить новость этот схема достать найти узнать отвезти ещё один человек константин кузнецов костя помогать поиск некоторый специализированный вещь оружие кронштейн прицел переходник частично помочь медицина помощь переоценить трудно благодаря участие ребята днр теперь возможность ставить кой какой теплак автомат знать очень хороший задеть бой сам костя очень много помогать высокоточник многие снайперский выстрел победа передовой заслуга ещё снимать писать много что дельный точный стрельба заходить пожалеть качество дружеский подгон прислать футболка патч который ещё май отправиться проверять угломерный дальномерный сетка оптический прибор перископ артиллерийский буссоль следующий партия груз отправиться передовой боец легендарный спарта остальной сбор средство прежний идти понятно интенсивность слегка спасть кошелёк резиновый радовать человек равно находить возможность помочь хоть чем хотеть помочь прежний можно скинуть деньга сюда роман андреевич перевод желательно отправить сообщение наш потерять живой здоровый скоро выпустить два новый сюжет такой объёмный предыдущий считать важный,3,colloquial,Разговорный
брат покупка довольный спасибо подписываться магазин ссылка коммент,3,colloquial,Разговорный
друг рада сообщить наш сообщество провести первый свой род викторин знание история королевский клуб денежный приз участие викторин необходимо стать дон наш сообщество минимальный подписка руб месяц перейти закрытый беседа меню взаимодействие получение дополнительный информация викторин пройти февраль московский время,3,colloquial,Разговорный
раф надаль активно тренироваться индиана уэллс турнир стартовать март думать удаться завоевать четвёртый титул четыре турнир,3,colloquial,Разговорный
оклахома сити тандер лос анджелес гилджес александер подбор ассистовый перехват дорт мэнн уиггинс перебороть робинсон эрл старт покушевский подбор уильямс бэйзлить подбор мускал дженг,3,colloquial,Разговорный
тотальный доминация хабиб клетка время бой хабиб разговаривать соперник заставлять быстрый сдаться,3,colloquial,Разговорный
обзор первый полуфинальный матч итальянский суперлига перуджа модена луб чивитанов трентино,3,colloquial,Разговорный
настольный ролевый игра приключение который бросок куб мочь радикально поменять ход событие уникальный персонаж неповторимый приключение история бесстрашный герой бросить вызов судьба давать выбрать самый крутой выпуск серия настольный ролевый игра год наш издательство genesys основный книга правило игра genesys позволять проводить приключение любой мир магический фэнтезийный мир чужой планета далёкий будущее уничтожать орда ожить скелет священный пламя исследовать новый мир паровой дирижабль соревноваться сообразительность инопланетный военачальник изобрести абсолютно уникальный мир ведьмак настольный ролевый игра дневник охотник чудовище это дополнение найти целый ряд новый чудовище увлекательный завязка приключение подробно прописать система расследование настольный ролевый игра второй редакция основный книга правило здесь найти подробный информация о весь понадобиться приключение безграничный фэнтезийный мир выбрать один народ стать например эльф человек гоблин добавить один класс взять себя роль алхимик воин чародей создать собственный уникальный герой ищущий слава dragons врата балдура нисхождение авернус это дополнение поджидать смертный грех стать сообщник заговор вести передовой кровавый война ваш задача воспользоваться демонический оружие сразить они сам архидьяволица зариэль верный легион red стартовый набор игра погружаться постапокалиптический кибернетический мир после грандиозный война мегакорпорация закончиться ядерный взрыв предстоять отыгрывать персонаж жить год легенда пять кольцо стартовый набор восточный фэнтези основать история культура легенда восточноазиатский страна китай япония корея другой сюжет игра происходить внутри рокугана изумрудный империя основать пасть небо потомок бог игрок принимать роль самурай один клан многое определять самый воспитание характер свой герой боевой тактика навык переговоры выбрать можно несколько вариант голосование этот номинация продлиться февраль напоминать хороший игра разыграть среди подписчик жать колокольчик пропускать уведомление конкурс номинация,3,colloquial,Разговорный
motogp герой день алеш эспаргаро рассказать свой приключение гран нидерланды алеш эспаргаро вне всякий сомнение стать герой минувший воскресение весь гонка гран нидерланды торпедировать соперник вернуться гонка отыграть позиция стать причём алеш из сила пытаться донести остальной фабио куартарарый сбить круг являться анти герой этот ситуация,3,colloquial,Разговорный
год бегать крутой скин мечтать дорогой инвентарь прийти время изменить начать свой жизнь чистый лист новый крутой дропчик поднимать хороший сайт лидер среди опенкейс активировать промокод csgo получить огромный бонус пополнение,3,colloquial,Разговорный
iii награждение победитель номинация хороший игрок команда стать евгений кучер клубничка получить приз билет музей николай рерих поздравлять почётный второе подробный музей сайт фото артём третьяк,3,colloquial,Разговорный
брайан маклеллан рассказать давление александр овечкин,3,colloquial,Разговорный
тираж крутой майка участник казань комуса fest путь наш склад показывать классный форма достаться весь участник отдельно купить быть нельзя бронировать участие казань комуса fest состояться июнь количество слот ограничить,3,colloquial,Разговорный
всероссийский соревнование посвятить летие тольяттинский спидвеять тольятти стк степанов церемония награждение закрытие сезон,3,colloquial,Разговорный
добрый утро сложно опубликовать старый правило дзюдо участвовать желать,3,colloquial,Разговорный
воскресение нижегородский кольцо сегодня вчера второй этап рскг присутствовать целый три представитель группа привезти себя сотня фотография разобрать обработать представимый подробный красочный фотоотчёт рскг tcr,3,colloquial,Разговорный
генменеджер каролина уверенный скорый подписание контракт мартин нечас общаться почти каждый день приближаться сделка мочь говорить себя быть сказать дон уодделла данные харрикейнс остаться около млн доллар свободный место платёжный ведомость,3,colloquial,Разговорный
андрей сафронов каприз напоминать крутовый похожий катание движение анатомический сложение андрей сафронов сравнить кирилл капризов владимир крутовый кучеров василевский надо переживать ребята таки стать трёхкратный обладатель кубок стэнли капризов больший труд свой работа добиваться тот иметь каприз какой специалист наверное прочесть удивиться многий отношение напоминать великий хоккеист владимир крутовый вроде что хватать вроде ещё дополнительно боец быть продолжать удивлять болельщик свой русский залихватский характер панарин про панарин говорить маленький праворукий нападать каприз леворукий владимир евгениевич крутовый чем похожий катание движение анатомический сложение думать капризов панарин можно ждать прорыв сказать бывший генеральный менеджер сборная россия,3,colloquial,Разговорный
статистика обамеянг барселона матч гол ассистый алеманя спасибо,3,colloquial,Разговорный
motogp квартарарый абсолютно зацеп первый круг итог практика motogp аргентина фабио квартарарый занимать место топ стартовать гонка шестой финишировать действовать чемпион мир восьмой сильно провалиться начало гонка после первый круг пилот yamaha занимать место после второй мой старт хороший поворот ещё после я обогнать ещё большой гонщик длинный прямой первый круг стать я ночной кошмар я абсолютно зацеп первый два круг пройти разочаровывающий потерять очень много позиция начинать четвёртый круг ситуация немного улучшиться старт уровень сцепление плохой чем практик очень расстраивать резина чуть износиться стать быстрый момент отстать слишком сильно очень рад алейша очень усердно работать ради это результат выиграть свой первый гонка хороший момент мой карьера думать он победа ещё ценный после гран,3,colloquial,Разговорный
чикаго сравнять счёт серия действовать чемпион милуока чикаго милуока антетокунмпо подбор передача лопеза подбор миддлтон подбор передача холидэя подбор передача мэттьюс аллен коннаутон портис картер чикаго дерозан подбор вучевич подбор лавина уильямс подбор карузый передача уайт джонс грин подбор досунм томпсон счёт серия,3,colloquial,Разговорный
приморье планировать построить современный горнолыжный курорт инвестиционный проект создание горнолыжный курорт база краевой школа олимпийский резерв белый гора арсеньев обсудить четверг январь совещание провести губернатор приморский край олег кожемяко проект планировать реализовать принцип государственно частное партнёрство концессия,3,colloquial,Разговорный
жена виктор вальдес очень сочный женщина предлагать поддержать лайк приближать третий фоточка,3,colloquial,Разговорный
motogp маркес телеметрия допускать ложь слишком быстрый марк маркес выглядеть особенно обеспокоить вечером после первый практика индонезия несмотря место итоговый протокол motogp падение конец второй практика марк маркес новый каркас задний покрышка более жёсткий изменять площадь контакт резина асфальт стать маленький соответственно сцепление уменьшиться менее гоночный темп хороший чувствовать себя неплохо ожидать плохой конечно демонстрировать хороший темп сложный чем тест неплохой уровень посмотреть смочь завтра стать хороший быстрый авария случиться неподходящий время пытаться проехать реально быстрый круг такой мочь случиться целое довольный день жаль падение топ цель причина падение слишком сильно затормозить слишком быстрый сказать сразу вернуться бокс телеметрия допускать ложь нужно врать пересечь грань посмотреть быть чувствовать себя завтра надо быть постараться пробиться топ итог мягкий покрышка сразу почувствовать себя хорошо смочь закончить круг целое сказать день пройти хорошо надеяться завтра утром быть сухо,3,colloquial,Разговорный
mma makamma форма саша жаирзиньё пред бой бой пройти ночь суббота воскресение около час ночь,3,colloquial,Разговорный
весь привет кто нибыть штучка целый ненужный,3,colloquial,Разговорный
клиентский онлайн игра выполнить жанр постапoкалиптический экшный игрок предстоять собрать десяток запчасть уникальный броневик сражаться жаркий бой игра предоставить полный свобода действие возможность собрать машина любой сложность форма отстреливaть необходимый деталь вражеский броневик использовать огромный ассортимент оружие бронь создавать аксессуар собственный мастерская главный задача победить остаться живой ссылка игра,3,colloquial,Разговорный
news lamppost warhammer чувствовать начать забывать существование джойтой держать новость показать примариса бладовый заманчивый нагрудник дредноут сообщение один сотрудник джойтой тот двигаться верный направление готовиться показывать ещё большой новинка скорость выход который зависеть готовый больший механический тирана маршал чемпион механический монах запретный трупёс монахиня кидать ваш предположение намекать господин ебей появиться лот покрасить несущий слово макфарлайн хсм который ещё показывать,3,colloquial,Разговорный
дизайнер мелусить вдохновиться работа австрийский художник густав климт портрет адели блоха бауэр золотой адель новость мария русс,3,colloquial,Разговорный
добрый утро друг потерянный затерянный фото октябрь объект сажа найти возвратить группа,3,colloquial,Разговорный
играть против xset первый раунд квалификация топ трансляция army,3,colloquial,Разговорный
продажа договорный матч заход уверенный коэффициент цена просто копейка новичок акция оплата место весь писать строго дело купить матч ждать желать,3,colloquial,Разговорный
финальный круг квалификация турнир wta палермо элина аванесян каролина алвес россиянка выйти основный сетка турнир,3,colloquial,Разговорный
один отчёт сбор помнить некоторый время назад делать сбор пошив бескаркасный носилки давно сделать просто отчёт добраться сейчас изготовить количество штука штука уехать ленточка сначала спарта спартанец сам раздать излишек соседний подразделение кто нужный ещё уехать наш нужда запросить несколько человек силовой ведомство наш город носилки выдерживать переноска требовать такой изделие вес человек полный снаряга брон выдерживать запас носилки иметь рукоять каждый сторона расположить близкий середина носилки удобно нести человек туда добавиться строп фастекс фиксация переносить человек тот вывалиться носилки сгрудиться вдруг начать двигаться пока лежать пол земля каталка размер носилки вес грамм сворачиваться весьма компактный свёртка длина диаметр ткань оксфорд строп нейлон ширина сторона который нужно укладывать раненый который видно строп начало работа этот направление ребята шить закупить материал ещё штука сверх тот заказать пока ткань дешёвый искать такой носилки тот отправить передовой свой знакомый мочь взять здесь отправка фронт ценник решить сделать себестоимость отправка себестоимость выйти хотеть себя личный нужда ценник доставка обида товарищ работа сейчас фронт индивидуальный заказ приходиться отвлекать человек основный производство рубль девочка швея сверхурочный работа много весь вопрос писать админ группа ром гюрзовский сбор наш прежний продолжаться данный момент оказываться посильный помощь инженерный сапёрный батальон какой увы сказать мочь выполнять задача один горячий направление делать разграждение минный поле просто очищать освободить территория неразрыв война война неприятный момент тут обходиться часть имущество утратить сейчас требоваться некоторый перечень вещь минимум металлоискатель читать миноискатель снайперский группа наблюдать местность прикрывать действие сапёр очень нужно два теплак два ночник свд сбор лежать он подключить ещё несколько сообщество данный момент считать жизненно необходимый помочь конкретно этот подразделение помочь деньга можно сюда роман андреевич перевод желательно отправить сообщение наш проходить даром победа быть непременно мы первый фотка одмена идти идти приуныть,3,colloquial,Разговорный
минута зона бесплатно объявлять розыгрыш подписчик группа батут парк ангар предоставлять возможность победитель бесплатно поиграть наш зона минута круто согласный участвовать розыгрыш нужно подписчик группа батут парк ангар нажать шапка группа рекомендовать подписаться уведомление ждать победа розыгрыш провести сентябрь наш группа помощь рандомайзер определимый победитель получить минута зона ангар иркутск ангар интересный просто тренироваться иркутск досуг спорт экстрим паркур,3,colloquial,Разговорный
футболка болельщик сборная россия заказывать скидка,3,colloquial,Разговорный
пупить отправляться сетка лузер выходить финал точно топ инта,3,colloquial,Разговорный
кидать ваш беговой фоточка публикация комментарий этот пост сейчас свой прекрасный бегом заряд бодрость позитив делиться наш беговой друг участник наш группа рафаэль шарафеев сайдулина седов коренев дедь троценко падук спасибо отличный бег дорогой друг отличный стартовый лёгкость нога быстрый бегокилометр бегжизнь делисьбегом спорт забег пробежка бегануть полумарафон,3,colloquial,Разговорный
расписание игровой день вхл металлург молотый мск омский крыло торос мск рубин динамо спб мск югра ска нева мск буран горняк угмк мск ростов зауралье мск,3,colloquial,Разговорный
наш организация занимать место количество упоминание первый полугодие army twitter,3,colloquial,Разговорный
призёр женский спринт классический стиль чемпионат россия юлия ступак анна грухвино ален баранов,3,colloquial,Разговорный
медведев полностью мир российский теннисист даниил медведев высказаться ситуация украина быть теннисист хотеть продвигать идея мир играть многий различный страна многий страна ещё юниорский взрослый уровень сложно слышать видеть новость полностью мир,3,colloquial,Разговорный
нужно теперь ломать голова подарить праздник порадовать свой близкий подарить буря эмоция цена снизить подробность здесь,3,colloquial,Разговорный
краснодар плохиш зенит виктор зенит душа поздравлять напоминать желание выездюков мочь разместить фото первый юбилейный выезд список перестать просто список можно увидеть тот отдать много очень много год свой жизнь выездной поддержка наш команда приблизительно быть выглядеть можно посмотреть пример тот скинуть фотка кто душа дать идея присылать фото личка пробить выезд нужный два фотография первый выезд приблизить этот время связать футбол выезд написать дата первый выезд преодолеть планка нужно прислать фотография выезд соответственно дата быть преодолеть планка нужно прислать фотография выезд соответственно дата быть,3,colloquial,Разговорный
барселона собрать тонна еда беженец украина каталония март клуб объявить совместный кампания красный крест сбор продукт младенец ребёнок прибыть каталония семья украина неделя кампания пункт сбор стадион камп ноу собрать тонна продукт детский питание сильный поступок уважать быть такой добродушный думать повод,3,colloquial,Разговорный
говорить любовь достойный мать обидно отец,3,colloquial,Разговорный
весь привет искать мастер мск либо область работа нужно сделать замена масло замена диск плита сцепление установка датчик масло стакан мочь место придумать установить разъём установка дуга ценник работа пожалуйста,3,colloquial,Разговорный
автор быстрый акина кто какой рекорд адм хуй знать акина корс спек такуметь первый стадия стрит стаг играть,3,colloquial,Разговорный
джош сэнг высказаться дебют кхл очень рад выйти форма салават юлаева первый матч кхл я честь сказать честно пока привыкать стиль игра лига после нхл ахл приехать россия делать шоу радовать болельщик свой игра я важный красивый яркий хоккей вчера удивлённый соперник останавливать атака постоянный зацеп жёсткий удар после атака скорость мочь привести повреждение после матч увидеть врач оказывать помощь ваш здоровье доигрывать игра травма бежать атака скорость шайба я произойти столкновение просто хотеть вместе развивать кхл делать шоу наш любимый фанат россия много классный хоккеист быть дополнительно защищать правило игра стать намного привлекательный хотеть можно скорее вернуться лёд снова радовать свой игра сказать сэнг,3,colloquial,Разговорный
иго свентечь выиграть матч сезон подряд полька повторить личный рекорд число победа сезон столько матч выиграть прошлый сезон четвёртый длительность победный серия xxi век большой жюстина энный матч подряд серить уильямс победа винус уильямс победа,3,colloquial,Разговорный
рубрика спорт филя владимир статический упражнение статический упражнение нужный тот задействовать работа красный медленный тип мышечный волокно именно окислительный мышечный волокно давать возможность выполнять монотонный длительный упражнение плохой поддаваться гипертрофия работать скорее выносливость противоположность этот белые быстрый волокно обеспечивать взрывной сила мышца динамика кроме это упражнение статика укреплять миофасция соединительный ткань окружающий мускулатура связка результат развиваться способность тело работать связанный,3,colloquial,Разговорный
новак джокович прибыть лондон участие кубок лэйвера провести первый соревнование после уимблдон,3,colloquial,Разговорный
хотеть добавить полка свой игра рассказать какой настольный игра хотеть купить настолокмногонебывать,3,colloquial,Разговорный
год вместе подписать контракт текущий год сегодня продлить саня navi сам денис принять решение продлевать сотрудничество,3,colloquial,Разговорный
сергей гимаев младший высказаться ход серия кубок гагарин металлург авангард март команда сыграть балашиха счёт серия польза магнитогорец конечно прекрасно понимать ахиллесов пятый авангард являться защита играть четыре половина защитник серия против столь мощный соперник металлург очень тяжело поражение являться следствие нехватка игрок оборона хотеть отметить тренерский штаб металлург очень гибко себя вести суметь перестроиться найти ключ оборона авангард игрок металлург сейчас забрасывать среднее пять шайба мочь сыграть авангард вспомнить шестой игра команда серия барс быть такой проблема защитник суметь сыграть дисциплинированно строго всегда играть команда боб хартлить металлург сегодня быть сложный матч отдавать явный предпочтение гость хоть магнитогорец приучить тот выигрывать последний матч авангард мочь собраться зацепить дом один игра заявить бывший защитник клуб кхл,3,colloquial,Разговорный
news lamppost видеть разница классический этот неделя качество ересовый четверг показывать форджовый смоляной апгрейд белый шрам марк бронь,3,colloquial,Разговорный
вырасти поколение знать слово пионербол,3,colloquial,Разговорный
хороший снайпер прошлое сезон стать игрок сарыарка состав хоккейный клуб сарыарка пополнить нападать герман шапорёв прошлый сезон форвард начинать бейбарыс затем перейти усть каменогорский алтай торпедо заканчивать сезон матч плей офф торпедо шапорёв набрать очко стать первый снайпер восьмой бомбардир сезон чемпионат казахстан хоккеист иметь опыт выступление кхл куньлунь ред старый витязь вхл герман шапорёв играть тамбов рязань,3,colloquial,Разговорный
московский динамо чемпион россия второй год подряд абсолютно заслужить победа браво команда браво константин брянский финалшесть,3,colloquial,Разговорный
день физический культура спорт праздник отмечать тренер преподаватель физический культура спортсмен спорт нести человек здоровье сила красота закалять характер учить преодолевать трудность особый слово уважение спортсмен соревнование достойно демонстрировать высокий уровень подготовка мужество воля победа желать огромный успех удача крепкий здоровье быть всегда высота служить наглядный пример желать добиться звание чемпион пусть любимый занятие спорт приносить бодрость дух хороший настроение,3,colloquial,Разговорный
итальянский ювентус счёт проиграть португальский бенфик гостевой матч пятый тур групповой этап лига чемпион лишиться шанс выход плей офф турнир встреча пройти вторник лиссабон состав победитель забитый мяч отметиться антониу силва минута жоау мариу пенальти раф силва проиграть отличиться мойз кина аркадиуш милик уэстон маккенни друг матч группа французский псж дом счёт обыграть израильский маккаби хайфа турнирный таблица псж занимать первый место очко далее идти бенфик ювентус маккаби псж бенфик гарантировать выход финал лига чемпион команда занять третий место выйти плей офф лига европа ювентус впервые сезон сыграть плей офф лига чемпион год команда выходить финал турнир туринец дважды становиться победитель сам престижный клубный турнир европа,3,colloquial,Разговорный
год английский журнал вратарь весь история премьер лига хороший матч ноль вход исследование вычислить коэффициент сухарь каждый голкипер выступать апл год иметь большой матч ваш внимание топ голкипер высокий коэффициент матч ноль год пеп рейн матч ноль пётр чех матч ноль эдвин ван дер сара матч ноль петер шиейхель матч ноль дэвид симэн матч ноль карло кудичь матч ноль томаш кущак матчаиза ноль мануэль альмуния матч ноль бобби миммс матч ноль давид хеа матч ноль,3,colloquial,Разговорный
вроде забить понимать человек вокруг бэкстрёма кузнецов,3,colloquial,Разговорный
минуточка реклама волна старое фонарь больший осенний распродажа скидка почти ассортимент бесплатный доставка руб подарок каждый заказ миниатюра срок проведение октябрь заказ оформить можно либо наш группа либо наш сайт,3,colloquial,Разговорный
сборная германия победить китаец олимпийский турнир,3,colloquial,Разговорный
привет подсказать ультра бюджетный вариант пожалуйста вилка замена rst two колесо ротор среднее месяц катать работа город редко лес выше обычный бордюр прыгать бюджет около косых глаз попасться руб хор состояние новый вилка xcm заранее признательный обратный связь,3,colloquial,Разговорный
шахматист ханс ниманна подать магнус карлсена суд причинение разрушительный ущерб репутация карьера жизнь летний ниманна требовать миллион доллар,3,colloquial,Разговорный
считать мой самый быстрый результат прошлый зависеть преданность спорт каждый год травмировать какой нибыть отрезок сезон самый главное оставаться травма более сосредоточить бег отвлекаться тогда смочь большой работать усэйн болт,3,colloquial,Разговорный
кубок екв финал матч тур франция монец италия,3,colloquial,Разговорный
первенство страна марафонский бег статья газета правда год sport бег легкаяатлетик спорт пробежка марафон марафонскийбег бегун,3,colloquial,Разговорный
заявочный список предстоящий гонка серия arca совместить arcawest пройти финикс nascar,3,colloquial,Разговорный
эфир открыть скорее присоединяться просмотр день pmgc pmgc pmgc betheone,3,colloquial,Разговорный
выйти обзор geek игра улица это видео саша рассказывать правило делиться мнение игра похожий улица деревня чем напомнить каркассон цена руб успеть поиграть улица поделиться свой впечатление,3,colloquial,Разговорный
семикратное чемпион мир формула льюис хэмилтон надо сосредоточиться гонка разногласие fia обида это заявить автоспортивный менеджер эксперт оксана косаченко начало гоночный уик энд британский пилот устроить минь протест правило fia повод украшение окончание этап обрушиться критика команда просчёт пит стоп сейфть кар маленький весь этот гонка думать про хэмилтон такой ощущение противоречие украшение команда обидка сказываться выступление льюис более собранный молодой рассесть влёгкую объезжать борьба интересный трижды меняться туда сюда сказать оксана косаченко издание спорт экспресс,3,colloquial,Разговорный
приглашение беседа мой сердце бавария мюнхен беседа создать цель общение человек себя,3,colloquial,Разговорный
итог минувший неделя беларуска арин соболенко подняться два позиция чемпионский гонка wta лидер оставаться полька иго свентечь топ оставаться два россиянка дарья касаткин вероника кудерметов чемпионский гонка wta версия октябрь год иго свентечь польша очко онс жабер тунис джессика пегул сша корь гофф сша арин соболенко беларусь каролин гарсия франция дарья касаткин россия симона халеп румыния вероника кудерметов россия мария саккарий греция екатерина александров россия людмила самсонов россия анастасия потапов россия анна калинский россия варвар грачёв россия анна блинков россия камилла рахимов россия,3,colloquial,Разговорный
показать свой потдержка вступить пожалуйста сложно приятно,3,colloquial,Разговорный
читаемый пост конец завтра октябрь полёт мотопараплан пироговый приглашать желать строго предварительный запись количество место ограничить запись телефон приехать запах алкоголь полёт быть отказать телефон связь одежда горнолыжный костюм тёплый обувь аэродром работать вертолёт санавиация подходить строго запретить штраф млн руб аэродром базироваться самолёт подходить строго запретить штраф млн руб,3,colloquial,Разговорный
продлевать стратегический партнёрство lenovo motogp технология ускорять работа год corse впервые объявить начало сотрудничество китайский производитель компьютерный техника lenovo год свой существование lenovo вырасти один глобальный гигант какой технология производитель ноутбук мочь предложить такой партнёр мочь ускорить работа гоночный департамент motogp,3,colloquial,Разговорный
севилья просто проигрывать стартовый матч лига чемпион клуб лига европа,3,colloquial,Разговорный
фанат мма боец выбирать денежный бой вместо титульник,3,colloquial,Разговорный
ковалёв возвращаться зенит спб связующий дмитрий ковалёв переходить белогорье петербургский зенит цвет который защищать два сезон вместе зенит стать серебряный призёр чемпионат россия после что уйти белогорье основный связующий белгородский команда занять место чемпионат россия ожидаться зенит ковалёв быть конкурировать место состав игорь кобзарь который действовать контракт петербургский клуб,3,colloquial,Разговорный
трэйся макгрэйти считать случай переход лейкерс разыгрывать хорнетс ламести болл смочь максимально раскрыть потенциал стать лицо нба журналист быть лицо нба следующий год выбор джа лука трэй ламести макгрэйти пара ламести джа особенно ламести оказаться лос анджелес просто создать это характер типаж создать это считать мочь стать лицо лига,3,colloquial,Разговорный
смотреть матч спартак зенит кинопоиск дарить день промокод watchspartak наслаждаться футбол,3,colloquial,Разговорный
news lamppost warhammer breaking наконец показать берсак пожиратель мир показаться скватовский берсерка хтонии,3,colloquial,Разговорный
александр легковы день рождение наткнуться фотография находиться лаура далёкий год именно здесь выиграть свой золотой олимпийский медаль сегодня проехать километр свой олимпийский трасса спасибо господь иметь это момент исполниться год,3,colloquial,Разговорный
день рождение алексей сегодня защитник наш клуб исполняться год весь сердце поздравлять алексей праздник желать спортивный азарт яркий победа поле жизнь крепкий здоровье конечно чтоб травма обходить сторона,3,colloquial,Разговорный
новость очередной подтверждение слух инсайдер даррен дрегера сообщить сента луис входить команда проявлять больший интерес джейкоб чикран более прочий защитник аризона интересоваться лос анджелес флорида бостон анахайма,3,colloquial,Разговорный
антуан бризар пристально следить этот передача алессандро микелетто,3,colloquial,Разговорный
рост кольцо первый данк ведение данкотподписчик,3,colloquial,Разговорный
год жизнь скончаться один хороший защитник история зенит владимир голубеть голубеть провести петербургский клуб матч забить гол долгий год капитан команда помнить,3,colloquial,Разговорный
популярный фильм сериал наверняка сделать pop монополия думать стоить ждать монополия игра кальмар,3,colloquial,Разговорный
форвард голден стэйт дрэймонд грин порассуждать твиттер тема сравнение разный баскетбольный эпоха мнение грин сравнивать команда игрок разный время совсем корректно это отметить калифорнийский коллектив образец год справиться легендарный чикаго майкл джордан вопрос сравнивать эпоха брать внимание гигантский разница стиль игра независимо ответ очень глупо сравнивать себя разный эпоха смотреть буллс против юта финал мочь отметить наш команда год обыграть чикаго майкл джордан двузначный разница джаз разница очко играть такой стиль именно глупо сравнивать эпоха буллс буллс настаивать это учиться ценить вещь такой какой анализировать игра заводить бесполезный спор написать летний грин,3,colloquial,Разговорный
кино странауша мастер убийца гонконг тайвань ван хон чан сценарий ван хон чан продюсер хуан мона оператор ван вэнь ляо роль юэнь лан казанов вонг филипп боло янг лина танга чань лау джекка чан чун кам шана мастер мина подло убивать наставник соперничать школа мастер тун тун оставаться два сын клясться жестоко отомстить убийца прийтись пожертвовать собственный жизнь,3,colloquial,Разговорный
команда восток начать подготовка сезон начало май vostok sport pro спидвейный клуб восток владивосток произойти изменение руководство главный тренер команда игорь столяров выразить надежда произойти позитивный изменение пока восток сдвинуться мёртвый финансовый точка команда готовиться приступить сбор уссурийск спорт последний новость стан приморский спидвейный команда такой новость несколько один позитивный момент стать команда ликвидировать потребность запчасть появиться возможность максимально восстановить техника перед новый сезон спидвеять россия это геополитический обстановка позволять закупить новый покрышка самый хороший новость гриша лагута дать согласие выступать наш команда запчасть вопрос практически решиться технически готовый участие чемпионат хотеть сказать огромный спасибо тот человек далёкий прошлый ездить наш команда сейчас рискнуть свой деньга вложить купить запчасть нужный сейчас начать поступать средство краевой бюджет начать запчасть забирать один один команда мочь найти дилер вопрос резина задний покрышка начало чемпионат провести тот резина остаться прошлое сезон рассказать корреспондент спорт главный тренер спидвейный клуб восток владивосток игорь столяров вопрос поставка резина должный решиться течение два три месяц такой образ надежда больший часть сезон парень быть гонять новый покрышка точно удаться обновить форма продолжить столяров кой форма купить половина команда деньга хватить мотобот шлем сожаление опоздать пошить комбинезон наставник спидвейный клуб восток рассказать реорганизация руководство приморский команда теперь новый директор игорь геннадиевич чёрный спортсмен выступать аквабайка быть говорить власть команда новый мочь измениться хороший сказать приём министр спорт край жан кузнецов разобрать вопрос пункт пока заниматься восстановление техника находиться уссурийск подготовка дорожка думать начать тренировочный сбор первый число май резюмировать игорь столяров спортсмен восток приводить порядок мотоцикл готовиться выйти трек уссурийский стадион первый гонка восток запланировать тольятти май инфо sport pro,3,colloquial,Разговорный
весна каждый день близкий значит успеть моргнуть настать май именно май год открыть наш серия забег майский гроза это год пройти забег екатеринбург дистанция самый время начать действовать регистрироваться ссылка eamarathon майскаягроза,3,colloquial,Разговорный
бандло team скидка dota сейчас мочь приобрести скидка командный бандло клиент игра dota поддержать наш творчество стремление хороший этот игра поделиться друг хотеть часть наш фанатский сообщество,3,colloquial,Разговорный
руководитель haas гюнтер штайнер очередной раз дать понять большой хотеть принимать свой команда новичок после летний перерыв появиться слух тот шумахер младший покинуть гоночный академия скудерий хотя информация сей пора официально подтвердиться немец числиться программа молодой пилот вопрос какой роль сыграть ferrari принятие решение замена мик шумахер нико хюлькенберг штайнер сказать находиться постоянный контакт хороший отношение объяснить что хотеть понять штайнер сослаться желание большой брать команда новичок академия ferrari среди который свой место формула ждать роберт шварцман артур леклер другой молодой пилот выбирать новый гонщик теперь быть отталкиваться опыт работа паддок сказать большой никакой новичок обозримый будущее,3,colloquial,Разговорный
александр овечкин сделать фото девочка победить рак,3,colloquial,Разговорный
внимание летний акция наш старый новый подписчик сегодня очень выгодный возможность приобрести подписка продлить приобрести подписка сейчас любой срок два неделя один месяц три месяц получить бесплатно плюс точно такой срок подписка условие акция выбрать подписка любой предлагать срок приобрести выбрать вы срок подписка получить точно такой срок подарок например приобрести подписка три месяц значит получить три месяц подарок общий шесть месяц цена три количество подписка акция ограничить один месяц подписка три месяц подписка один год приобретать подписка сейчас акция мочь закончиться любой момент приобрести подписка перейти сайт зарегистрироваться нажать кнопка купить выбрать подходящий срок подписка способ оплата далёкий следовать инструкция сразу после оплата открыться доступ проанализировать матч автоматически течение несколько секунда возникнуть проблема трудность оплата писать обратный связь сайт помочь,3,colloquial,Разговорный
что нужный студенческий показать вход университет доказать бабушка реально поступить самый главное оформить плюс бесплатно конец год заходить скорее,3,colloquial,Разговорный
идти набор студент медицинский факультет поступать уровень обучение колледж специалитет направление фельдшер лечебный дело сестринский дело стоматология педиатрия трудоустройство выпускник государственный частный больница государственный орган здравоохранение научно исследовательский институт медицинский факультет вуз колледж государственный орган здравоохранение медицинский кабинет учебный заведение предприятие отделение компания партнёр преимущество востребовать специальность рынок труд соотношение цена качество знание открытие свой клиника карьерный рост практика ведущий клиника москва новый оборудование преподаватель действовать специалист область медицина возможность совмещать стажировка теоретический обучение изучение иностранный язык курс поступать,3,colloquial,Разговорный
дорогой друг присылать беговой материал публикация комментарий этот пост сейчас свой бегом позитив мотивация делиться наш беговой друг александр афанасьев кустов серяк перрейра казанцев петросян шакуров никифоров хард спасибо отличный бег дорогой друг всегда очень рада лёгкий нога бегжизнь легкихногий спорт бег делисьбегом спорт старт пробежка,3,colloquial,Разговорный
мауза прервать стрик клауд карта поражение второй полуфиналист определиться эншента камбэк,3,colloquial,Разговорный
через минута быть пытаться прекратить серия поражение пеликанс роко ковид кавать реабилитационный процедура out ноп зайон быть принимать участие ингрэм out,3,colloquial,Разговорный
остин ривз вспомнить эпизод матч прошлое сезон лицо время разговор леброн джеймс появиться изумлённый выражение честно мочь вспомнить сказать точность тогда задать леброн вопрос знать возможно показаться находиться какой другой позиция просто занять неправильный позиция точно застать я врасплох постоянно делать такой лицо забавно вернуться раздевалка мой телефон разрываться такой происходить следующий день леброн запостить сразу понять стать популярный,3,colloquial,Разговорный
man хикман выиграть квалификация питер хикман представлять это год man команда gas monkey garage fho bmw заслужить слава герой день возглавить протокол квалификация год рекордный скорость три класс,3,colloquial,Разговорный
красотка соболенко желать весь добрый утро,3,colloquial,Разговорный
rsd битва город новосибирск райдер ярослав герасимов семён чуд вадим огоньян артём сафон сергей шишкин камера монтаж никита горинский,3,colloquial,Разговорный
егор чезгановый единственный представитель мхл кэмп сборная беларусь это сезон провести мхл игра отметиться очки это старт сезон воспитанник жлобинский хоккей дебютировать кхл северсталь матч поиграть вхл буран встреча подробный про ростер рассказывать здесь,3,colloquial,Разговорный
расписание матч сегодня хумберт гуркач давидович фокин кэмерон норри пабло андухара каспер рууд альберт рамос новак джокович квон сун янник синнер стэн вавринк карлос алькарас леннард штруфф александр бублик мартон фучович энди маррей джеймс дакворт онс жабер мирьям бьорклунд даниэль коллинс марь бузкова анетта контавейт бернард перо белинда бенчича ван цян эмма радукануть алисон ван эйтванк елена остапенко осеаня доден анжелика кербер кристина младенович мария саккарий зоя хайвс главный таблица войти матч участие теннисист топ казахстан остальной результат матч быть публиковать стена прямой трансляция территория снг,3,colloquial,Разговорный
omen разыгрывать пять комплект аксессуар игровой наушник игровой мышь розыгрыш пройти легендарный стрим антон городецкий руководитель проект player one обсудить устроенный бизнес игровой индустрия очень интересно рофлов мочь выиграть один комплект изичный выполнить пара действие подписаться omen паблик оставить вопрос про игровой индустрия комментарий закрепить пост группа omen победитель быть выбрать случайный образ после трансляция залетать ссылка,3,colloquial,Разговорный
ceo сегодня праздновать день рождение поздравить игрок состав,3,colloquial,Разговорный
игровой стрим basketstream марк бурчаков играть симулятор баскетбольный нба пытаться привести тандем шон кемпа гэри пейтон чемпионство состав родный сиэттло ещё молиться свет отключить время стрим очередной раз приятный просмотр,3,colloquial,Разговорный
обожать этот вариация закачка плечевой пояс делать конец жимовой тренировка работать минута каждый упражнение отдых упражнение выполнять круг круг отдых минута,3,colloquial,Разговорный
курорт шерегеш впервые запустить трасса вечерний катание трасса вечерний катание запустить горнолыжный курорт шерегеш кузбасс сообщить журналист министр туризм молодёжный политика регион антон пятовский курорт больший исключение организовать вечерний катание другой наш комплекс освещение установить тот югусь танай это сезон такой система заработать шерегеш позволить удлинить время катание сказать пятовский министр уточнить открытие новый трасса пройти сектор первый день вечерний катание гость быть бесплатный слово пятовский курорт заработать новый физкультурный оздоровительный комплекс называться опушка сам верх можно быть посидеть отдохнуть получить какой услуга связанный физический активность добавить министр ранее сообщаться горнолыжный сезон шерегеш открыться ноябрь,3,colloquial,Разговорный
рубрика филя владимир спорт готовиться соревнование решить проводить тренировка жим трицепс перегружать грудной плечо трицепс решить работать скорость один тренировка второй сила повтор именно скорость можно развивать постоянно тренировка выполняться вес процент подход обить работа большой мышца забиваться повтор итог держать мышца тонус развивать скоростной качество забивать жимовыя мышца хорошо восстанавливаться тяжёлый тренировка пробовать искать всегда улучшать результат,3,colloquial,Разговорный
весь бег лёгкий нога спорт бег забег зож пробежка бегун бегунья бегануть,3,colloquial,Разговорный
сказать нужно весь соглашаться русский волейболист забанить четыре год,3,colloquial,Разговорный
игорь брикун сравняться количество матч леонид гришукевич среди вратарь история экстралига игра вторник мочь стать голкипер знаменательный,3,colloquial,Разговорный
улыбочка сейчас вылететь птичка идеальный кадр продажа сделать идеальный общий фото задача хотеть стоять рядом стол близкий еда увидеть корги теперь хотеть отходить он вечер каждый гость пожелание рядом кто хотеться фото супер фотограф быть расставлять сделать кадр принести можно большой очко приятный бонус покупка получать ещё промый карта можно добавить игра цена руб,3,colloquial,Разговорный
требоваться vfx дизайнер обучение нуль нужный ноут час неделя обучить лично условие тратить час неделя пилить пара несложный эффект ролик получать перевод карта большой делать большой получать оплата один проект месяц можно брать заказ нужный никакой навык опыт составить инструкция справиться школьник заказ полно сейчас бизнес уходить онлайн рекламный ролик ролик блогер музыкальный клип навык устареть близкий год точно всегда быть деньга готовый попробовать переходить ссылка я звать алексей мишарев пройти путь простой охранник мес vfx дизайн мой опыт сфера более год пропустить через себя заказ студия блогер музыкант бизнес предлагать навык зависеть кризис вирус увольнение мочь обучаться начать зарабатывать бросать текущий работа учёба время зарплата быть конечно расти теперь хороший доход свободный график двухчасовой рабочий день мочь заставить менять свой жизнь точно уверенный оно тот стоить пройти схожий путь сам мой ученик уходить основной работа зарабатывать дом хотеть получать руб неделя работать час тогда переходить ссылка заявка много взять самый быстрый,3,colloquial,Разговорный
поздравлять наш дорогой прекрасный любимый девушка март,3,colloquial,Разговорный
друг кидать предложка фото видео тренировка соревнование посмотреть горазд наш дружина тренировка спина никуда база становой тяга,3,colloquial,Разговорный
прямой трансляция повторный матч сарыарка снежный барс начало матч час,3,colloquial,Разговорный
обидчик усик ковалёв деревянченко силлах матвей коробов свой любительский карьера,3,colloquial,Разговорный
технический запись матч мемориал вагнер сербия иран польша иран польша аргентина сербия аргентина,3,colloquial,Разговорный
тяньцзинь чемпион китай третий раз подряд женский китайский волейбольный клуб тяньцзинь провести невероятный сезон одержать победа матч проиграть весь два партия плей офф завершить сезон трофей свой история третий подряд первый игра цзянс шанс второй игра финал несмотря тяньцзинь провести сезон один хороший игрок мир чжу тина восстанавливаться после травма команда ван баоцюань непобедимый соперник суперлига тяньцзинь мочь поблагодарить кубинский диагональный мелисса варгаснуть завершить сезон хороший бомбардир соревнование очко второй матч финал набрать очко благодаря атака атака ошибка,3,colloquial,Разговорный
драма про отец теннисистка сестра уильямс король ричард получить номинация премия оскар год фильм получить номинация категория хороший фильм хороший оригинальный сценарий хороший монтаж хороший песня уилла смит номинировать хороший мужской роль анжаня эллис хороший женский роль второй план фильм король ричард выйти год заработать прокат более млн доллар лента повествовать детство теннисистка винус серить уильямс уилла смит играть роль отец оценка фильм кинопоиск составлять балл imdb аналогичный рейтинг премия оскар пройти март год,3,colloquial,Разговорный
дорогой друг продолжать наш мотивационный бегов проект делисьбегом бегжизнь ваш беговой фоточка публикация присылать комментарий этот пост сейчас свой великолепный бегом делиться участник наш группа наш беговой друг василий варламов чуйко захаров шульгин пазгалов жабин дудин,3,colloquial,Разговорный
этот парень сделать хороший правильный место настроить прибавлять,3,colloquial,Разговорный
увлекательный расследование ждать ххх комикс игра шерлок холмс ирэна адлер ххх поздравлять просить связаться мы через сообщение сообщество скриншот программа рандомайзер выложить комментарий остаться подарок подробность пост хххха конкурс год,3,colloquial,Разговорный
разыгрывать мэверикс лука дончича помочь команда добиться выездной победа матч пеликанс дончича набрать очко игра включая дуга подбор передача минута площадка дончича стать игрок история нба уилт чемберлен элджина бэйлор уолт белла провести календарный месяц несколько матч минимум очки подбор передача словенец второй такой матч февраль последний раз подобный удаваться чемберлен январь год прошлый неделя лука набрать рекордный себя очко встреча клипперс mavs,3,colloquial,Разговорный
думать смочь лион свой суперзвезда перуджа выиграть значимый трофей это сезон,3,colloquial,Разговорный
формула кино жан люк годар вставить фильм машина появляться кадр несколько секунда механика запускать двигатель пилот сдавать назад повернуть уноситься улица работать сюжет трудно сказать фильм французский смотреть осилить однозначно годар великий режиссёр наверное знать делать,3,colloquial,Разговорный
поучительный история про дружба утро хотеть напомнить выбор помощь друг пустой молчание вспомнить гриня демиана именно гнидти прикрыть жопа франшиза прим ред портленд колка фраза сторона сиджей никогда быть перстень сказать тогда грин неизвестный судьба сиджей после такой жестокий абьюз неизвестно уйти цена перстень зато известно сигэя очень пожалеть уход портленд лиллард лишиться подсосник кайри леброн кавс рад грин лишний раз напомнить кто быть чемпионат дреймонд опускать журнялюга начало свой карьера именно огузок скакать побегушки перед папа шеф отвечать чемпионство свой мусорный подкаст мусорный рекорд леброн,3,colloquial,Разговорный
юмористический пауза похоже полениться дёрнуть аркад sega пелотон японский игровой автомат эмулятор комплекс здание swdc иметь поразительный сходство комплекс кстати,3,colloquial,Разговорный
остаться менее час старт гоночный викенд сша остин поддержать,3,colloquial,Разговорный
илюха весь клуб развлекаться много пить главное,3,colloquial,Разговорный
такой друг вечерний хулиган страшно отбиваться,3,colloquial,Разговорный
сайт платный подписка добавить новый проанализировать матч сегодня быть более прогноз приобретать подписка сейчас зарабатывать вместе мы регулярно подписка можно приобрести сайт,3,colloquial,Разговорный
women награждение победитель номинация хороший игрок команда стать ирина гуляев астерий получить приз подарочный сертификат сеанс профилактический массаж спина поздравлять подробный здесь адрес ленин фото мария окунев,3,colloquial,Разговорный
rtx стать сам популярный видеокарта среди пользователь steam нюанс видеокарта rtx стать сам популярный платформа steam сентябрь доля составить следовать свежий отчёт steam один важный нюанс речь идти совокупный показатель мобильный настольный версия видеокарта тогда отдельность находиться место популярность абсолютный лидер популярность платформа прежний являться настольный gtx пользователь второй место расположиться модель gtx пользователь третий расположиться rtx пользователь мобильный версия rtx доля составлять настольный целое видеокарта nvidia использовать пользователь steam ещё приходиться решение компания amd intel довольствоваться доля доля пользователь операционный система вырасти последний месяц операционный система прежний оставаться сам популярный steam минувший месяц утратить процентный пункт теперь доля составлять касаться процессор самый популярный пользователь steam оставаться шестиядерный модель доля владелец составлять общий число прирост месяц процентный пункт доля владелец восьмиядерный процессор вырасти теперь составлять доля владелец гарнитур виртуальный реальность платформа steam минувший месяц рухнуть данный устройство прежний оставаться самый популярный свой категория доля владелец составлять второй место находиться пользователь третий доля,3,colloquial,Разговорный
сбу ступенька бег спорт зож забег забегрф офп упражнение легкаяатлетик,3,colloquial,Разговорный
такой старый наблюдательный совет блокировать переход летний греческий вратарь бенфик одиссеас влаходимос ajax,3,colloquial,Разговорный
сегодня май мск наконец состояться премьера финальный битва первый стадия сделать такуметь фудживар против рейск такахаша,3,colloquial,Разговорный
анимировать обои сэйдж валорант киберспорт,3,colloquial,Разговорный
поговаривать это парень быть лыжа скороход узный,3,colloquial,Разговорный
обзор первый игровой день vnl болгария сербия канада германия китай иран словения сша,3,colloquial,Разговорный
лето ещё скоро мототоксикоз ещё мучить зато можно подготовить байк новый сезон,3,colloquial,Разговорный
формула утвердить новый правило ferrari согласиться это рассказать наш итальянский коллега франко нуньеса сам команда многие восторг это,3,colloquial,Разговорный
шалость удаться рандомайзер выбрать победитель розыгрыш фигурка pop гарри поттер никакой магия удача сегодня сторона dasha даша поздравлять написать сообщение группа отправить приз кстати сейчас проходить ещё один который можно выиграть настолочь робот,3,colloquial,Разговорный
продажа вернуться вковрик индустрия отечественный настолочь про торг построение производственный цепочка заказывать ссылка неопреновый покрытие размер легко помещаться компактный коробка игра коврик удобно размещать карта аукцион счётчик раунд хранить фишка ресурс деньга жетон модернизация новинка индустрия,3,colloquial,Разговорный
хотеть проработать выпрямитель позвоночник ягодичный мышца подколенный сухожилие нагружать диск позвоночник инструмент обратить внимание широко друг друг расположить нога совсем другой упражнение получаться сравнение ваш нога находиться узко попробовать matt,3,colloquial,Разговорный
полумарафон хороший тот бегать личникнуть сегодня идеально спасибо организатор проснуться завтрак традиционный овсянка вода банан кофе собраться ранний двинуть мещерский вес этот соревнование самочувствие прекрасный чувствовать много сила энергия получить стартовый пакет пофоткаться переодеться размяться суета встретить много ребята бегун соцсеть приятно получить вводный тренер помчать личник сразу пойти план хороший план бежать хорошо кайфовый темп секунда быстрый лететь наслаждаться осенний лес трасса классный горка напугать каждый преодолевать уверенно задыхаться вести себя пейсеров метр пять позади я потом я таки съесть пробежаться примерно пока понять устать спин нога перед глаз тесно нужно пространство вокруг ещё темп чувствовать мочь хотеть быстрый вырваться бег впереди съесть последний гель кофеин втопить хорошо оторваться группа бег один начинать обгонять впереди бежать парень удивление провожать я взгляд сила полно очень крутой ощущение финишный прямой видеть девушка понимать мой финишный заруб надо обогнать врубать пятый скорость лететь пора казаться мой нога такой скорость сейчас отвалиться обгонять триумфально финишировать медалька поздравление волонтёр болельщик невероятный трасса быть барабанщик уххха заводить свой ритм личникнуть улучшить минута счастливый мочь хороший вкусный гречка мясо чаемый после забег просто идеально день результат сметлевый делисьбегом osennygrom полумарафоносеннийгр беганутаянастя ябегуивдохновлять бег люблюбег бегаюкаждыйдеть,3,colloquial,Разговорный
краткий итог тара человек день завеский тестовый сделать быстро сам удивить завеска отработать система приноровиться косяк провести первый верёвка квадрокоптер наш старый блоковский лебёдка отработать максимум тот год напрыгать прыжок это получиться маленький ливень сильный ветер больший зависимость этот огромный система погода долго приводить первичный параметр после любой растяжение верёвка ещё считать тара тяжёлый объект весь тяжесть удовольствие другой вид проблема бороться понравиться несмотря договорённость регион возникнуть больший административный сложность скорее весь объект отправляться архив грустно прийти время двигаться далёкий,3,colloquial,Разговорный
гол ховард ворота болтон вспоминать тим ховард открыть счёт матч волшебный удар через поле правда команда равно проиграть тот встреча счёт,3,colloquial,Разговорный
франшиза сеть детский школа волейбол софия переходить ссылка оставлять заявка открытие собственный школа свой город,3,colloquial,Разговорный
год филипп форсберг тренировочный лагер вашингтон кэпиталс,3,colloquial,Разговорный
продать указать продавать пулемёт para описать товар добрый время сутки продажа para army внутри сток стенка гир заменить запчасть power камера хоп булгир стволик бункер комплект царапина примыкание родный прицельный комплект исправно пробег воскреска пересыл город улан удэ любой проверка отзыв цена сорок девять тысяча рубль вопрос личка айфон друг местонахождение город улан удэ наличие пересыл наличие пересыл фото публиковать цена,3,colloquial,Разговорный
вторник зомби приходить осознание учебный год начаться впереди четверть,3,colloquial,Разговорный
здесь баскетбол яркий кроссовок майка год выполнить заказ,3,colloquial,Разговорный
впервые год гонщик ferrari смочь одержать победа подряд серия продолжиться три итог суметь повторить улучшить,3,colloquial,Разговорный
василий ломаченко прибыть лос анджелес бывший чемпион мир три весовой категория василий ломаченко прибыть лос анджелес подготовка следующий бой пока неизвестно стать соперник украинец пройти поединок слово василий конечный цель стать абсолютный чемпион мир лёгкий дивизион подготовиться этот момент нужный шанс нужный бой бесспорный титул хотеть стать бесспорный чемпион мир сказать ломаченко,3,colloquial,Разговорный
форвард торонто оджи анунобь лидировать текущий сезон количество перехват среднее матч совершать перехват среднее игра далее идти деджонто мюррей джейлен саггс четвёртый место находиться фред ванвлить усреднять перехват матч wethenorth,3,colloquial,Разговорный
вместо россия скорее весь сыграть украина формат турнир сократить игра лига нация россиянин заменить тунис,3,colloquial,Разговорный
кубок мир рупольдинг январь спринт патрик фавр пётр гарабик олег рыженковы патрис байя салин кубок мир рупольдинг январь спринт патрик фавр пётр гарабик олег рыженковы патрис байя салин,3,colloquial,Разговорный
бывший жена кармести энтони переезд нью йорк стать начало распад брак энтони бывший жена звезда нба кармести энтони подкаст her признаться брак игрок начать разваливаться после обмен нью йорк начать жить нью йорк весь это внимание стать сложно думать свой род начало распад брак тяжёлый весь справляться пристальный внимание сми пресса весь это очень тяжело единственный причина который ничего получиться после переезд нью йорк стать тяжело постоянно быть центр внимание каждый мелочь наблюдение рассказать энтони,3,colloquial,Разговорный
news lamppost warhammer народ просыпаться джойтой снова показывать раз новинка перепасть чёрный храмовник космодесантник отряд крусейдер ультрамарин один довольный овца два плащ набор,3,colloquial,Разговорный
разнообразный конечно смертельно опасный противник эпичный кооперативный настолочь сказание тьма этот монстр управлять специальный приложение игра герой оно жалеть быть путешествие терринота столкнуться прийтись самый разнообразный враг тронутый демонический порча варвар омерзительный нежить злобный фея голем более прозаичный равно крайне опасный бандит волков справиться покрасить посмотреть игра близкий можно ссылка настольныйфэшн,3,colloquial,Разговорный
сакраменто обменять марвин бэгнуть детройт шэмс чарания,3,colloquial,Разговорный
выполнить условие обзавестись надёжный спутник мобильный гейминг конкурс розыгрыш реклама,3,colloquial,Разговорный
определиться участник финал женский лига чемпион квартет победитель стать польский команда жешуть девелопрес первый место свой группа занять турецкий вакифбанк фенербахча российский клуб динамо москва итальянский каррарый имоко ещё три путёвка четвертьфинал получить три хороший команда число тот оказаться второй место свой группа два российский клуб локомотив калининград динамо барс казань итальянский веро воля монец игор горгонзол италия польский хемик оказаться два лишний,3,colloquial,Разговорный
состав закрытый групповой этап чей победа верить,3,colloquial,Разговорный
юнайтед обыграть тоттенхэма роналда вчера уходить минута конец понимать поле выпустить,3,colloquial,Разговорный
друг задаться вопрос максимальный пробег про буста понятно хотеться оставить я комфортный скорость дольгяк бывать этот скорость буста лить мысль растянуть главный передача заменить редуктор целиком пара светофор гоняться приглядываться другой редуктор драгстара многий ещё модель корпус редуктор такой плюс минус отличие крепление вопрос кто опыт замена конкретный пример донор пример старый вирага ехать врать спидометр,3,colloquial,Разговорный
начаться приём заявка открытый первенство пао корпорация всмпо ависм лёгкий атлетика соревнование состояться июль верхний салда программа забег адрес проведение стадион старт карла либкнехт стр начало соревнование заявка можно отправить электронный почта указанный положение либо заполнить форма этот ссылка проходить старт приз всмпо ависм май можно посмотреть здесь фото алексей комельский,3,colloquial,Разговорный
надоесть каждый раз выстёгиваться можно передвигаться стиль майлс фэлона,3,colloquial,Разговорный
мама последний день трагедия сломать юный российский волейболист илья фёдоров весь год вести игра зенит рваться сборная россия,3,colloquial,Разговорный
ассалаумагалейкум джига буйрс жарамыза нге жинадык басталуа нур султан ас экспресс паган дайд замена бесплатно джига удача весь успеть,3,colloquial,Разговорный
мотогонка лёд личный чемпионат европа финал санки польша начало соревнование мск россия представить дмитрий солянник владимир фадеев планироваться трансляция канал,3,colloquial,Разговорный
желать весь добрый утро отличный настроение продуктивный день пусть любовь окружать фото марина курилина,3,colloquial,Разговорный
кроссовок баскетбольный магазин ghetto basket shop консультация стрельский,3,colloquial,Разговорный
охрана предотвратить попытка маскот буллзти помешать девина букер,3,colloquial,Разговорный
пятничный новинка безумный минималистичный градостроить дополнение трамвай смерть акриловый жетон нечто страна чудо новый версия быстрый карточный игра постоянно меняться сам себя игровой процесс простой объяснить можно буквально полминуты суть игрок брать разыгрывать карта каждый выложить карточка появляться новый обстоятельство цель правило партия нырнуть белый кролик можно ссылка стройполис карманный градостроительный симулятор который огромный мегаполис уместиться весь двусторонний карта квартал цель действовать сообща команда игрок нужно создать город максимально соответствовать условие текущий партия выкладывать соединять карта несмотря минималистичность стройполис предлагать большой простор планирование множество вариант раскладка почувствовать себя градостроитель два дополнение игра про сложный моральный выборы трамвай смерть создатель цианистый калий счастие секрет новый карта ужасный тайна персонаж добряк негодяй новый герой который можно задавить ужасный трамвай акриловый жетон замена картонный элемент нечто горячий новинка про холодный арктический станция паранойя космический кошмар новинка трамвайсмерть нечто,3,colloquial,Разговорный
калгари переиграть даллас ткачук набрать очко сезон очередной матч рамка регулярный чемпионат нхл калгари флэймза переиграть даллас старза победитель голый забить мэттью ткачук ноа ханифин кристофер танеть эндрю манджапан ткачак гол стать сезон набрать очко регулярка защитник никита задор отыграть нанести бросок проиграть отличиться джейсон робертсон люк гленденинг даллас потерпеть поражение кряду,3,colloquial,Разговорный
cобрать самый популярный шард первый сезон dpc доминация квоп невозможно поспорить,3,colloquial,Разговорный
джошуа машьян сделка век случиться улица после бой дмитрий бивол хитрец антоха решить переманить свой сторона один хороший российский специалист пока контракт договориться фотография геннадий юриевич точно научить джошуа попадать юркий крузер джошуа энтониджошуа бивол дмитрийбивол бокс геннадиймашьян,3,colloquial,Разговорный
выйти боевой комплект pass купить комплект сэкономить общий цена уровень сокровищница продажа пойти призовой фонд the каждый пользователь мочь приобрести комплект один раз,3,colloquial,Разговорный
курьёзный гол забитый ворота флаерс лильегрена просто набросить попасть створ ворота шайба прилететь борт борт придательск зайти ближний угол харт бантинг итог коснуться швед забрасывать второй встреча ряд,3,colloquial,Разговорный
камден пулкинный прибыть лейк плэсид участие соревнование,3,colloquial,Разговорный
тато григалашвили год чемпион мир двукратный чемпион европа браво тато,3,colloquial,Разговорный
официально лукойл объявить выкуп акция спартак стадион открытие леонид федун слагать полномочие президент член председатель совет директор спартак москва быть принимать участие управление клуб говориться заявление компания,3,colloquial,Разговорный
англ версия запустить ура ссылка закрепить сообщение,3,colloquial,Разговорный
обновить силуэт brz коллектив sport руль который такуть игути хидэки ямаутить быть защищать титул чемпион новый сезон японский гоночный серия rdsport,3,colloquial,Разговорный
российский тест пилот ferrari роберт шварцман быть использовать израильский лицензия выступление команда формула февраль команда объявить россиянин роберт шварцман занять второе место формула год быть выступать два тренировочный сессия течение сезон помимо тот российский пилот должный участвовать качество нейтрал fia требовать подписать обязательство признавать терять право участие выражать поддержка специальный военный операция россия пилот иметь российский белорусский паспорт мочь участвовать серия fia подписание водительский обязательство матиа бинотто подтвердить шварцман большой поддерживаться российский компания данный момент ещё наш тест пилот остаться быть будущее какой либо возможность позволить сесть руль позволить сделать,3,colloquial,Разговорный
тот кто надо много куб рука приложение товарищ cave наш цель максимально разнообразить облегчить игра игрок мастер разный сеттинг настольный игра играть whfb wfrp легенда кольцо другой настольный игра искать приложение всякий куба быть банальный кидать можно сразу несколько ещё журнал бросок долго искать решить сделать сам бесплатно заценить самый главное мочь добавить ваш любимый нужный куба игра писать обсудить дальнейший планировать сделать система контроль бой инициатива бестиарий wfrp впрочем потом мочь добавить другой наш группа наш канал телеграмма наш приложение,3,colloquial,Разговорный
николя тодт ferrari выше прессинг большой радость николя тодт один первый поздравить шарль леклер победа гран бахрейн давно заниматься карьера гонщик монако конечно всегда радоваться успех свой подопечный николя тодт очень рада знать пара предыдущий сезон быть ferrari сложный понимать переход новый технический регламент серьёзный вызов надеяться перед команда открыться новый возможность стать более конкурентоспособный именно ferrari ещё прошлый год принять решение направить очень больший ресурс создание новый машина похоже отлично работать хороший начало сезон мочь надеяться чемпионат очень длинный надо продолжать упорно трудиться оставаться это реалист надеяться смочь стабильно показывать высокий результат конечно шарль стать более зрелый профессионал чем упустить победа бахрейн пятый сезон формула опыт значит очень много необходимый успешно соперничать такой быстрый гонщик макс ферстаппный карлос сайнс бахрейн шарль помочь опыт критический момент гонка опережать макс сдаваться удаваться сразу возвращать себя позиция именно стать решающий фактор предопределить победа выступать формула колоссальный прессинг гарантировать ferrari ещё сильный особенно после столько год этот команда удаваться выиграть чемпионат зато побеждать радость десять раз большой выше ценить успех,3,colloquial,Разговорный
warhammer порваться хаос медленно вытекать раз протечка хаос рыцарь,3,colloquial,Разговорный
кроссовок магазин ghetto basket shop консультация стрельский,3,colloquial,Разговорный
алекс ринс такааки накага успешно пройти медкомиссия motogp германия такааки накага алекс ринс оба пострадать авария старт гран каталония motogp два неделя назад получить доктор анхель чарт допуск гонка германия,3,colloquial,Разговорный
баскетбол айзейя томас подписать дневный контракт шарлотта,3,colloquial,Разговорный
часовой гонка прошедший трасса конец июль пилот команда стать хороший свой класс герой спецрепортаж канал матч михаилалешина виталийпетр,3,colloquial,Разговорный
признаться любовь настолк выиграть приз условие записать вертикальный видео длительность около секунда показывать игра объяснить нравиться отправить видео тема любить настольный игра указание письмо фио ссылка твой страница вконтакте принимать видео июль включительно июль случайный образ выбрать победитель каждый получить бокс разный ништяк доставка приз бесплатный победитель быть известить электронный почта здесь участвовать быть здорово после окончание конкурс получить материал смонтировать видеоролик выложить наш соц сеть твой отзыв увидеть многие настольщик подробный условие тут конкурс,3,colloquial,Разговорный
сегодня хотеть познакомить партнёр наш мероприятие pro group результативный маркетинговый агентство команда предоставлять полный спектр услуга сопровождение социальный сеть организация мероприятие любой сложность ключ именно являться организатор дрифт январь год исполниться год государственность кабардино балкария октябрь президент российский федерация путин подписать указ празднование летие образование кабардино балкарский республика генеральный спонсор мероприятие компания климатический система краснодар лидер инновация безопасный обслуживание сплит система кбр федерация автомобильный мотоциклетный спорт кабардино балкарский республика основать являться организатор автоспортивный мероприятие кбр фамс готовить маршал судья участие всероссийский международный соревнование касаться автоспорт официальный партнёр мероприятие гостиница корона гостиница предоставлять большой выбор вариант размещение стандарт люкс коттедж сауной бесплатный телевизор холодильник кондиционер бассейн кафе нужно турист кабардино балкария бренд необходимый автолюбитель производить автомобильный аксессуар радар видеорегистратор свет гарнитур многое другой партнёр наш мероприятие бренд tamagne качественный натуральный вино широкий круг потребитель создать результат успешный десятилетний сотрудничество институт энология провинция шампаня радовать наш призёр вкусный вино шампанское информационно просветительский проект горный россия запустить декабрь год цель проект тиражирование туристический достопримечательность горный часть россия горный россия соорганизатор мероприятие машук архыз сми скфо чемпионат кабардино балкарский республика автоспорт фестиваль bmw day седьмой скорость мясо кавказ nal другой проект сотрудничать ростуризм сегодня горный россия центр развитие туризм творческий фуд флористический студия dari вкусный букет подарок конфета орех фрукт другой продукт,3,colloquial,Разговорный
желать весь добрый утро отличный настроение продуктивный начало рабочий неделя фото мирра шевляков,3,colloquial,Разговорный
эстебать окно фернандо год становиться хороший время гонка джидда болельщик стать свидетель борьба колесо колесо напарник команда фернандо алонсо эстёбаный окон очный противостояние закончиться победа чемпион мир затем сойти проблема машина после гонка эстебать отдать должное напарник умение сражаться трасса я получиться интересный борьба гонка ландо фернандо валттери рассказать после финиш окно благодаря новый машина философия борьба трасса кардинально измениться теперь большой напоминать картинг фернандо бороться колесо колесо протяжение весь уик энд быть очень близкий тренировка квалификация разделять маленький десятый полагать быть продолжаться протяжение весь год здорово поскольку позволять команда двигаться вперёд один сторона соперник смочь приблизиться фернандо тот бороться нормально терять время такой ситуация другой сторона гонка один пит стоп позиция трасса критически важный команда разрешить бороться я привилегия бороться фернандо мой напарник отличный гонщик знать невероятно быстрый здорово возможность вести плотный борьба думать стать медленный тот пора бороться титул льюис хэмилтон фернандо хороший вино год становиться хороший,3,colloquial,Разговорный
админ надеяться ещё надоесть немножечко ловля просить обращать внимание штанга центр история играть больший инст профиль кто интересно,3,colloquial,Разговорный
хоккейный календарь сентябрь год родиться александр чёрный,3,colloquial,Разговорный
выжить один история невероятный спасение фильм катастрофа один кино июнь,3,colloquial,Разговорный
один главный интрига межсезонье разрешиться кузьменко отправляться подколзин ванкувер смочь андрей показать себя нхл,3,colloquial,Разговорный
елена вяльба назвать самый больший неожиданность олимпиада пекин наверное серебро спицов скиатлоно хотеть сказать прыгнуть выше голова удивить состояние денис провести весь гонка это год вообще приятно удивлять например стать бегать классика после игра пхенчхан спицов несколько уйти тень приводить слово вяльба русский,3,colloquial,Разговорный
завершать полуфинальный матч против big самый высокий рейтинг kpr adr первый убийство iem,3,colloquial,Разговорный
терринота снова опасность встречать сказание тьма огромный коробка наполнить миниатюра невероятный детализация плохой ребята быть управляться приложение ждать сюрприз лихой сюжетный поворот обучение игрок подсчёт модификатор проверка линия видимость помочь приложение ваш приключение стать осязаемый получить новый измерение благодаря трёхмерный многоуровневый террейн флагман среди данжеон кроулер стать ещё близкий ролевый игра игра множество интересный предмет взаимодействие предстоять создать стиль прохождение развитие персонаж ваш решение навсегда изменить сюжет быть иметь значение прохождение большой кампания новинка,3,colloquial,Разговорный
стиль пока определённый решить изобразить эндрю миньярд девушка я немного новый менее интересно aftg,3,colloquial,Разговорный
каждый тренировка бороться сам себя пытаться превзойти прошлый результат чувствовать становиться быстрый сильный меняться твой тело кто знакомый очень многое терять весь отличный беговой тренировка друг sport забег тренировка легкаяатлетик наспорт всембег марафонец,3,colloquial,Разговорный
григор димитров матч первый круг турнир лондон,3,colloquial,Разговорный
очень хотеть начать работать футбол знать надоесть работа приносить удовольствие детство мечтать связать жизнь футбол получиться посещать такой мысль решение вступать наш сообщество наш выпускник работать сочи ростов нижний новгород женский зенит алания енисей акрон другой клуб россия ближний зарубежье сделать первый шаг переходить ссылка,3,colloquial,Разговорный
derrek послушать ребята иметь значение попасть лига игрок являться свободный агент никто безопасность увидеться вы лига,3,colloquial,Разговорный
прыжок роупджампинг выглядеть выпускать давать обратный отсчёт прыгать нужно оттолкнуться хорошо вылететь далёкий нужно завалиться голова вниз выпрыгнуть максимально ровно идеал увидеть линия выше линия горизонт стремиться прыжок она смотреть вниз нельзя иначе быть завал корпус полёт боком вниз голова некрасиво хотеться красота роупджампинг про адреналин про красота вокруг техничность прыжок дружеский атмосфера,3,colloquial,Разговорный
тапка призёр чемпионат мир триатлоно полужелезный дистанция hoka жить процветать триатлоно чистый бег топ вообще старт редко редко можно увидеть про карбон конечно тренировочный hoka иметь немало поклонник карбон,3,colloquial,Разговорный
макс поздравлять рождение оставаться такой безбашенный брать жизнь,3,colloquial,Разговорный
каждый шаг иметь последствие сделать странно,3,colloquial,Разговорный
знать невероятный история ислам anismas керим пока главный герой pro,3,colloquial,Разговорный
зимний перчатка палец изготовить козлиный кожа текстиль микс текс мембрана tri флис подкладка тинсулейта утеплитель тыльный сторона рука ладонь ладонь кожа двойной слой костяшка рука двойной слой кожа обивка кожа палец перчатка регулировка задний часть рука манжета защита проникновение вода светоотражающий деталь печать задний часть рука резиновый губа левый указательный палец протереть визора шлем запястье стрейч регулировать липучка регулировать ширина манжета застёжка липучка безопасность соответствие стандарт перчатка ixs чёрный цена руб наш сайт интернет магазин оформить заказ телефон мотоэкипировка байкер защита мотошлем шлем мотоцикл,3,colloquial,Разговорный
просто взглянуть сокровище принимать участие steal который смочь забрать себя куча топовый приз общий призовой фонд успеть урвать скин,3,colloquial,Разговорный
максим крескин команда построить два неделя связующий югра самотлор изменение состав многолетний партнёр взаимопонимание,3,colloquial,Разговорный
парень смочь весь конец неделя бесплатно открыть доступ профессиональный обучение заработок час день интернет обучиться день мочь работать час день делать настройка час инструкция подходить кто нужный подработка гибкий графика опыт работа пара час день выходной неделя курс бесплатный забирать учиться трудоустраиваться хватать человек переходить ссылка ниже нажимать разрешить забирать курс,3,colloquial,Разговорный
успеть оформить кредитный карта альфа банк вечный бесплатный обслуживание целый год кэшбэк партнёр оформить сейчас доставить дом завтра оставить заявка,3,colloquial,Разговорный
шестёркин затаскивать рейнджерс финал восточный конференция американец игорь хоккейный божество нью йорк рейнджерс одержать сенсационный победа семиматчевый серия каролина взять верх харрикейнза решающий противостояние первый звезда встреча признать российский голкипер синерубашечник игорь шестёркин отразить бросок упустить шанс потроллить один болельщик хозяин завершение поединок очередной блестящий игра шестёркин привести восторг заокеанский пользователь каролина много пойти этот серия первый очередь стоить отметить вклад общий победа рейнджерс сделать игорь шестёркин важный причина тот кейнза получаться действовать результативно шестёркин первый полноценный сезон качество основный вратарь рейнджерс выводить команда финал конференция повезти несмотря победа рейнджерс этот серия быть разгромный именно шестёркин являться фундамент остановить почти лететь ворота наблюдение игорь шестёркин самый настоящий религиозный опыт шестёркин хороший три вратарь каролина вместе взять близко стоять он уровень единственный причина который андерсен показывать такой статистика регулярный чемпионат кейнс отлично действовать оборона игорь самый ценный хоккеист весь лига обсуждаться сегодня шестёркин заскучать первый период прилечь вздремнуть респект рейнджерс отлично провести серия качественный работа перед дедлайн шестёркин превратиться настоящий стена дать преимущество который нуждаться перед плей офф мой взгляд именно игорь стать главный звезда этот серия обожать шестёркин классно потроллил тролль каролина после игра игорь шестёркин хоккейный божество оно наш игорь мой герой василевский пока оставаться хороший вратарь мир шестёркин стучаться дверь согласно продвинуть статистика серия каролина шестёркин пропустить шайба маленький показатель ожидать гол кейнс текущий розыгрыш плей офф игорь одержать победа отразить бросок финал восточный конференция шестёркин ждать мощный противостояние андрей василевский тампеть перевод,3,colloquial,Разговорный
следующий неделя измениться время турнир перевод время зимний запад дивизионный кубок быть проводиться час поздний регион который измениться время европа северный америка восток запад время zero измениться,3,colloquial,Разговорный
новый номер журнал мир фантастика продажа майский номер наполнить юбилей отмечать двадцатилетие the iii тридцатилетие третий чужое тридцатилетие сорокалетие фильм конана варвар сорокапятилетие обь ван кенобь семидесятипятилетие брайан фрауд ещё номер журнал выходить год впрочем такой совпадение являться причина публиковать статья про нумерология мирфантастика новинка,3,colloquial,Разговорный
новый видео летний ананд давить карлсена виши снова турнир norway chess новый мощный курс тактика алексей гогановый промокод anand скидка руб действовать июнь,3,colloquial,Разговорный
проблема сустав распространить проблема среди спортсмен болезнь связанный сустав мешать жить счастливо комфортно гармония каждый шаг мочь причинять боль решение этот проблема разработать комплексный пептидный препарат опорный двигательный аппарат препарат подойти спортсмен человек проблема опорный двигательный аппарат профилактика заболевание опорный двигательный аппарат помощь подагрический артрит помощь воспалительный поражение сустав помощь дегенеративный заболевание сустав помощь остеопороз помощь остеохондроз помощь ревматизм новый препарат комплекс пептидный биорегулятор звено иммунный система сосудистый стенка хрящ состав входить вещество обладать хондропротекторный свойство антиоксидант жирный кислота переходить ссылка узнать большой продукт регистрироваться получить скидка бад являться лекарственный средство,3,colloquial,Разговорный
сборная республика башкортостан занять первый место всероссийский соревнование общество динамо ноябрь нижний новгород завершиться всероссийский соревнование общество динамо волейбол среди мужчина первый место турнир занять сборная общество динамо республика башкортостан турнир башкирский спортсмен провести групповой этап пять матч против команда красноярск самара нижний новгород санкт петербург челябинск одержать победа игра полуфинал динамо башкортостан оказаться сильный челябинск финал уверенно обыграть самар отметить два игрок сборная общество динамо республика башкортостан получить индивидуальный награда хороший принимать стать игорь фролов хороший блокировать максим титов общий сложность соревнование участвовать команда быть поделить три группа численность субъект федерация волейбол республика башкортостан волейбольный клуб урал поздравлять башкирский спортсмен успешный выступление турнир,3,colloquial,Разговорный
менять настолочь мем подписаться группа поставить лайк этот запись выложить комментарий угарный мем участие кот любить котик правда давать покреативить апрель случайный образ выбрать победитель получить пушистый лапка взрывной настолочь взрывной котёнок доставка приз счёт организатор желать удача весь мяу конкурс,3,colloquial,Разговорный
васильев вад дело норвегия замять скандальный ситуация двукратный олимпийский чемпион биатлон дмитрий васильев прокомментировать информация тот норвегия мочь лишить право проводить международный соревнование нарушение антидопинговый кодекс вад абсолютно очевидный такой никогда быть сборная норвегия отстранить главный виновник область нарушение допинг правило назначить россия норвегия назначить сам главный лыжный страна нелогично такой случай обвинять норвегия специалист очевидный выиграть медаль значительный часть норвегия выигрывать легальный допинг скорее весь вад дело замять многие другой известный скандальный ситуация например доктор шмидт который наслать огромный количество кровяной допинг продолжение иметь такой пример полный полно дело замять ничего быть потом очередной раз акцент сдвинуть сборная россия мол что нарушить тот отвести внимание норвегия сказать васильев,3,colloquial,Разговорный
wsbk пол деннига верить титул утратить топрак мочь идти цель словно одержимый хотя альваро баутист лететь индонезия преимущество топрак разгатлиогла очко босс заводский команда pata yamaha пол деннинга считать шанс спасение чемпионский корона ещё исчерпать впереди два этап индонезия австралия рамка который состояться заезд четыре длинный два спринт быть разыграть очко гораздо большой чем давать некоторый надежда yamaha титул завоевать топрак разгатлиогла последний уикенд сезон год ещё можно удержать чемпионат более менее завершиться это думать считать считать остаться единый шанс заявить деннинга после этап аргентина многие основывать мнение результат гонка ошибка топрак уровень темп альваро здесь аргентина смотреть ехать титул больший нетерпение ждать возвращение постараться конкурентоспособный мандалик побороться три победа надо побить альваро создать давление перед неплохо никогда говорить никогда стратегия pata yamaha последний два этап быть строиться доминирование топрак весьма реально учитывать боевой дух тот команда перейти сценарий ещё май после провальный старт чемпионат топрак рассматривать сезон единый линия погоня титул цепочка отдельный событие связанный друг друг каждый гонка первый последний выиграть надо пятница это деннинга команда быть работать индонезия австралия понять здесь стратегия отдельный событие мочь пересмотреть именно исходить тот появиться необходимость рассматривать финальный раунд через призма воздействие лидер чемпионат альваро баутист бау мочь потерять хладнокровие терять несколько раз прошлый это нужно создать предпосылка аргентина выиграть топрак деннинга назвать один хороший гонка турок весь карьера разгатлиогла навязать баутист больший битва победа каждый раз баутист перехватывать инициатива топрак возвращаться преимущество мотор помочь баутист главный прямой казаться трижды отбирать позиция альваро именно поворот продолжать деннинга подойти сказать фил шеф команда топрак демонстрировать уровень уверенность после тот грохнуться первый гонка впечатляющий сигнал гонка я впечатлить большой это сезон тактика топрак теперь очевидный хотеть вырваться лидер ехать будто другой существовать сильный позиция ехать дефицит скорость быть помеха просто одержимый цель,3,colloquial,Разговорный
обзор полуфинальный поединок турнир галле даниил медведев оскар отт,3,colloquial,Разговорный
конкурс kunai snow camo условие участие поставить лайк написать комментарий репост дать запись итог спасибо,3,colloquial,Разговорный
любитель мотокросс финал чемпионат россия прошедший начало сентябрь набережный челны гонка участие никита богданов владимир бобина мотокросс,3,colloquial,Разговорный
мой любимый деннис родман после школа работать уборщик вплоть летний возраст после что вытянуться заняться баскетбол итог зафдрафтовать год безумие,3,colloquial,Разговорный
наглядный партия необычный настолочь идеальный кадр настолочь live этот игра примерить себя роль светский фотограф попытаться расставить гость аристократический вечеринка учесть многочисленный зачастую противоречивый предпочтение достижение цель понадобиться хороший память комбинаторный умение ещё идеальный кадр нужно настоящий фотографировать картонный фигурка трёхмерный ширма купить игра идеальныйкадр,3,colloquial,Разговорный
канада юрий ляпкина против нападать сборная канада бобби кларк,3,colloquial,Разговорный
сегодня день рождение отмечать администратор дублировать состав батэ андрей игнатович чем искренне поздравлять праздник андрей викторович,3,colloquial,Разговорный
время проведение пит стоп гран эмилий романие зачёт номинация dhl fastest pit stop award самый быстрый пит стоп данный момент,3,colloquial,Разговорный
очередной среда прийти ворваться группа день монстр сегодня рассказать два обитатель страна фея ведьма лягушка фея хотеть превратить фейский земля подконтрольный болото отметить фея гуманоид потерять рассудок месяц год скитание угодье благой неблагой двор напомнить переводить книга monsters,3,colloquial,Разговорный
rafael спросить про шанс париж,3,colloquial,Разговорный
fronzes открывать свой сфера гарант хотеть провести сделка безопасно обращаться менеджер указанный контакт группа,3,colloquial,Разговорный
вспомогательный упражнение вестсайда барбелла укрепление подколенный сухожилие,3,colloquial,Разговорный
matchday superliga gkh market дождаться решающий стадия турнир сразу команда сдвоить матч определить имя соперник подзембургаз заря первый шаг быть сделать сегодня март час паркет уск подмосковье выйти принципиальный соперник полёт павлович оба команда неоднозначно провести сезон павлович второй круг стать один скрытый фаворит турнир сейчас отличный шанс подтвердить сформироваться репутация полёт точно собираться входить штопор точечный усиление правильный настрой мочь помочь лётчик набрать нужный высота выход следующий раунд автолицей рековерь рековерь безусловный фаворит лицеист мочь уметь удивлять финишный рывок очко полёт показать команда пушкино зуб учитывать трудность сбор рековерь это матч мочь абсолютно,3,colloquial,Разговорный
прыжок единый суббота июль быть сплавляться сап река оредёжа обрывистый берег красный песчаник фантастический водоросль нависать вода дерево красота маршрут длина километр проходиться час спешить купание фотографирование отдых быть шустрый можно продолжить река длинный время старт стоимость рубль сап обучение плавание сопровождение инструктор фото видео отчёт прогулка трансфер место финиш место старт записаться задать вопрос,3,colloquial,Разговорный
даллас гость овертайм обыгрывать бруклин весь добрый утро mavs nets,3,colloquial,Разговорный
начаться подготовка бой артур бетербиев энтони ярд промоутер британец фрэнк уоррен заявить тот зарезервировать арена лондон поединок чемпион мир полутяжёлый вес три основный версия wbo wbc ibf артур бетербиев обязательный претендент версия wbo энтони ярд октябрь увы теперь уверенность можно сказать бетербий бивол смочь встретиться друг друг ринг через один бой случай победа естественно,3,colloquial,Разговорный
дрис вантор чарльз виртс покидать ауди ожидаться гонщик присоединиться бмв остаться состав wrt,3,colloquial,Разговорный
спринт аккурася труба ещё один пример казаться просто прыгнуть сложно оскар опатовск приземлять стик ещё пролететь отверстие сложиться пополам,3,colloquial,Разговорный
стадион урал екатеринбург идти первенство свердловский область лёгкий атлетика среди юниор год программа онлайн табло фото андрей минжулин андрей акуленко,3,colloquial,Разговорный
новак джокович стать единственный теннисист мужской тур который удаться выиграть титул три покрытие год теннисист хороший грунтовый мастёрса рим брать главный трофей травяной уимблдон праздновать победа израиль хард,3,colloquial,Разговорный
нарисовать древний выиграть набор карточный ужас аркхэма выбор август день рождение отмечать мастер ужас говард лавкрафт запускать новый творческий конкурс честь великий писатель подписаться games поставить лайк этот запись нарисовать любой монстр вселенная лавкрафт указать рисунок хештэг приветизаркхэм выложить рисунок альбом ссылка сентябрь включительно сентябрь среди участник выбрать пять победитель выбрать подарок набор ужас аркхэма карточный игра получить приз случайный участник выбрать приложение рандомайзер смочь выбрать набор общий сумма участник чей рисунок набрать большой весь лайковый альбом зрительский симпатия набор сумма ещё три победитель выбрать помощь жюри место набор место место требование работа рисунок можно нарисовать рука помощь графический редактор тот число необычный метод например выжечь доска рисунок должный уникальный создать сам участник допускаться рисунок опубликовать интернет участник мочь выложить любой количество уникальный работа случайный победитель быть выбрать среди участник вне зависимость количество рисунок жюри быть выбирать среди работа зрительский симпатия среди работа рисунок нужно указать хештег приветизаркхэм стиль работа призёр мочь стать победитель прошлый конкурс нарисовать свой древний про приз карточный ужас аркхэма настольный игра про отважный сыщик расследовать жуткий тайна сражаться невыразимый ужас игра разнообразный сценарий требовать индивидуальный подход возможность тонкий эффективный настройка личный колода игрок работа конкурс год можно посмотреть здесь работа год здесь приз бесплатно доставить россия выдача приз проводиться соответствие полный правило конкурс games ссылка принимать участие конкурс давать разрешение использование выложить рисунок ресурс games предотвращение нечестный действие организатор оставлять себя право исключать работа конкурс выбрать качество приз набор должный наличие склад интернет магазин конкурс ужасаркхэмакарточнаяигра лавкраф,3,colloquial,Разговорный
урал перейти сербский атаковать игрок лазар ранджелович футболист выбрать игровой номер место рождение лесковац сербия возраст год рост амплуа полузащитник нападать лазар ранджелович родиться сербский город лесковац начать заниматься футбол местный клуб слог лесковац пройти через молодёжный команда лето оказаться единство бошняц дебютировать взрослый футбол затем протяжение три год лазар выступать разный сербский клуб август год подписать контракт греческий клуб олимпиакос решить остаться свой прежний клуб радничка право аренда сезон тот сезон лазар провести матч забить гол вскоре после возвращение олимпиакос забить два мяч игра против краснодар раунд плей офф лига чемпион далее последовать аренда испанский леганес выступать сегунда серб провести матч забить гол нынешний сезон лазар вновь вернуться олимпиакос помочь греческий клуб пробиться групповой этап лига европа весь еврокубок наш новый игрок провести матч сентябрь год новичок урал получить первый вызов юношеский сборная сербия дебютный игра отметиться голый спустя два год ранджелович впервые сыграть главный команда свой страна принять участие игра лига нация против сборная россия,3,colloquial,Разговорный
виктор оладипо мочь дебютировать сезон второй неделя март сообщать адриан войнаровск,3,colloquial,Разговорный
недооценивать тот кто больший перспектива куча убийство игра потеря грамотный пуш про команда gmt esports именно коллектив красиво забирать первый строчка четвёртый карта получать вкусный ужин заключительный карта наготове сейчас самый время увидеть исход сегодняшний день pubgmobile pmpl pmplcis,3,colloquial,Разговорный
командный чемпионат россия спидвейкчр мег лада тольятти турбина балаково видеосюжет спорт,3,colloquial,Разговорный
сегодня стартовать женский турнир индиана уэллс мужчина состояться жеребьёвка мастёрса даниил медведев стать лидер посев мочь вновь встретиться рафаэль надалем полуфинал быть третий встреча сезон два предыдущий выиграть испанец новак джокович ещё сетка хотя шанс въехать сша пока неясный организатор турнир поддерживать связь команда большой подробность ссылка,3,colloquial,Разговорный
порой мастерство волейболист состоять тот избежать касание мяч,3,colloquial,Разговорный
иринка гусев киселёв поздравлять доставаться бесплатный прыжок утопия прыгать быть завтра место предварительный запись почти можно приехать записаться место прыгнуть живой очередь встреча утопия май воскресение записаться,3,colloquial,Разговорный
ваш любимый любимый нужный подчеркнуть фотка игрок отдых сегодня очередь джей жена,3,colloquial,Разговорный
конкурент нужно опасаться пользоваться опыт учиться ошибка сделать ваш продукт уникальный,3,colloquial,Разговорный
сколько год хороший начинать заниматься лёгкий атлетика,3,colloquial,Разговорный
тренер сборная россия биатлон сергей башкиров высказаться тот шанс евгений гараничев матвей елисеев вернуться команда вычёркивать этот спортсмен следить гараничев знать работать личный тренер максим кугаевский готовиться выступить летний кубок содружество сочи матвей информация начало подготовительный период некоторый показатель здоровье позволять получить медицинский допуск измениться ситуация сказать мочь,3,colloquial,Разговорный
прыгать скакалка день подряд измениться мой тело силовой показатель похудеть домашний условие быстро это видео,3,colloquial,Разговорный
алексей протас прокомментировать гол встреча виннипег отличный вбрасывание сделать планировать просто играть быстро говорить перед второй период шульц отлично сыграть уилсон остановиться сделать пауза отдать пас сработать вероятно заслужить гол свой рабочий этика движение шайба приводить слово протас телеграм канал белорусский хоккей,3,colloquial,Разговорный
судьба похоже гран финляндия motogp состояться пресс центр быстро распространиться один слух источник который считать офицер безопасность motogp лориса капиросся похоже гран финляндия мочь состояться год автодром сей пора готовый,3,colloquial,Разговорный
нью джерси выиграть матч подряд раз свой история сегодня девилс обыграть аризона регулярный чемпионат нхл команда выдать хороший серия победа начинать год ранее история клуб серия более победа сезон очки матч команда руководство линди рафф лидировать столичный дивизион идти место таблица восточный конференция,3,colloquial,Разговорный
место построить маршрут яндекс навигатор,3,colloquial,Разговорный
берра прохладный погода большой подходить шина soft переменчивый погода позволить команда полноценно поработать резина пятница прохладный погода шина сложно прогреть итог день подвести главный инженер симон берра симон берра состояние трасса постоянно меняться погода асфальт грязный скользкий такой условие сложно сделать вывод работа шина новый асфальт довольно гладкий сцепление оказаться столь высокий несколько неделя назад оценивать сразу после гонка час спа ход уик энд асфальт покрыться отработать резина сцепление наверняка улучшиться прохладный погода большой подходить шина soft гонка пройти схожий условие воскресение самый мягкий состав сыграть свой роль зависимость скорость деградация,3,colloquial,Разговорный
wss ещё один пилот мото гран переходить наварро подписать контракт ten kate испанец хорх наварро покинуть чемпионат мир мото гран сейчас выступать класс moto ради карьера ten kate yamaha хорх наварро занять место действовать чемпион wss доминик эгертер ten kate эгертереть решить перейти получить поддержка yamaha motor быть выступать саттелита grt yamaha наварро никогда выступать серийный чемпионат весь свой карьера преследовать цель motogp начать путь год moto тот год стать хороший новичок класс the year первый победа прислать наварро вступить среднекубатурный класс moto хорх столь успешный хотя год мочь стать триумфальный взойти подиум раз взять победа гонка стартовать поул это равно оказаться мало поспорить титул более стабильный алекс маркесом брадом биндёр том лютя завершить испанец сезон строчка сейчас наварро являться партнёр арон канета pons занимать позиция чемпионат moto он копилка весь один подиум место гран португалия,3,colloquial,Разговорный
гран сингапур ещё время условие чемпионство макс следующий гонка желательно знать сейчас произвести подсчёт,3,colloquial,Разговорный
поздравлять день защитник отечество быть здоровый любим успешный пусть удача всегда быть вы невзгода проходить сторона желать атмосферный вечер настолк друг рядом радостный победа игра,3,colloquial,Разговорный
автоспортивный движение наконец атрон трек требование пилот космолёт корабль резина строго шип ремень безопасность сток точка шлем сектлофар скотч аккумулятор закрепить течь масло течение минута авто завести состояние стоить место быть большой лужа авто допускаться пропуск тот парк строго участник тренировка пилот должный право правило прибывания трек участник очередь выстраиваться один полоса друг друг парный дрифт второй вставать рядом перед старт сам очередь хотеть пара начало очередь конец дожидаться конец очередь пропускать другой после что вставать оба друг друг общий очередь съезд трасса мочь проезжать весь очередь вставать старт первый очередной пилот показывать маршал рука крест видеть после что дрифт съезжать трасса въезд трасса вставать перед маршал ждать команда после что мочь проехать прямой очередь обгон запретить вы ехать авто сломаться трасса нужный эвакуация поднимать рука вверх скорость паддок более кмч сломаться мочь ехать хороший стараться выехать траектория щебень внимательный трек видеть перед себя стоящий авто прекращать дрифт проезжать мимо он прямой колесо желательно ехать вдвоём один заезд хотеть парный после старт отпускать небольшой расстояние продолжать заезд уменьшение время простой очередь снести отбойник быть платить кто быть прям капать течь масло трек покидать дрифт такси пассажир получать один билет один проезд обязательно должный шлем пассажир пристегнуть ремень шлем мочь пилот узнавать заранее можно взять аренда атрон нужный документ залог можно прокатиться любой машина желание пилот подходить спрашивать кайфовать указание руководитель тренировка участник покидать трек заезд останавливаться тот пора пока участник покинуть трек расписание заезд участник брифинг начало тренировка конец стоимость весь вопрос он андрей яров,3,colloquial,Разговорный
третий круг турнир wta майами джессика пегул елена рыбакина следующий соперница ангелина калинин,3,colloquial,Разговорный
записать подкаст детройт против межсезонье часть первый эфир представитель комьюнити пистонс олег кирилл павел обсуждать драфт обмен делать первый попытка оценить состав,3,colloquial,Разговорный
джон уолл сегодня против лейкерс очко подбор ассистовый потеря перехват блок беситься тот смочь попасть сегодня трехочковый наконец нормально попасть штрафной,3,colloquial,Разговорный
картина оноре домье шахматист создать год входить коллекция малое дворец париж,3,colloquial,Разговорный
александр кадейкин равный игра очень близко александр кадейкин ответить вопрос после пятый матч серия плей офф трактор александр кадейкин нападать салават юлай равный игра очень близко третий период наверное решить игра большинство забить забить результат рассказать забросить шайба видеть позиция вилла сегодня заряженный выйти момент хороший много создавать течение серия порой думать мытьё катание начинать злиться бросать сторона ворота работать складываться ваш тройка реализация момент складываться каждый игра создавать хороший момент источник официальный сайт салават юлай,3,colloquial,Разговорный
breaking news июль rzd впервые выступить группа российский группа исполнять кавер совмещать песня разный жанр придавать роковой звучание алла пугачёв гарик сукачёв макsий park специальный программа бегун гость gruta целый час хороший хит уникальный обработка вход бесплатный даешьрок,3,colloquial,Разговорный
формула зак салливана перейти prema участник гоночный академия зак салливана продолжить карьера формула следующий сезон британец быть выступать команда prema стать напарник пол арон дино беганович салливана дебютировать формула состав дважды подняться подиум завоевать поул домашний трасса сильверстоун занять одиннадцатый место личный зачёт итог сезон зак салливана очень рад присоединиться prema формула сезон год я ждать сотрудничество новый команда история prema говорить сам себя надеяться вместе провести успешный сезон первый впечатление составить тест оказаться хороший темп высокий продолжать изучать особенность машина знакомиться команда инженер немного учить итальянский,3,colloquial,Разговорный
босс псж недовольный мбапп пытаться диктовать клуб правило считать предательство желание килиан уйти,3,colloquial,Разговорный
желание играть россия маленький олимпийский чемпион франция корень женя гребенник рассказать любимый русский блюдо разница менталитет выборы президент,3,colloquial,Разговорный
егор клюка один самый универсальный нападать наш чемпионат одинаково уверенно чувствовать себя доигровка диагональ предпочитать участвовать приём смотреть большой топовый момент прошедшее сезон участие игрок питерский зенит полный версия ролик,3,colloquial,Разговорный
согласиться круто фото забег можно посмотреть здесь,3,colloquial,Разговорный
проигрывать мазать открытый треха начать попадать выиграть матч,3,colloquial,Разговорный
татьяна тарасов высказаться отъезд этери тутберидзе сша этери тутберидзе кто спрашивать совет это переживать ехать сша исключительно дело этери взрослый человек именитый тренер знать делать надо она приставать объяснить тарасов тутберидзе должный прибыть клуб фигурный катание бостон бенуа ришо ставить программа дэвис смолкина американский пользователь твиттер крайне негативно воспринять этот новость,3,colloquial,Разговорный
первый слово болельщик самотлор экс капитан локомотив изумруд наш новый центральный роман еркин,3,colloquial,Разговорный
игорь сайдуллин избранница анна поздравлять бракосочетание наш самый хороший пожелание молодожён быть счастливый,3,colloquial,Разговорный
дорогой любитель бег ждать ваш бегофоточка публикация комментарий этот пост сейчас свой классный бегом делиться наш беговой друг участник наш группа себастьяно перрейра лучшева ламакина гуревич король shoromov хард мусихина зюзин янулевич спасибо мотивация позитив отличный настроение дорогой друг всегда очень рада бегжизнь делисьбегом спорт верста забег наспорт старт,3,colloquial,Разговорный
привет весь кто продажа запчасть целое вид вариант заварить пока запасный,3,colloquial,Разговорный
выиграть весёлый игра вечеринка робот капча интернет превратиться забавный настолочь быстрый правило игра семья друг поставить лайк пост подписаться группа участвовать розыгрыш счастливчик выбрать через рандомайзер август доставка наш счёт,3,colloquial,Разговорный
здравствуйте редактор нужный группа обращать внимание имя фамилия страница являться фанат футбольный клуб манчестер сити эрлинга холанда записать вконтакте чистый случайность ранд футболист первый прийти голова решить подстроиться он мочь делать такой картинка ваш группа,3,colloquial,Разговорный
забавный факт яннис танасис служить греческий армия,3,colloquial,Разговорный
расширение for стать поддерживать dota мода позволять зритель влиять ход кастомный матч помощь донат,3,colloquial,Разговорный
создать уникальный tron hoonitron кен блок новый электрический tron создать отдать дань уважение раллийный автомобиль sport год шасси сделать карбон движение модель приводиться два электродвигатель передний задний ось полный привод начинка скорее весь достаться спорткара серийный tron который суммарный отдача агрегат достигать это двухдверка мочь похвастать наличие полный набор гоночный система безопасность счёт что отвечать весь требование fia,3,colloquial,Разговорный
весь привет друг это ролик быть выполнять тяга гирей левый правый время секунда очень интересный упражнение особенно хорошо прокачивать мышца спина насчёт результат увидеть ролик следующий раз планировать время максимум весь спортивный мотивация приятный просмотр спорт тяга зож гиря сила силач качок силач тренировка качалка,3,colloquial,Разговорный
давно тодора скрим баловать поклонник енисей серия подача эйс ряд поддержать сообщество сайт волейбольный чат вконтакте канал клуб спонсор сообщество волейбол пляжныйволейбол пляжка новостиволейбол держимячвигра волейболсми первоисточник мужской волейбольный суперлига,3,colloquial,Разговорный
узнать себя ставить поделиться друг оставить свой версия комментарий,3,colloquial,Разговорный
начинать новый сезон сегодня урал сыграть против динамо сосновый бора динамо урал мск прямой трансляция сосновый бора волейбольный центр,3,colloquial,Разговорный
летний бельгийский игрок шарль кетеларь перейти брюгге милан сумма трансфер составить млн евро млн евро качество бонус контракт окончание сезон,3,colloquial,Разговорный
комментарий мартен после сегодняшний спринт выступление йоханнес великолепно третий личный медаль олимпийский игра второй золотой медаль здесь пекин кентен йоханнес ожидтись грандиозный сражение узнать стать хороший биатлонист этот олимпийский игра именно противостояние хотеть увидеть прошлое год это год йоханнес немного ниже свой уровень старт сезон суметь среагировать выйти пик олимпиада три гонка три медаль этот два биатлонист завтрашний поединок йоханнес кентен гонка преследование обещать фантастический инстасторис мартен новый чемпион отдельный поздравление этот парень один крупный аномалия получить личный олимпийский медаль,3,colloquial,Разговорный
разыгрывать горан драгич интересный пять клуб нба сообщать инсайдер espn эдриан воджнаровск драгич хотеть подписать бруклин клипперс лейкерс милуока чикаго отмечаться фаворит словенец являться бакс состав который мочь получить значимый роль площадка драгич начинать сезон торонто перед дедлайн отправить ветеран сан антонио техасец выкупить контракт летний игрок,3,colloquial,Разговорный
отличный бегомотивация друг делисьбегом бег атлет забег забегрф мотивация мотивациябег спорт,3,colloquial,Разговорный
международный день студенческий спорт ежегодно день рассказывать наш успех область развитие популяризация студенческий бокс направление являться один приоритетный работа федерация настоящий время благодаря плодотворный сотрудничество спортивный федерация бокс санкт петербург вуз город большой количество молодёжь появляться дополнительный возможность раскрытие свой талант реализация спортивный арена тот каждый студент возможность попробовать себя ринг спортивный федерация бокс предоставлять спортивный инвентарь экипировка высокий учебный заведение наш город настоящий время активно сотрудничать десятка вуз северный столица программа развитие приносить плод год чемпионат город бокс среди студент принимать участие более спортсмен высокий учебный заведение универсиада год боксёрский команда петербург занять первый общекомандный место это год вновь подтверить класс бокс федерациябокс студенческийспорт,3,colloquial,Разговорный
betboom этап пляжка орёл позади смотреть фото момент заключительный игровой день объектив александр лукин вфв,3,colloquial,Разговорный
релиз альбом письмо отсюда ojv первый альбом русский язык вдохновить китайский новелла мосян тунсь магистр тёмный культ текст музыка альбом доступный яндекс музыка amazon shazam instagram поиск название альбом ник обратить внимание точка буква надо ставить обязательно быть рада ваш впечатление писать комментарий тут автор,3,colloquial,Разговорный
топ бомбардир рпл сычёв вырваться первый позиция,3,colloquial,Разговорный
весь бег лёгкий нога друг бег бегануть бегун легкаяатлетик спорт,3,colloquial,Разговорный
зал слава пополнить иан райт венсан компани серхио агуэро дидье дрогб,3,colloquial,Разговорный
полиция конфисковать полностью функционировать ружьё замаскированный игрушка,3,colloquial,Разговорный
представлять посев группа команда участвовать ярославль комуса фест,3,colloquial,Разговорный
game day кубок казахстан астана тобол нур султан велотрек сарыарка февраль вторник начало столичный время вход свободный зелёный статус приложение ashyq трансляция информация соперник история встреча сравнение команда опубликовать анонс наш сайт pbcastana nbf nbfkz kazakhstan astana sportqory пбкастан нфб нфбрк единаялигавтб казахстан астана нурсултан баскетбол самрукказын спорт ор кубокказахстан тобол,3,colloquial,Разговорный
господин подсказать пожалуйста сервис мастер сварка рам спб страшноватый такой катать,3,colloquial,Разговорный
возраст понимать важно количество пешка качество цитатышахмат,3,colloquial,Разговорный
первый домашний победа четыре партия обыгрывать белогорье второй тур pari суперлига урал уфа белогорье белгород,3,colloquial,Разговорный
спрашивать про тот справа парнишка слева признать,3,colloquial,Разговорный
пост необычный место игра волейбол низкий потолок максимально явный аут выбрать,3,colloquial,Разговорный
сегодня день рождение праздновать прекрасный волейболистка варвар шубин елена гатин арин гоцелюк поздравлять желать счастие,3,colloquial,Разговорный
сегодня стк имя анатолий степанов начало работа касса продажа билет гонка командный чемпионат россия мег лада восток владивосток касса сторона улица республиканский работать,3,colloquial,Разговорный
болельщик победа крамарь показать стальной покахонтас вообще рубиться нож золотой дубль это сезон луучшиий,3,colloquial,Разговорный
команда формула привезти барселона множество технический новинка отобрать мочь ускользнуть ваш внимание,3,colloquial,Разговорный
сегодня день рождение праздновать прекрасный хореограф творческий человек алексей железняк алексей весь душа поздравлять ваш день желать неисчерпаемый запас интересный идея прекрасный постановка выражение свой эмоция рисунок танец постоянный вдохновение талантливый ученик пусть жизнь быть полный волшебный момент крепкий здоровье море любовь благополучие весь сам хороший,3,colloquial,Разговорный
реал мадрид уступать манчестер сити счёт минута первый матч минута второй никогда сбрасывать счёт реал мадрид,3,colloquial,Разговорный
лёгкий атлетика тренить синхронно легкаяатлетик сбу спорт беговыеупражнение sport,3,colloquial,Разговорный
пётр попросить помощь генри сехудо остаться секундант перед поединок против алджамэйн стерлинг временный чемпион ufc лёгкий вес пётр предложить занять место свой угол бывший двойной чемпион ufc генри сехудо тренер генри сехудо какой план апрель написать российский боец твиттер процитировать новость тот угловой быть одобрить американский виза генри сехудо ответить поработать твой угол поставить сидение высоко ещё зарядить колено написать американец твиттер оставить многозначительный хэштег три эмодзь российский флаг,3,colloquial,Разговорный
продать указать покупать указать продавать страйкбольный снаряжение указать обменивать описать товар наколенник набедренный платформа сбросник олива сбросник койот кабура пластик крепёж ремень двуточка ремень одноточка утилитарка подсумок рация подсумок пистолетный обойма механ лоадер разгруз китай нагрудник asr ручка койот ручка чёрный короткий ручка чёрный прицел акума литиевый бокс привод цена договорный отличный состояние пресыл счёт покупатель территориально находиться астрахань местонахождение астрахань наличие пересыл наличие пересыл фото публиковать цена сергей скляр,3,colloquial,Разговорный
бегать пока здоровый прийтись побегать заболеть древнеримский поэт золотой век гораций весь атлет спокойный сон,3,colloquial,Разговорный
первый матч финальный серия остаться рубин тюменец проигрывать дом это плей офф,3,colloquial,Разговорный
баскетбольный кросс покупать покупать покупать баскетбол низкий цена,3,colloquial,Разговорный
отпросить ласковый солнце тёплый песок строгий начальник мама жена один наш фест конечно написать личный сообщение подготовить официальный вызов соревнование фио тот кто отпрашивать название организация отпрашивать должность начальник фио начальник почта начальник тот сам себя хозяин здесь ссылка бронирование билет турнир самара,3,colloquial,Разговорный
тренер сборная россия объяснить тереза йохауга смочь догнать наталья непряева ожидать йохауга догнать непряева первый весь пять километр второй йохауга здесь классика показывать тот скорость показывать мочь наоборот другой спортсменка приблизиться она скорость йохауга смочь пять километр большой количество секунда отыграть предсказуемый,3,colloquial,Разговорный
сборная мир выиграть laver cup сборная мир впервые стать победитель кубок лэйвера победитель кубок лэйвера стать феликс оже альяссим фрэнсис тиафо томми пол джек сок алекс минор тейлор фритц диего шварцман,3,colloquial,Разговорный
друг рада приветствовать наш pro team артём щуркина артём провести очень продуктивный сезон всевозможный джема контест снимать мощный материал камера питерский улица индивидуальность катание стиль навык упорство помочь артема получить заслужить звание профессионал поздравить наслаждаться этот работа приятный просмотр,3,colloquial,Разговорный
серф мув помочь чуть быстрый оказаться вода,3,colloquial,Разговорный
шайба карлсон пустой ворота карлсон обновить личный снайперский рекорд количество забросить шайба сезон,3,colloquial,Разговорный
самый время горячий фоточка betboom этап пляжка калининград смотреть полный фотоальбом третий игровой день максим папакин вфв,3,colloquial,Разговорный
факундо кампаццо подписать контракт даллас год млн доллар аргентинский разыгрывать отказаться выгодный предложение испанский реал турецкий фенербахча остаться нба выбор аргентинец объяснять факундо кампаццо лидер даллас лука дончича быть одноклубник мадридский реал,3,colloquial,Разговорный
жилить симон одержать победа карьера хотеть покидать теннисный мир,3,colloquial,Разговорный
коллега пора возвращаться творческий русло после продолжительный отдых проводиться конкурс придумать игра час ознакомиться условие ограничение предстоять разработать соответствовать концепт настольный игра краткий правило pnp мочь выполнить схематичный очень условный вид регистрация конкурс открываться прямо сейчас закрываться ровно через неделя май принять участие можно перейти этот ссылка весь удача помнить предел совершенство,3,colloquial,Разговорный
сергей калинин подписать новый контракт трактор соглашение капитан черно белый быть действовать конец сезон сергей калинин воспитанник омский хоккей обладатель золотой медаль молодёжный чемпионат мир олимпийский чемпион победитель кубок гагарин течение два прошлый сезон нападать выступать трактор капитан команда анвар гатиятулин это год вместе черно белый форвард стать бронзовый призёр чемпионат кхл состав трактор калинин провести матч набрать очко совершить хит весь лига форвард сыграть поединок забросить шайба раз ассистировать партнёр провести силовой приём иметь показатель полезность иван савин генеральный директор клуб рада продление контракт наш капитан сергей калинин настоящий лидер коллектив лёд раздевалка такой хоккеист кхл сейчас единица трактор продолжение сотрудничество калинин являться хороший решение,3,colloquial,Разговорный
прежде чем следующий раз смеяться игра кокорин фиорентина хороший спросить тупой итальянец ставить хороший вратарь россия позиция центрфорвард,3,colloquial,Разговорный
юдзура это пост собрать комментарий другой спортсмен юдзура шома уно юдз кун многие год возглавлять вести вперёд наш сборная давление ответственность что смочь вынести юдз кун мочь поднимать уровень выше выше стремление оставаться впереди сила нэйтан чен думать смочь выиграть олимпийский игра смочь мой игра делать делать восхитительно смочь попасть второй игра соревноваться юдзура сегодняшний попытка четверной аксель невероятно близко думать сделать великолепно наблюдать юдзура толкать спорт вперёд действительно невероятно видеть боян цзинь юдзура принять решение соревноваться свой третий олимпийский игра устремить вершина идти четверной аксель нечто экстраординарный что никто ещё делать демонстрировать дух олимпийский спорт team hanyu,3,colloquial,Разговорный
пропустить мужской полуфинал open обязательно смотреть минь обзор,3,colloquial,Разговорный
самый время побеждать поспешить активировать новый промокод hero получить баланс количество активация ограничить тянуть резина скорее действовать,3,colloquial,Разговорный
третий этап tcr германия пройти трасса зальцбургринг tcr tcrgermany,3,colloquial,Разговорный
дорогой атлет представлять новый партнёр наш забег powerup отечественный производитель высококачественный спортивный питание аксессуар бег другой циклический вид спорт участник дистанция crazy owl получить качество вложение стартовый пакет гель powerup новый коллекция лёгкий летний вкус клубничный дайкири вишнёвый кола гель содержать три необходимый спортсмен углевод мальтодекстрин глюкоза фруктоза точно просчитать пропорция дополнить столь важный организм электролит компактный удобный формат прийтись очень кстати предстоящий забег экономить место вес юный спортсмен дистанция совёнок найти стартовый пакет вкусный питательный батончик powerup финиковый основа конечно пункт питание участник быть ждать освежать изотоник powerup содержать полный набор необходимый электролит дополнить фирменный углеводный матрица powerup почувствуйчтонетпредел,3,colloquial,Разговорный
российский лыжница наталья непряева прокомментировать выступление скиатлоно олимпийский игра пекин серебро замести лыжня очень тяжёлый погода очень холодно особенно холодно классика очень тяжело равный условие настраиваться выдать максимум ничего загадывать перед этот гонка рада получиться пока осознавать безумно рада зря сказать непряева медаль стать первый российский команда пекин,3,colloquial,Разговорный
секрет безопасный позиция тело здоровый плечо профилактика получение травма время выполнение жим штанга,3,colloquial,Разговорный
такой сомнительный серия ава магнитка прям интересно вообще делать,3,colloquial,Разговорный
летний подборка снимок полный тепло солнце надо излёт первый рабочий неделя год,3,colloquial,Разговорный
новак выходить свобода суд джокович выиграть теперь ждать шаг власть австралия,3,colloquial,Разговорный
евгений гараничев чувствовать мочь ещё выступать топ уровень хотеть показать хороший результат зимой особенно учёт тот гонка быть принимать участие хороший биатлонист страна доказывать сам себя зря остаться здорово ещё увидеть это биатлонист,3,colloquial,Разговорный
лада поздравлять день победа хоккейный клуб лада поздравлять годовщина победа великий отечественный война уважаемый ветеран обязать весь жизнь свобода счастие наш ребёнок низкий поклон живить долго оставаться пример честь мужество день великий победа,3,colloquial,Разговорный
потапов шагнуть круг клужа напока россиянка анастасия потапов выйти второй раунд турнир клужа напока переиграть американка энн далее анастасия сыграть либо виктория голубич либо диана парри potapova,3,colloquial,Разговорный
собираться уйти обыграть ехать бразилия,3,colloquial,Разговорный
творить команда пеллегринить вальядолид райо вальекать севилья алавес эспаньола сосьедада вильярреал райо вальекать леванта зенит мальорк,3,colloquial,Разговорный
большой достоинство человек заключаться способность исправлять ошибка постоянно делать новый человек сам себя ван янмина,3,colloquial,Разговорный
япония огласить состав чемпионат мир тренерский штаб мужской сборная япония определить игрок принять участие мужской чемпионат мир год пройти польша словения август сентябрь япония сыграть группа быть играть катар бразилия куба состав мужской сборная япония чемпионат мир диагональный юджи нишида мияур кенто центральный блокировать онодер тайши ямаутить акихиро мураям шуничиро сато связующий секит масахиро масак доигровщик оцук тацунорь такахаша ран таканаша кент юки ишикава либеро огава томохиро огава томохиро,3,colloquial,Разговорный
конец неделя скидка детский игра банда монстриковый монстр близнец заметать след водить нос округ пока однажды перепутаться сам счастие примета детектив мочь найти победить самый слаженный команда нужно объяснить какой монстрик искать сделать называть некоторый примета отличный игра ребёнок год развивать внимательность реакция учить работать один команда цена руб,3,colloquial,Разговорный
комплексный тренировка пресс мышца кора офп спорт зож легкаяатлетик забег старт всембег,3,colloquial,Разговорный
мотокросс лидер чемпионат мир выиграть квалификация гран германия mxgp результат субботний квалификация этап чемпионат мир мотокросс mxgp тойчентал,3,colloquial,Разговорный
вариация упражнение трицепс вестсайда позволять сохранять постоянный напряжение протяжение весь движение изолировать движение позволять улучшить мышечный сокращение возможность сосредоточиться связь ум мышца поскольку напряжение идти снизу сложно изменять,3,colloquial,Разговорный
scope шлем модуляр подходить ежедневный поездка город путешествие внешний корпус удлинённый форма улучшение аэродинамика изготовить высокопрочный термопластик технология hptt внутренний капсула изготовить вспенить полистирена eps разный плотность применение лазерный моделирование раскрой максимальный безопасность комфорт прилегание быстросъёмный визора сделать оптически корректный полимер класс применять аэрокосмический индустрия обеспечивать максимальный прозрачность отсутствие искажение защищать любой внешний воздействие ультрафиолетовый излучение внутренний солнцезащитный визора улучшать видимость условие яркий освещённость позволять брать себя тёмный стекло быстро удобно откидываться наверх необходимость предусмотреть возможность установка антизапотеватель max регулировать передний воздухозаборник воздушный канал защитный капсула шлем задний экстрактор обеспечивать комфортный эффективный вентиляция внутренний подкладка выполнить дышать гипоаллергенный материал полностью съёмный допускать стирка усиленный ремешок металлический застёжка микрометрический фиксатор дополнительный защитный валик область шея вес шлем размерный линейка хxl сертифицировать европейский стандарт ece шлем закрытый тип благодаря надёжный механизм крепление подбородочный дуга шлем модуляр чёрный цена руб вместо руб наш сайт интернет магазин оформить заказ телефон мотоэкипировка байкер защита мотошлем шлем мотоцикл,3,colloquial,Разговорный
финал олимпийский игра вадим хамутцкий отдавать шикарный передача игорь шулепов комбинация вход зона отточить идеально наводить шорох соперник год сборная россия выиграть серебряный медаль олимпийский игра свой карьера вадим хамутцкий трижды брать медаль олимпиада навсегда вписать имя история наш волейбол спасибо маэстро светлый память,3,colloquial,Разговорный
нефтехимик трактор черно белые уступить нижнекамск прервать победный серия семь встреча подряд после два победа мытищи трактор приехать нижнекамск матч против нефтехимик завершать выездной серия кроме тот после официальный заявление лига перенос игра встреча татарстан возможно стать черно белый последний январь старт поединок остаться хозяин волк быть чуть быстрый активный выглядеть атака первый шайба матч зритель прийтись ждать чуть большой десять минута экватор период счёт открыть эдуард гимат челябинец быстро отыграться отличиться андрей стася через два минута нефтехимик вновь выйти вперёд благодаря шайба вячеслав лещенко второй период челябинец добавить скорость суметь перехватить инициатива черно белые частый стать доводить шайба ворота александр судницин результат что начать появляться опасный момент нефтехимик здорово действовать контратака один такой выпад гость выручить роман вилла успех голкипер трактор поддержать игрок нападение один атака лукаш седлак сравнять счёт после передача артём шварево итог перед заключительный отрезок игра третий период команда осторожничать любой ошибка мочь решить исход встреча чуть активный атака быть гость подопечный олег леонтьев близкий конец третий период играть откат два минута сирена нефтехимик поймать трактор контратака который реализовать павел порядин после взятие ворота тренерский штаб анвар гатиятулин сначала взять тайм аут после что заменить роман вилла шестой полевой игрок впрочем последний штурм южноуралец получиться дэн секстон поразить пустой ворота трактор нефтехимик трактор гимат купец сидоров стася пулккинный шолохов лещенко галим седлак шварево кулик порядин секстон лещенко нефтехимик судницин петрищев сидоров порядин митякина шафигуллин кнота семён купец вихарев гимат севостьян березин лещенко галим секстон чивилевый шарифьян попов шут трактор вилла исаев бэйлен тертышный седлак гик пилут яруллина шабан ткачёв бывалец блажиевский кулик шолохов стася пулккинный карпухин шварево основина фатеев бросок бросок створ вбрасывание блокировать бросок силовой приём штраф главный судья васильев алексей одиньша эдуард линейный судья захаров даниил строганов максим январь нижнекамск нефтехим арена зритель,3,colloquial,Разговорный
продолжать наш образовательный модуль алексей беляков новый видеоролик продемонстрировать научиться вортекс два способ скорее смотреть ролик ставить лайк подписываться наш сообщество точно упустить самый интересный новость паркур парк ангар научить каждый делать классный трюк паркур секция запись рабочий телефон личный сообщение группа ангар иркутск ангар интересный просто тренироваться иркутск досуг спорт экстрим паркур,3,colloquial,Разговорный
голкипер салават юлаева александр шарыченков покинуть уфимский клуб вероятный весь клуб пополнить либо андрей карей либо илья ежов,3,colloquial,Разговорный
комплекс минута аbs спорт бег фитнес зож наспорт,3,colloquial,Разговорный
эвертон завершать игровой день опускаться зона вылет впервые декабрь год,3,colloquial,Разговорный
бесплатный дать statsbomb быть полезный обучение аналитик профессиональный футбольный клуб постоянно искать специалист который можно добавить аналитический отдел начать путешествие здесь возможно следующий стать непобедимый,3,colloquial,Разговорный
libema open четвертьфинал даниил медведев илья ивашка центральный корт запуск московский время,3,colloquial,Разговорный
аркадий казак показывать насколько непросто снять ценный кадр стереть история падение,3,colloquial,Разговорный
запись умо член сборная свердловский область лёгкий атлетика ссылка просьба согласовать день посещение личный тренер избежание задвоение запись углублённый медицинский обследование пройти ноябрь декабрь человек день посмотреть количество записать каждый день проверить свой заявка можно ссылка умо мочь пройти член спортивный сборная команда свердловский область список сборная весь дополнение год доступный ссылка адрес клиника инструкция необходимый документ бланк находиться сайт цсп список спортсмен разряд ниже кто продлить допуск опубликовать,3,colloquial,Разговорный
президент эликски сколаса заявить военный падший сдаться завод технология будущее европа иметь полный право выйти сберечь свой жизнь получить санкция командование дом волков сегодня ребята получить сигнал военный тот иметь полный право выйти сберечь свой жизнь заявить сколаса добавить неоднократно просить лидер другой дом предоставить вооружение мнение мочь позволить дом волков военный путём разблокировать окружить технология будущее группировка падший силовик сколаса рассказать падший скифф пытаться долететь технология будущее помощь очень большой количество падший погибнуть наш лётчик сожаление погибнуть абсолютно героический еликснуть знать сложно знать долететь почти невозможно долететь технология будущее привезти лекарство пищевой продукт вода забрать тело раненый происходить много вещь происходить никто официально мочь комментировать воздушный коридор технология будущее мощный стража,3,colloquial,Разговорный
испытать себя лесной тропинка природа свежий воздух конечно брод ждать участник ребёнок испытать себя дистанция частый вопрос какой глубина брод проходить мочь посмотреть свой глаз видео быть жарко ждать июнь трейл шигирский идол регистрация ссылка шапка профиль,3,colloquial,Разговорный
видео обзор гран аргентина класс moto асфальт termas достаточно прогреться начаться больший авария ошибка второй гонка день гран аргентина класс moto иметь неожиданный финал подиум оккупировать азиат противостоять смотреть видео обзор этап moto,3,colloquial,Разговорный
лос анджелес состояться счёт церемония вручение спортивный награда espy голден стэйт победить номинация хороший команда год лидер калифорниец стефен карри признать хороший игрок нба лауреат espy связанный уорриорз хороший игрок нба стефен карри хороший рекордный достижение стефен карри выйти место точный очковый история нба возвращение год клэя томпсон хороший команда голден стэйт уорриорз,3,colloquial,Разговорный
лидер количество полуфинал мастерс среди россиянин евгений кафельников марат сафин николай давыденко даниил медведев андрей чесноков андрей рублёв,3,colloquial,Разговорный
селина либманна первый женщина участница чемпионат мир спидвеять среди юниор история близкий пятница прага стартовать этап индивидуальный чемпионат мир среди юниор начинать это сезон действовать официальный название grand получить дополнительный престиж поскольку быть проводиться преддверие турнир гран прага кардифф торун мероприятие чешский столица стать исторический ещё один причина впервые турнир такой ранг выступить женщина немка селина либманна хотя несколько другой девушка появляться спидвый один приблизиться уровень либманна немка ранее дебютировать второй польский лига привозить очки это год подписать контракт команда бранденбург мочь участвовать гонка например вацлав милик нравиться ощущение единственный женщина профессиональный спидвый иногда приводить довольно смешной мой точка зрение ситуация германия регулярно случаться выигрывать какой парень начинать плакать такой ситуация предостаточно самый приятный плакать случайный соперник мой коллега который давно знакомый каждый неудача соревнование я причинять боль вдвойне я мотивировать ещё больший усилие признаваться селина решение промоутер цикл дать дикий карта женщина встретить критика фанат считать немка выбрать пол активист рассматривать инструмент продвижение свой мероприятие интересно сам спортсменка отчасти согласный такой мнение конечно выбрать женщина мир слишком много хороший гонщик власть фима мочь пропустить отдать дикий карта какой нибыть женщина время понимать мой пол сыграть роль учесть отборочный турнир даугавпилс занять девятый место я получиться неплохо признаваться рада мочь соревноваться мужчина нужный женский лига это род хотеть участвовать гонка мужчина основное ездить хороший чем женщина такой компания мочь что научиться конечно быть создать женский соревнование удовольствие попробовать себя равно ежедневно предпочесть кататься парень признаваться спортсменка,3,colloquial,Разговорный
весь добрый утро увидеться объект россия предстоящий воскресение октябрь обещать великолепный погода подробность тело сергей малинин,3,colloquial,Разговорный
хотеть хороший защитник блокировать обязательно нужно работать такой элемент смена направление,3,colloquial,Разговорный
очень любить клуб готовый играть конец нравиться тухель мало использовать сын,3,colloquial,Разговорный
бежать позитив друг прислать друг присылать беговой материал публикация сообщение группа бег спорт забег легкаяатлетик наспорт зож пробежка бегануть,3,colloquial,Разговорный
новый тираж каркассон новый дизайн выйти весна каркассон настоящий шедевр мир настольный игра многие год объединять стол человек возраст весь мир ход ход создавать уникальный каждый раз новый карта средневековый княжество выкладывать квадрат изображение город монастырь дорога поле ваш верный поддать рыцарь монах разбойник крестьянин помочь расширить влияние получить победный очки каркассон полностью совместимый весь дополнение выходить предыдущий дизайн новинка каркассон,3,colloquial,Разговорный
преимущество получить кристиан хорнер скандал вокруг red руководитель red кристиан хорнер пресс конференция остин прокомментировать скандал вокруг команда заверить нарушать ограничение расход год эксперт fia считать нарушить финансовый регламент считать сказать хорнер встреча журналист суббота утром процесс контроль расход новинка финансовый регламент очень сложный состоять страница иметь разный интерпретация год подать промежуточный отчёт никакой замечание сделать ещё один отчёт подать март это год ответ получить сентябрь теперь вместе федерация проверять провести процесс fia завершить расследование факт быть обнародовать тогда объяснимый считать уложиться лимит расход надеяться заключение быть вынести близкий время чем быстрый произойти хороший весь наш спорт хотеть подчеркнуть получить какой либо преимущество будто нарушить финансовый правило чистый выдумка,3,colloquial,Разговорный
начать смотреть второй матч често пируэт продолжаться,3,colloquial,Разговорный
хороший защитник прошлый неделя поздравлять даниил пыленкова,3,colloquial,Разговорный
весь привет искать следующий запчасть траверс крыло левый ухо пластмаска левый ухо радиатор накладка дуга нога защита лапка кпп,3,colloquial,Разговорный
запись формула великобритания квалификация алексей попов наталья фабричнов,3,colloquial,Разговорный
дорогой подписчик решить сделать сходка подписчик чем быстрый добить быстрый сделать быть люто завит друг группа,3,colloquial,Разговорный
главный вопрос уважаемый лига россия ввести режим команда лига забрать домашний матч купить абонемент билет забрать форс мажор можно списать забрать свой решение я вопрос быть возмещать болельщик трата причём билет понятно насчёт абонемент хотеть трактор тратиться свой бюджет терять деньга трактор ситуация виноватый никак решение принять лига должный возмещать потеря клуб зритель,3,colloquial,Разговорный
среди женщина победить румынка давно видеть румынский марафонка пьедестал почёт ещё такой чудесный результат джоан челить мелли,3,colloquial,Разговорный
eva коврик тест драйв день отправить помойка резиновый коврик дышать пыль резина пожалеть себя свой пассажир eva ковёр более ячейка удерживать грязь вода себя сохранить салон обувь сухой чистый написать модель твой авто узнать стоимость комплект,3,colloquial,Разговорный
требоваться сильный игрок команда участие мужской турнир май база локомотив,3,colloquial,Разговорный
лайковый наш красавчик делать розыгрыш автограф даниил,3,colloquial,Разговорный
близкий матч спортинг тоттенхэма сентябрь мск,3,colloquial,Разговорный
состав доигровщик следующий сезон быть распоряжение андреа анастази сейчас выглядеть очень внушительно остаться леон плотницкий прийти самый востребовать игрок летний трансферный окно камиль семенюк перуджа пытаться убедить поляк подписать контракт март волейболист который скоро исполниться год привнести перуджа великолепный технический физический качество атака подача карьера семенюк полностью связать заксоя кендзежина козёл исключение аренда сезон семенюк главный герой многий победа титул закс последний сезон чемпионат польша национальный кубок награда mvp национальный суперкубок подряд лига чемпион последний награда mvp финал семенюк являться часть сборная польша общий вица чемпион италия сорвать джекпот крайний мера оно сейчас выглядеть бумага сайт товар волейбол поддержать сообщество волейбольный чат вконтакте канал клуб волейбол пляжныйволейбол пляжка волейболновость волейболроссия держимячвигра,3,colloquial,Разговорный
хороший вратарь сейв итог групповой этап лига чемпион,3,colloquial,Разговорный
cборный россия новый лицо мамедов магсад дисциплина лоу кик весовой категория начать путь спорт год тхэквондо удаться добиться чёрный пояс год прийти кикбоксинг первоначально выступать дисциплина лайта контакт фулла контакт этот дисциплина становиться неоднократно победитель первенство кубок москва более крупный турнир принимать участие декабрь год начать тренироваться руководство новрузов эльгун исаевич киселёв олег юриевич новый я дисциплина лоу кик стать заметно прогрессировать победа ещё далеко год проиграть первенство москва лоу кик стать второй этот дисциплина первенство россия проиграть такой результат я радовать именно тогда начать усердно тренироваться готовиться следующий год год стать победитель первенство москва цфо смочь выполнить норматив кмс это год стать победитель первенство россия выполнить норматив после черногория первенство европа потерпеть поражение год я начаться новый этап переход взрослый возрастной категория она чемпионат москва удаться стать второй лоу кик первый после неудачный выступление чемпионат россия через неделя команда отправиться анапа чемпионат россия дисциплина лоу кик попасть бой здесь смочь пройти весь дистанция конец стать чемпион весовой категория очень рад я получиться мало верить мой успех много говорить первый год новый возрастной быть сложный показать свой пример важно сколько год отдавать весь себя зал победа гора сейчас летний время продолжать тренироваться июль состав сборная россия отправиться тренировочный мероприятие лобня быть активно готовиться спортивный старт будущее год планировать возглавить пьедестал почёт чемпионат россия,3,colloquial,Разговорный
очень эффективный упражнение мышца живот вестсайда менять резина разный жёсткость,3,colloquial,Разговорный
музыкальный утро весь добрый пятничный утро уверить очень рада неделя подойти свой завершение искать возможность занять себя чем нибыть выходной знать классный решение посетить наш батут парк ангар гиперпрыгучий батут ультабалдежный зона игра бесконечный море позитив собственно обещать ниже сочный подборка музыка тренировка ангар иркутск ангар интересный просто тренироваться иркутск досуг спорт экстрим паркур,3,colloquial,Разговорный
прямой трансляция матч беркут урал сшоры самотлор первый игра новый сезон уфа,3,colloquial,Разговорный
udar друг незабываемый теперь мочь обсуждать турнир прямой эфир подключаться обсуждать поединок другой фанат единоборство онлайн чат доступный сайт браузер,3,colloquial,Разговорный
добрый время сутки подсказать колодка тормозной стена искать нужный информация найти нибыть брать али колодка двухпоршневой суппорт дать ссылка сложно ошибиться,3,colloquial,Разговорный
барс объявить назначение олег знарк пост главное тренер контракт специалист рассчитать год последний клуб знарк московский спартак который руководить год,3,colloquial,Разговорный
какой ставить подшипник перед перепробовать лететь мах неделя говорить роликовый пробовать бкрпомощь,3,colloquial,Разговорный
aston официально объявить себастьян выступить саудовский аравия вместо он джидда поехать нико хюлькенберг ожидаться себ начать сезон австралия vettel,3,colloquial,Разговорный
можно забрать сыщик особняк аркхэма делать ужас потусторонний мир находить дорога новый дополнение зловещий путешествие ждать новый сценарий поезд дирижабль океанский лайнер ещё четыре новый сыщик монстр предмет компонент игровой механик цена руб какой дополнение особняк безумие понравиться большой весь,3,colloquial,Разговорный
motogp баньяйя полностью мой вино слишком оптимистичный подниматься после падение последний круг гонка motogp гран япония пекко баньяйя одарить себя саркастический аплодисменты понимать потерять драгоценный очки борьба чемпионство франческо чувствовать мочь обогнать сократить отставание чемпионат очко итог закончиться падение увеличение отставание очко сегодня совершить огромный ошибка начало гонка пытаться прорваться удержаться лидер смочь бороться немного странно утром хорошо конец конец повезти фабио смочь кардинально изменить ситуация алейша возникнуть проблема некоторый вещь должный произойти сегодня день нельзя допускать ошибка нельзя терять очки должный быть заработать последний круг предпринять попытка обгон знать мочь сделать торможение разгон соперник быть сильный предпринять попытка совершить очень серьёзный ошибка полностью мой вино слишком оптимистичный счастие хоть задеть фабио оставаться позади фабио подождать хороший шанс провести обгон хороший решение время гонка иначе хотеть обогнать остаться рядом виньялесом возможно воспользоваться ошибка слишком амбициозный единственный способ выиграть титул извиняться перед весь команда очень хорошо поработать беспокоить я большой весь,3,colloquial,Разговорный
результат хаус шоу wwe рино невад июль гюнтер победить рикошет мэдкэп мосса матч тройной угроза интерконтинентальный титул хэппи корбина победить дрю гулак ракель родригес победить лэйся эванс шейн бэзлера гандикап матч против брат усо победить новый день кофи кингстон ксавье вудс матч неоспоримый командный титул wwe the эрик айвар победить джиндёр махать шэнк лив морган победить наталья ронда раузи матч тройной угроза женский титул дрю макинтайра победить шеймуса,3,colloquial,Разговорный
ситуация спецоперация поставить вопрос тот какой состояние находиться россия либо триумфальный развитие начаться распад ссср либо обратный ответить вопрос получиться отстоять место мировой процесс госпиар говорить триумфальный развитие реальность заставлять сомневаться это известно запуск регресс излюбить метод управлять англосакс очень похоже таки применить отношение россия россия ссср развитие регресс война сво сша запад украина,3,colloquial,Разговорный
motogp эспаргаро сегодня должный доказать реально быстрый ассный вчера покорить ликовать ничуть маленький гонка алейша эспаргаро чуть разрушить сам начало гонка попытаться вынести фабио квартарарый алейша удержаться байка можно скорее вернуться борьба закрепиться место начать потрясать прорыв место вишенка торт стать двойной обгон прямо последний поворот определённый точка зрение эспаргаро должный поблагодарить фабио допустить ошибка ошибиться эль дьябнуть наверняка забраться подиум тогда пилот никак смочь отыграть он разом очко теперь преимущество квартарарый составлять очко разгромный начало день сожаление очко давать самый сильный гоночный темп среди быстрый последний четыре гонка квалификация удаваться занять действительно хороший позиция гонка казаться мой темп хороший сегодня выиграть падение фабио сразу извиниться это инцидент возможно победа мочь стать мой подобный происходить гонка самый главное закончить уик энд позитивный ощущение отлично справиться это после авария оказаться место момент решить нечего терять несколько очко совсем иметь значение прийтись поднажать попытаться получить крайний мера десять очко разбиться мочь сказать виноватый фабио смеяться сказать себя сегодня день должный доказать весь реально быстрый,3,colloquial,Разговорный
май прыгать утопия высота метр прыгать быть утопия май воскресение прыжок утопия завтра,3,colloquial,Разговорный
посадить надо наум запас идти он игра сегодня,3,colloquial,Разговорный
мелкий выпросить родитель фингерборд надежда похожий,3,colloquial,Разговорный
стать известно украинский власть отключить электроснабжение чернобыльский аэс это возникнуть угроза аварийный ситуация представлять реальный опасность сотрудник станция житель украина ряд регион россия белоруссия другой европейский страна утром сегодня электричество отключиться дизель генератор запуститься мочь гсм факт оставаться факт течение какой время электропитание отсутствовать насос работать вода через хранилище отработать ядерный топливо прокачиваться вообще чреватый такой допускать нельзя ситуация продлиться течение длительный время второй чернобыль чернобыльский зона радиационный фон сейчас находиться передел норма рассказать академик ран леонид большов,3,colloquial,Разговорный
шарль артур лоренцо после финиш формула,3,colloquial,Разговорный
спасибо этот игра прекрасный она получать,3,colloquial,Разговорный
олимпийский игра евгениятарасов владимирмороз произвольный программа фото anne,3,colloquial,Разговорный
сезон снимок спартаковец старшинов армеец лутченко рагулин толмачёв полупанов,3,colloquial,Разговорный
мой личный страница подписываться сторис вопрос тренировка контент быть,3,colloquial,Разговорный
трилогия фильм любитель бег техника бег сверхдлинный дистанция бег средний длинный дистанция бег средний длинный дистанция анализ техника фильм снять заказ управление лёгкий атлетика госкомспорт ссср сверхдлинный относиться дистанция более классический сверхдлинный дистанция являться марафонский бег миля дистанция длинный марафонский принять называть ультрамарафонский весь многообразие сверхдлинный дистанция помимо марафон включить программа олимпийский игра первый современный игра следовать выделить дистанция который проводиться чемпионат мир европа полумарафон миля ультрамарафонский дистанция бег суточный бег никакой другой вид спорт привлекать соревнование такой огромный количество участник самый разный возрастной группа популярность бег сверхдлинный дистанция обусловить следующий фактор относительный простота техника исполнение дешевизна экипировка возможность проводить тренировка соревнование отсутствие дорогостоящий специальный сооружение оборудование сильный оздоровительный эффект бег техникабег марафон ультра легкаяатлетик забегрф,3,colloquial,Разговорный
чейл соннный обрушиться критика джон джонс ошеломить три год ничего сделать главный новость mma экс боец смешанный единоборство известный аналитик мма чейл соннный обрушиться критика адрес бывший чемпион ufc полутяжёлый вес джон джонс слово чейл джонс время свой отсутствие сделать ничего подготовить почва свой возращение большой бой действовать чемпион организация тяжёлый дивизион фрэнсис нганна ошеломить три год джон джонс создать сюжетный линия уйти три год назад надеяться вернуться бой фрэнсис нганна просто напоминать джон сказать подняться тяжёлый вес поединок против фрэнсис наш надежда три год спустя прежний надежда бой получаться три год совершенно ничего измениться дело джон говорить тот дать пощёчина просто делиться свой мнение три год джонс провести один поединок ничего сделать тот бой нганна стать близкий общественность прежний интерес этот противостояние представить какой работа можно проделать период время сказать соннный источник,3,colloquial,Разговорный
кубок свердловский область лёгкий атлетика участие сильный прыгун высота приезжать наш соревнование август город ирбит стадион юность,3,colloquial,Разговорный
видео довольно короткий этот секунда достаточно увидеть точный попадание ибрагим бахрамжанов бокс федерациябокс петербургскийбокс,3,colloquial,Разговорный
год жизнь скончаться фигурист тренер арбитр александр веденин являться двукратный чемпион ссср год одиночный катание бронзовый призёр лично командный первенство ссср бронзовый призёр кубок ссср после завершение спортивный карьера тренер сборная ссср фигурный катание технический специалист работать тренер другой страна последний год консультант сборная страна,3,colloquial,Разговорный
несмотря травма джереми грант продолжать вызывать интерес множество команда лига сообщение шэмс чарания лейкерс блейзерс активно интересоваться грант ранее добавиться уизардс никс,3,colloquial,Разговорный
российский лыжник александр большунов проводить летний тренировка вместе свой собака фалуном аккаунт вестись имя пёс выложить фрагмент совместный забег прыжок через забор один подписчик написать клэбый держаться ответ другой написать клебо держаться смех живот держаться соперник заниматься ерунда вести аккаунт свой собака аккаунт сам пёс ответить клэбый скорее завидовать кошка уметь ваш зависть любой хороший дело всегда найти желать собака намного человечный уметь разделять радость ненавидеть зависть ранее клэбый вести инстаграм имя свой кошка напомнить прошедшее пекин зимний игра большунов стать трёхкратный олимпийский чемпион счёт один серебряный бронзовый награда,3,colloquial,Разговорный
накрутить словенский магия этот ночью прямой эфир регулярный матч сезон нба бруклин нетс даллас маверикс ловить кайфуля вместе хука наш друг студия sport поддержать love,3,colloquial,Разговорный
wrc ралли япония презентация toyota мнение четырёхкратный чемпион мир ралли финляндия имя юха канккунный презентовать собственно говорить ралли быть следующий главный раллийный класс мир учитывать фиа мода сокращать закрывать слишком быстрый ставить абсолют слишком медленный делать уродливый машинка тип gtd оценивать детишки тикток тянутый рука автоспорт уверенный случиться ралли быть главный класс ралли оказаться слишком быстрый себя позволить,3,colloquial,Разговорный
райан гарсиа келес жекп жекка дайындал жатта залын оралда лдызд американд салма дея райан гарсиа командасын ресми мдемес йкес психологиялый селелерг байланыст стена кей жатта оралда,3,colloquial,Разговорный
весь привет подсказать приобрести ремкомплект вилка весь добро,3,colloquial,Разговорный
молодой поросль новозеландский фрискиер просто взрывать мозг финли мелвилы ивс весь добраться попытка,3,colloquial,Разговорный
надаль выйти финал australian open испанец рафаэль надаль пробиться финал открытый чемпионат австралия переиграть итальянец маттео берреттини титул тбш рафаэль скрестить ракетка либо стефанос циципас либо даниил медведев,3,colloquial,Разговорный
чикаго бабка стартовый пятёрка хороший игрок десятилетие позиция,3,colloquial,Разговорный
даниил медведев ответить вопрос тот он влиять отсутствие open девятикратный чемпион турнир новак джокович победить медведев прошлогодний финал мельбурн арена род лэйвера определённо любимый место мир число матч полуфинал финал здесь выиграть просто потрясать помнить прошлый год думать попытка остановить быть я хороший вызов итог очень очень далёкий это хотя целое любить испытание хотеть снова сыграть финал какой подобный матч арена род лэйвера говорить отсутствие мочь поменять мой подход равно нужно выиграть семь тяжёлый матч взять титул точно open смочь победить новак финал здесь дойти финал просто быть вне зависимость тот кто сыграть выиграть турнир большой шлем нужно показать хороший теннис,3,colloquial,Разговорный
спрашивать про тот справа парнишка слева признать,3,colloquial,Разговорный
американский военный фон гореть брдм советский производство операция urgent вторжение сша гренада октябрь год фото интересно гренада иметь вооружение весь два единица брдм один который гореть фото второй выжить брдм выставить американец экспозиция захватить оружие,3,colloquial,Разговорный
норвежский биатлонистка тириль экхофф пропустить этап кубок мир немецкий оберхоф пройти январь поехать оберхоф неделя болеть после тот вернуться домой франция два день назад провести первый интенсивный тренировка решить хотеть спешить сейчас нужно привести себя хороший форма прежде чем снова отправиться кубок мир сказать экхофф,3,colloquial,Разговорный
факт хет трик владимир тарасенко карьера тарасенко хет трик плей офф первый оформить год серия против миннесоты рекорд клуб блюз хет трик плей офф оформлять джейден шварц фрэнк сента марсель шайба владимир быть забросить период он два блюзмена забивать шайба предел один период кубковый матч ред беренсон брендать шенахан шайба тарасенко забросить разница секунда превзойти достижение брендать шенахан забить дважды разница секунда плей офф,3,colloquial,Разговорный
валерий поляк установить личный рекорд вхл нападать металлург забросить шайба регулярный чемпионат вхл хороший показатель хоккеист время выступление высокий лига ранее поляк максимум забивать гол гладкий сезон тогда валерий провести матч текущий турнир форвард отличиться раз встреча поляк занимать место среди бомбардир сезон набрать очко установить новый рекорд карьера результативность регулярный чемпионат валерий остаться встреча нужно заработать балл рекордный являться очко сезон отметить среди хороший снайпер турнир нападать металлург уступать три хоккеист среди ассистент показатель полезность поляк находиться место вхл близкий матч металлург провести февраль дом против звезда,3,colloquial,Разговорный
атаковать защитник нотр дама блэйк уэсли пройти воркаут никс,3,colloquial,Разговорный
завтра москва матч прямой эфир показать деминский марафон который принять участие член сборная россия лыжный гонка,3,colloquial,Разговорный
комплексный тренировка гантель офп спорт зож sport пробежка всембег,3,colloquial,Разговорный
курорт ведучий проходить тренировка российский горнолыжник впервые всесезонный горный курорт ведучий чеченский республика проходить тренировка сборная команда россия горнолыжный спорт параллельно курорт принимать спортсмен нижегородский область представлять относительно новый страна вид спорт горный лыжа трава,3,colloquial,Разговорный
сми челси договориться барселона трансфер френка йонг сам полузащитник видеть вариант более перспективный чем предложить ранее возражать против переход,3,colloquial,Разговорный
идти марк маркес рассказать свой жизнь motogp последний пара месяц последний месяц марк маркес repsol переживать довольно тяжёлый время знать борьба титул год быть невозможный причина это новый последствие травма операция марк год спустя полтора год после операция теперь прийтись сделать потерять ещё месяц реабилитация,3,colloquial,Разговорный
фируздж жертвовать ферзь непомнить репетиция перед турнир претендент,3,colloquial,Разговорный
rampage видеть часто большой интересный контент соцсеть,3,colloquial,Разговорный
ракетка мир чешка пётр квитовый обыграть британка хэрриета дарт занимать строчка рейтинг wta счёт четвертьфинал турнир истбурна полуфинал соревнование истбурна квитовый скрестить ракетка украинка леся цуренко бразильянка беатрис хаддада майя,3,colloquial,Разговорный
раз грута отправиться космический путешествие гость победитель розыгрыш семён полухин семён написать сообщение сообщество отправить грута готовый встреча вы ещё большой фигурка pop разный вселенная можно найти сайт,3,colloquial,Разговорный
флорида впервые свой история выиграть регулярный чемпионат нхл далеко пантёрзнуть смочь пройти плей офф,3,colloquial,Разговорный
эль класико ждать противостояние два великий форвард,3,colloquial,Разговорный
формула гонка гран венгрия прямой трансляция,3,colloquial,Разговорный
подписчик аэа просто хотеть поделиться любимец,3,colloquial,Разговорный
единственный дабла дабла история нба один набрать очко конечно исполнение уилт,3,colloquial,Разговорный
год юрий гагарин волейбольный команда цска день космонавтика,3,colloquial,Разговорный
ещё один игра про телефончик теперь трешовыя задание тот любить пранки шоу илья соболев нибыть устраивать пранки наоборот друг получаться разыграть,3,colloquial,Разговорный
никто хотеть оскорбить обидеть воронков заговорить впервые после скандал главный тренер локомотив андрей воронков который дисквалифицировать два год расизм объяснить сохранять молчание впервые оказаться такой непростой неоднозначный ситуация взять пауза ожидать официальный решение сторона дисциплинарный комиссия вфв очень хотеться подливать масло огонь знать любой слово мочь истолковать совершить разный сказать летний тренер локомотив неделя спустя извиниться перед сес уралочка всероссийский федерация волейбол сообщать воронков принципиально отказаться приносить извинение специалист сохранить свой позиция сожалеть мой фраза произнести личный беседа игрок наш команда очень сложный игровой момент нерв находиться максимальный напряжение эмоция буквально зашкаливалить воспринять оскорбление демонстрация неуважение я никакой намерение обидеть кто либо волейболистка соперник ещё больший сожаление вызывать дать ситуация оскорбить посчитать именно айлама сес протяжение весь свой карьера волейболист тренер много работать игрок разный страна национальность наш взаимоотношение никогда никакой проблема прекрасно понимать насколько легионер важный психологический комфорт оказываться непривычный себя обстановка волейболист другой страна демонстрировать яркий игра который ждать болельщик должный чувствовать себя спокойно уверенно именно относиться игрок другой страна клуб пусть находиться разный сторона сетка суть дело делать общий дело играть волейбол ещё раз отметить никто хотеть оскорбить обидеть надеяться близкий время ситуация окончательно проясниться смочь сосредоточиться исключительно наш любимый игра цитировать пресс релиз тренер воронков два год мочь работать турнир эгида вфв мочь работать иностранный клуб тренировать детско спортивный школа,3,colloquial,Разговорный
поболеть наш молодёжка сегодня играть минск хозяин начало югорский время,3,colloquial,Разговорный
получить деньга steam геймерский монитор ретроконсоль куча игра подробный реклама,3,colloquial,Разговорный
елена рыбакина высказаться поражение первый матч после британский турнир большой шлем хорошо провести первый сет после что условие немного измениться думать выдержать матч физически полностью потерять концентрация концовка матч получиться очень сложный конечно неделя после уимблдон тяжёлый много дело переезд безусловно непросто хватить время подготовка хардовый сезон просто хотеть приехать сан хосе попробовать сила знать турнир быть очень сложный здесь очень много прекрасный игрок понимать первый круг мочь встретиться кто топ например даша играть здесь финал год назад рада начать выступление америка надеяться прибавлять впоследствии приводить слово рыбакина официальный сайт wta,3,colloquial,Разговорный
сейчас спектакль тип радулов неплохо забивать,3,colloquial,Разговорный
свой четвёртый подбор сегодня против лейкерс джалить дюрен стать второй самый молодой игрок год день набрать менее подбор блок шот свой первый игра карьера уступать дуайт ховард год день,3,colloquial,Разговорный
кроссовок баскетбольный магазин ghetto basket shop консультация стрельский,3,colloquial,Разговорный
участница марафон китай пожизненно отстранить использование велосипед время забег участница международный марафон сюйчжоу пожизненно отстранить турнир использование велосипед время забег спортсменка имя который называться преодолеть дистанция час минута секунда потребоваться весь минута секунда тот пробежать последний метр организатор насторожить факт заключительный отрезок забег спортсменка номер преодолеть быстро выясниться женщина проехать несколько отрезок дистанция велосипед кроме тот время марафон сообщить пользоваться транспорт нельзя проигнорировать замечание организатор марафон принять решение аннулировать результат спортсменка пожизненно отстранить турнир весь марафон сюйчжоу принять участие около тысяча человек бег спорт зож легкаяатлетик наспорт,3,colloquial,Разговорный
квалификационный предложение автомобилист получить хоккеист клубный система хоккейный клуб автомобилист сделать квалификационный предложение игрок выступать основной состав наш команда после завершение срок действие свой контракт после апрель год получать статус ограниченно свободный агент предложение заключение новый контракт получить защитник сергей зборовский нападать анатолий голышев степан хрипун владимир кузнецов василий филяев кроме тот квалификационный предложение клуб получить игрок горняк угмк авто истекать контракт вратарь владимир сартак защитник валерий ситниковый даниил валит владислав леонтьев семён переляев иван сушинский юрий журавлёв степан островский артём швайковский александр фёдоров нападать владислав пшеничник константин суслов роман ивашов семён кизим андрей гришак александр дербенёв егор алексеев илья захаров егор платонов александр путилов,3,colloquial,Разговорный
обзор матч даниил медведев против алекс минаур,3,colloquial,Разговорный
грань дискуссия каждый неделя разный ячейка гильдия проходить тестирование авторский проект всегда получать обратный связь коллега тест проходить очный формат наш партнёр pro геймдизайн проходить дистанционно кстати напоминать набор тестировщик ещё идти подробность пост сегодня хотеть предложить обсудить основный тема дискуссия тестирование онлайн тестирование офлайн хороший коротко дискуссия предлагать обсудить комментарий различный тема касаться геймдизайн,3,colloquial,Разговорный
целый стадион большой человек презентация команда сезон казань апл нба такой аудитория собрать баскетбольный фестиваль unics fest программа получиться топовый каждый найти что кайфануть массовый любительский турнир челленджа блогер взять мяч boss студия союз качество специальный гость улётный перформанс feduk парка урам уникс свой партнёр сделать нечто невозможный ивента побить рекорд массовость баскетбольный фест россия понимать,3,colloquial,Разговорный
мотогонка лёд личный первенство россия финал уфа строитель начало соревнование мск местн время главный судья вячеслав гладченко салават стоимость билет руб вход соблюдение масочный режим,3,colloquial,Разговорный
запись трансляция гран япония комментарий наталья фабричнов алексей попов смотреть запись гран год мочь сайт возможность помогать группа донат,3,colloquial,Разговорный
ска проводить матч континентальный хоккейный лига,3,colloquial,Разговорный
можно приобрести абонемент сезон сразу несколько вариант офлайн стадион труд миасс улица набережная онлайн официальный сайт сайт партнёр миасс спорт торпедомиасс футбол,3,colloquial,Разговорный
поражение включить телефон наверное первый пострадать он шахматист стать чемпион мир версия фиде руслан пономарёв который присудить поражение чемпионат европа пловдив год правило утвердить самый смешной звонок состояться день рождение звонить президент фиде поздравить,3,colloquial,Разговорный
исторический лошадь лента заезд трасса хэмптон даунс,3,colloquial,Разговорный
австралийский разыгрывать оклахома джош гидди считать разработчик симулятор nba выставить неоправданно низкий рейтинг соотечественник патрик миллс бруклин мочь поверить увидеть рейтинг патрик миллс прийтись перечитать трижды прежде чем убедиться тот правильно понять очень странный решение заявить гидди среди австралиец сам гидди уступать ещё один игрок нетс бен симмонс,3,colloquial,Разговорный
день рождение сегодня поздравлять мотогонщик тольятти представлять клуб каменск уральский савелий ведяновый твёрдый воля крепкий сила спортивный достижение душа желать день рождение первый место медаль кубок хороший стать целое свет всегда чтоб быть рядом рад твой победа,3,colloquial,Разговорный
кучер сделать хет трик нхл матч баффало стать звезда,3,colloquial,Разговорный
двигатьсявместо наш сообщество очень молодой говорить около год небольшой возраст явление больший цифра человек увлечь быть озорной ребята покорять городской джунгли начинать путь теперь многие стать тренер организатор предприниматель человек искусство вовсе отойти уличный тема остаться верный паркур вырасти вместе мы двигаться взрослый версия наш комьюнити отбрасывать актуальный взгляд обида мир выстраивать перспектива себя тот рядом это сохранять дух авантюризм сейчас раз самый момент начать двигатьсявместо новый горизонт готовый ждать неделепаркур июль нижний новгород встреча,3,colloquial,Разговорный
валиев ещё мочь отстранить личный турнир мокнуть топить против она,3,colloquial,Разговорный
хентер шепард карьера нхл вряд светить ахл парень тащить очень круто день рождение глядеть вашингтон разочек сыграть,3,colloquial,Разговорный
последний книга тираж наш партнёр forward отгрузить последний книга реабилитация после травма коленный сустав методология практика ozon такой вид содержание книга большой быть сейчас создаваться абсолютно новый книга обновить информация дизайн вёрстка добавление важный информация евгений гончаров выйти ранний чем через год хотеть приобрести абсолютный бестселлер реабилитация после травма пкс сейчас самый время,3,colloquial,Разговорный
последний летний месяц пролетать стремительно тут важно успеть запастись солнце витамин август москва заявить напарник ярославль комуса fest согласно регламент указать второй игрок турнир ярославль август потерять слот возможность возврат деньга заполнить форма замена заявка напарник обязательно гандикапный комиссия должный проверить игрок начислить уровень мастерство август быть доступно оспаривавание актуальный список игрок доступный страница мероприятие раздел документ,3,colloquial,Разговорный
думать финал чемпионат мир камерун обыграть марокко,3,colloquial,Разговорный
последний этап пилот астон мартин набрать большой очко чем пилот мерседес льюис получиться устроить,3,colloquial,Разговорный
азер хуесоса карабах армения ждать бан педик дырявый,3,colloquial,Разговорный
биатлон смотреть сингл микст болеть наш команда очень важно сегодня тройка,3,colloquial,Разговорный
растягивать основной мышца бег разминка заминка растяжка бег спорт зож забег,3,colloquial,Разговорный
сохранить деньга текущий ситуация время большинство человек кинуться скупать валюта техника машина квартира правительство россия принять решение потратить деньга фнб покупка подешеветь акция российский компания посчитать очень перспективный российский рынок сейчас сложиться уникальный ситуация согласно история больший возможность открываться время такой событие человек инвестировать главный причина хватать знание правильно делать бояться прогореть недоверие непонимание пока мало зарабатывать решить исправить показать каждый смочь более грамотно инвестировать обязательно уделить время финансовый грамотность который выбраться бедность рассказать подробно налоговый вычет размер мочь получить каждый работать гражданин быть мой авторский марафон путь достижение финансовый независимость поделиться собственный опыт легко смочь повторить принять участие повтор быть единственный раз проводить бесплатно дальнейший можно быть купить деньга,3,colloquial,Разговорный
новак джокович рад снова выйти трава всегда нетерпение ждать турнир который мечтать детство,3,colloquial,Разговорный
битва титул moto обзор результат гран австралия мотогонка предполагать гонка гран австралия класс moto стать решающий сезон год стремительный заезд наполнить инцидент вылет назвать имя новый чемпион мир результат moto,3,colloquial,Разговорный
субару заряжаться розетка теслый назвать тесло батарея,3,colloquial,Разговорный
франция прежний открывать дверь новак джокович шанс сыграть garros новый уступка последовать февраль хороший новость новак джокович приходить франция ещё шанс получить возможность защитить титул ролан гарроса несмотря отсутствие прививка франция пройти первый фаза ковидный мера второй запланировать февраль среди прочее отменяться ограничение количество посетитель стадион зал это трибуна ношение маска быть обязательный наряду пропуск вакцинация маска открытый воздух вообще говорить большой вводиться мера исключение крупный спортивный культурный мероприятие остаться сила городской центр крупный французский мегаполис новый концессия последовать февраль быть открыть дискотека повторный потребление пища стадион кинотеатр транспорт напиток быть подаваться бар кафе быть проводиться концерт стоячий аудитория банкет компания накануне февраль вступать сила сократить семь четыре месяц разница прививка срок признаваться после болезнь сократить шесть четыре месяц принцип новак джокович подтверждение декабрь положительный это изменение мочь играть ролан гарроса проводиться последний неделя май первый неделя июнь хотя привить после это изменение большой смочь играть учитывать мера постепенно смягчаться вполне реально ожидать маю произойти ещё некоторый изменение санитарный протокол положительный смысл польза это говорить факт волна пандемия франция достигнуть свой пик число больной начинать снижаться некоторый надеяться маю обоснованность пропуск вакцинация такой реальность мочь поставить сомнение франция следовать пример некоторый европейский страна частый задумываться тот будущее жить ковид грипп,3,colloquial,Разговорный
сделать себя подарок новый год покупать здесь здесь здесь самый топовый баскетбольный кроссовок,3,colloquial,Разговорный
александр шлеменко оценить действие синтезита инновационный разработка повышение выносливость восстановление количество стволовой клетка нормализация параметр кровь ускорение регенерация ранее двое воспитанник шторм андрей корешковый александр зырянов делиться синтезита помогать более выносливый быстрый восстанавливаться сегодня сам легендарный боец шлеменко дать свой оценка действие синтезита сильный боец школа шторм александр сегодня использовать уникальный минерал синтезита позволять достигнуть хороший результат здоровье спортивный достижение увеличить выносливость иммунитет ускорить восстановление продлить спортивный карьера защитить организм чрезмерный нагрузка напомнить изначально синтезита средство восстановление количество стволовой клетка насыщение кровь кислород комплексный восстановление здоровье существенный улучшение спортивный результат происходить благодаря этот действие минерал многий другой свойство который можно узнать научный исследование наш сайт такой капсула синтезита содержать активный вещество цитрат железо трехвалентный производиться путём моделирование процесс происходить глубина земной кора технология сегодня являться уникальный биологический свойство синтезита несравнимый другой препарат железо другой добавка такой небольшой концентрация активный вещество работать становиться очевидный субъективный уровень течение первый неделя приём объективный уровень анализ спортивный тест течение неделя сегодня иметь аналог свой свойство безопасность минерал сертифицировать иметь антидопинговый сертификат институт спорт кёльн россия тестирование безопасность подтвердить исследование фмба можно применять монопрепарат комплексный подход тренировка лечение общий укрепление здоровье приём синтезита помогать стабилизировать снизить чсс максимальный нагрузка скорректировать алта аста холестерин сахар многие другой результат улучшаться течение месяц приём синтезита группа вконтакте сотня интервью научный исследование синтезита бад являться лекарственный средство,3,colloquial,Разговорный
кроссовок прислать качество претензия нога облигаета отлично тракция хороший подписываться магазин ссылка коммент,3,colloquial,Разговорный
новак джокович рассказать свой ребёнок церемония награждение уимблдон дочь тара появиться трибуна после матч сын стефан мой дочь здесь ого ещё пять год нельзя смотреть матч следующий год быть интересно смочь посмотреть папа играть хотя теннис особо интересный родный трибуна хватать мой сын сейчас играть сет против сын боб брайан последний пара день постоянно играть,3,colloquial,Разговорный
анастасия павлюченков сообщить досрочный завершение сезон действительно очень трудный решение боль течение длительный время травма ограничивать я физически морально тренироваться соревноваться полный мера после несколько месяц реабилитация это год участие три турнир последний два турнир показать боль отступать принять решение продолжать реабилитация вернуться сильный следующий год сообщить спортсменка напомнить анастасия должный защищать очки финал ролан гарроса,3,colloquial,Разговорный
грин задеть сидеть паркет джейден айвить колено голова дрэймонд грин время матч пистонс получить очередной технический начало третий четверть грин нарушить правило джейден айвить после что задеть оказаться паркет новичок колено голова счёт дрэймонд очко подбор передача,3,colloquial,Разговорный
продать указать продавать clt описать товар затвор ходить выстрел хороший состояние жизненный потёртость местонахождение москва наличие пересыл наличие пересыл фото публиковать цена роман гусак,3,colloquial,Разговорный
весь здравствуйте я вопрос давать спокойно смотреть питбайка кроссовый эндурый мотоцикл можно поставить он колесо одинаковый диаметр допустить получиться быть плохо это мотоцикл просто переделать мотоцикл грязь мотоцикл дорога,3,colloquial,Разговорный
дзюба предложение китай исключать млс белоус форвард юрий белоус сообщить возможный переход форвард артём дзюба чемпионат китай январь год говорить звонить млс насчёт переход кокорин сейчас идти разговор сша интересоваться дзюба исключать тот дзюба предложение млс думать вполне соответствовать уровень многие футболист закат свой карьера показать себя международный матч дзюба один лидер сборная россия вполне мочь попасть один клуб млс хороший он вариант дубай млс млс три игрок освободить потолок зарплата мочь например швайнштайгер пойти чикаго файра идти туда миллион какой другой деньга главное другой сумасшедший опыт туда можно идти международный лига играть очень интересный футболист латинский америка европа вполне мочь какой другой вариант знать дзюба предложение китай деньга думать оба вариант примерно одинаковый знать быть хороший заявить футбольный менеджер,3,colloquial,Разговорный
друг спешить поделиться новый подробность относительно day сразу после джем приступать реализация проект rsd битва город быть видеоконкурс течение который отобрать пять неспонсировать райдер каждый город присутствие дать задание отснять максимально мощный атмосферный видос получиться видео быть оценить наш зарубежный партнёр автор хороший работа быть щедро они вознаградить считать среди твой друг райдер быть достойный отстоять честь город подобный мероприятие ещё пока заметить спонсор мочь люто раздать камера поделиться мнение поделиться новость оставаться мы новый подробность day быть совсем скоро,3,colloquial,Разговорный
премиум контент вратарь принятие решение ввод мяч выход прессинг автор arranz,3,colloquial,Разговорный
марвин веттори надеяться адесанья снова покинуть бой кислородный маска средневес ufc марвин веттори высказаться бой исраэль адесанья алекс перейрой хотеть перейра победить конечный итог быть большой волновать я следующий претендент думать произойти после это стать претендент номер один смысл ещё остаться драться почти весь думать получить ещё один титульный бой отличный выступление против уиттакер я волновать адесанья конечно выиграть он тот закончить весь это уметь делать хороший весь сейчас красить ноготь определённо большой нравиться перейра себя вести драться такой много дерьмо просто злобный ублюдок очень надеяться адесанья снова покинуть бой кислородный маска думать мочь случиться быть бой кикбоксинг,3,colloquial,Разговорный
сегодня спешить поздравить день рождение паша лагута день рождение чемпион поздравлять душа счастие любовь богатырский здоровье пусть травма обходить сторона удача жизнь трек пусть исполняться мечта покоряться вершина стремиться победа обязательно получиться верить болеть,3,colloquial,Разговорный
предзаказ бестиарий второй редакция разгар бестиарий ждать более существо готовый бросить вызов ваш герой страница информация разложить полочка более красочный иллюстрация набор картонный фигурка монстр сам выгодный цена кроме это участник предзаказ получить брошюра приключение удаться достигнуть второй сверхцель ещё игровой поле он выход бестиарий запланировать август это год rpg нри,3,colloquial,Разговорный
секрет работа койот хафгарда мик гальвао,3,colloquial,Разговорный
барселона рисковать второй год подряд оказаться лига европа,3,colloquial,Разговорный
wsbk икер лекуон team hrc выиграть каталонский этап хотя каталония сегодня утром прислать дождь квалификация этап пройти сухой хотя прохладный асфальт свой первый победа квалификация одержать представитель заводский команда икер лекуон лекуон лидировать комбинированный протокол утро пятница стать первый испанец кто удаться найти настоящий хороший темп год dorna привести супербайк этот трасса здесь доминировать основное британский гонщик лекуон обойти напарник kawasaki team алекс лоуса джонатан рэй тогда альваро баутист стартовать второй линия место локателли герлофф монтмести известный мир благодаря motogp гран каталония год принимать изначально план dorna такой гран каталония должный плавно покинуть календарь motogp супербайк занять место баланс загрузка план пока работать пригород барселона проводиться оба чемпионат топрак разгатлиогла заводский pata yamaha стартовать субботний гонка позиция вместе аксель бассани напарник лекуон team hrc чавить виеха,3,colloquial,Разговорный
президент олимпийский комитет россия окр станислав поздняков заявить коренной разлом олимпийский движение фон ситуация отстранение российский белорусский спортсмен,3,colloquial,Разговорный
motogp миллер передний колесо маркес прилететь прямо спина после сильный старт восьмой место борьба напарник место топ джек миллер перейти режим экономия резина попробовать побороться победа финальный часть домашний гонка гонка закончиться он плохой возможный образ образ заводский пилот торпедировать поворот алекс маркес круг ирония судьба именно поворот назвать честь миллер весь пара день назад такой день рассчитывать точно провести сильный старт несколько раз пытаться обойти баньяйя внутренний траектория очень хотеть лидировать решить перейти режим ожидание сменить карта двигатель потом поворот поворот миллер прилететь передний колесо прям середина спина ничего мочь это поделать один мгновение гонка считать звезда синяк серьёзный травма вроде посчастливиться избежать миллер потерять математический шанс завоевание чемпионство постараться побороться третий место алый эспаргаро который сейчас отставать очко сход задача гораздо лёгкий,3,colloquial,Разговорный
глава коллектив chan дэвид ченг объявить следующий год впервые после начало пандемия вернуться автогонки выносливость команда выставить один два прототип следующий сезон американский чемпионат спорткар iwsc jotasport,3,colloquial,Разговорный
полный послематчевый пресс конференция даниил медведев,3,colloquial,Разговорный
стать известный участник финал гран среди юниор мужской одиночный катание,3,colloquial,Разговорный
предсказывать ранее некоторый болельщик пилот день думать возражение кто быть единственный мочь ещё претендовать звание льюис он столь сложный прорыв сквозь пелетон,3,colloquial,Разговорный
константин коленкина избранница татьяна поздравлять день бракосочетание совет любовь быть счастливый,3,colloquial,Разговорный
ожидаться форма миннесоты стать комплект новый сезон кандидат плохой джерси год,3,colloquial,Разговорный
базовый техника дайтый иппондори сложный базовый техника дайтый айкидзюдзюца подписываться следить обновление,3,colloquial,Разговорный
моргенштерн обратиться дать мой имя доткать хотеть играть обращение любой русский сотрудник перевести сторис хотеть начать стримитя ваш платформа большой месяц назад давать мой имя скинуть официально зарегистрировать товарный знак мой фамилия паспорт моргенштерн давать мой имя какой стримит мой фамилия окей дать мой имя доткать хотеть играть хотеть увидеть морген стриминг моргенштерн morgenshtern,3,colloquial,Разговорный
хороший момент квалификация сильверстоун минута,3,colloquial,Разговорный
рафаэль надаль вернуться тренировка после свой травма мышца живот,3,colloquial,Разговорный
великий педиатр нил филат стать частый обычный задерживаться работа жена знать думать счастие причина задержка быстро выясниться врач покаяться уходить осмотреть больной видеть сидеть гимназист сам себя партия шахматы играть говорить поставить фигура ты сыграть думать обыграть несколько минута пойти мат закатить другой день опять мат третий день мимоходом играть нарочно приехать ранний играть из весь сила опять шах мат четвёртый день шах мат гимназист будущий чемпион мир александр алехин,3,colloquial,Разговорный
понимать сейчас сложный время полный мало тот идти мобилизация который забирать кто можно бедный старик хотеть спокойный жизнь должный идти воевать понятно кто наш государство хотеть пенсионер отдать ещё какой лишний деньга понятно мочь взяться сво хотеть жить нормальный страна уважать старик бросать танк,3,colloquial,Разговорный
клоппа матч наполоть бояться ждать нетерпение один хороший команда европа сейчас мочь выйти финал,3,colloquial,Разговорный
вероятно думать идти сам бог сегодня петтереть нортугой принять участие километровый марафон blink нынешний физический форма лыжный король позволить уверенно держаться основной группа более километр выходить вперёд отметка километр нортугой пересечь первый ещё петтереть ускориться выиграть второй промежуточный спринт отметка чуть более километр тут гонка можно заканчивать безумие петтереть нортугой долгий время отсутствовать теперь лидировать выигрывать последний спринт воскликнуть комментатор nrk торгейра бьерна сразу после это великий шоумен остановиться откатиться спина другой лыжник думать последний он вряд пересечь финиш первый добавить бьерна пелотон начать рваться лидерство марафон себя взять макс новак симя крюгер эндрю масгрейв отметка километр петтереть идти отдыхаючи финишировать нортугой приятный компания хороший дама это марафон занять строчка протокол отставание тройка лидер среди мужчина макс новак эндрю масгрейв магнус вестерхейм вероятно думать идти сам бог отходить здесь никакой шанс должный тяжело мир очень сильно измениться последний год приводить фирменный послегоночный шутка нортугой издание aftenposten результат blink можно посмотреть сивидата спринт нортугой небольшой видео,3,colloquial,Разговорный
рейтинг лист июль год непомнить входить топ,3,colloquial,Разговорный
главный матч год обсуждать это пост ты новак,3,colloquial,Разговорный
коллега напоминать остаться один день удалить фотография ваш проект портал более фотография удалить быть какой дорога ваш сердце советовать сохранить себя отдельно мочь гарантировать удаление затронуться хороший фотография остануться плохой качество прозрачный намекать заняться это заранее возникнуть вопрос писать комментарий,3,colloquial,Разговорный
поздравлять анна большунов день рождение надеяться муж сделать подарок этот выходной,3,colloquial,Разговорный
клиент мтс тогда хватить переплачивать переходить тариф персональный безлимитный интернет раздача минута сам низкий цена информация наш телеграм выбирать наполнение заказывать,3,colloquial,Разговорный
сборная польша обыграть команда греция матч групповой этап командный турнир atp первый матч поляк камил майхржак взять верх грек михаил перволаракис второе очко команда польша принести хуберт гуркач одолеть грек аристотелиса танос такой образ счёт противостояние польша греция стать парный матч смочь повлиять результат,3,colloquial,Разговорный
март платформа состояться премьера четвёртый сезон сериал рассказывать закулисье формула новый сезон проект увидеть действовать чемпион мир макс ферстаппный голландец отказаться съёмка осень прошлое год раскритиковать сериал изменить мнение тот пора собираться менять мнение сериал понравиться первый сезон лично просмотр нужный факт хайп конечно понимать делать должный зритель нравиться такой документальный сериал называться вообще мой посмотреть наверное мельком новый сезон мой мнение измениться приводить слово ферстаппена издание,3,colloquial,Разговорный
алексей бирюков высказаться команда снг надеяться команда снг сохранить состав неважно нормальный название главное играть свой пятёрка киберспорт всегда чем особенный человек разный национальность религия политический взгляд играть вместе,3,colloquial,Разговорный
сначала выигрывать конец матч сливать могем уметь практиковать,3,colloquial,Разговорный
мотоспорт bsbk гонка начало прямой трансляция msk трансляция доступный ссылка канал запись трансляция онлайн скачать mega комментатор сергей сухоруков,3,colloquial,Разговорный
журналист организация пройти следующий этап рассмотрение попадание партнёрский лига,3,colloquial,Разговорный
владимир крикун димка квартальнов хороший игрок команда робот какой один самый авторитетный российский хоккейный тренер владимир крикун раз возглавлять барс нефтехимик интервью спортивный редакция татарин информ поделиться мнение ситуация кхл причина провал дмитрий квартальново барс,3,colloquial,Разговорный
карточка игрок гранд финал pmgc доступный проверять деталь ивента забирать карта следить будущий турнир pubg mobile наш официальный канал pubgmobile pmgc pmgc nexttoglory,3,colloquial,Разговорный
локомотив заинтересованный приобретение московский динамо вратарь иван бочаров,3,colloquial,Разговорный
псж хотеть приобрести роналда чемпион франция псж заинтересованный услуга летний английский нападать манчестер юнайтед криштиану роналда писать парижский клуб мочь осуществить трансфер январь ранее сообщаться манчестер юнайтед расторгнуть контракт нападать сборная португалия причина стать скандальный интервью португалец роналда обвинить манкунианский клуб предательство действовать контракт португалец манчестер юнайтед рассчитать конец это сезон текущий чемпионат англия роналда провести матч забить гол футбол гол gol псж хотеть приобрести роналда,3,colloquial,Разговорный
онлайн отображаться приложение автоспорт установить пожалуйста флагманский приложение перейти сайт браузер,3,colloquial,Разговорный
фергюсон назвать место хабиб история мма тони фергюсон пара день назад заявить готовность пожать рука хабиб нурмагомедов оставить конфликт несостоявшийся соперник позади верить россиянин действительно принять участие телепроект the поступить соответствовать предложение ufc великий уклонение настоящий бой чем хороший время принять предложение ufc тренировать против толстяк tuf более чем уверенный объявиться ufc написать американец соцсеть это бывший чемпион ufc лёгкий вес интервью espn подтвердить готовность участвовать съёмка tuf честно говорить нравиться идея заявить непобеждённый российский боец сейчас ufc остаться много больший звезда тони быть тренировать tuf смочь создать хороший контент напомнить поединок нурмагомедов фергюсон срываться пять раз два раз бой сниматься каждый боец последний попытка свести октагон сорваться пандемия коронавирус,3,colloquial,Разговорный
долгожданный видеоролик канал ждать обратный связь,3,colloquial,Разговорный
кроссовок баскетбольный магазин ghetto basket shop консультация стрельский,3,colloquial,Разговорный
осенний скидка разгар оригинальный перкуссионный пистолет массажёр фирма pro поставка официальный дилер россия сегодня скидка первоначальный цена бесплатный доставка россия защита покупатель кейс комплект насадка металлический корпус успеть сделать заказ выгодный цена,3,colloquial,Разговорный
немного опухнуть холль проснуться бог мой холль скучать теперь впщий сёлка студия,3,colloquial,Разговорный
первенство самарский область гонка гаревый дорожка класс принимать участие гонщик год август стк анатолий степанов вопрос тело,3,colloquial,Разговорный
фабрицио романо криштиану думать покидать юнайтед клуб попасть следующий розыгрыш лига чемпион,3,colloquial,Разговорный
месси заинтересовать интер майами клуб млс верить лео перейти сторона общаться несколько год вариант продолжение карьера аргентинец включая продление контракт парижанин возвращение барселона опция трансфер клуб майами развить сильный остальной,3,colloquial,Разговорный
стартовать чемпионат мир шахматы фишер состав участник магнус карлсный уэсли непомнить хикар накамур хьйервар стейн гретарссон владимир федосеев маттиас блюбаум нодирбек абдусаттор контроль время минута ход плюс минута конец партия добавление секунда каждый ход начинать общий призовой фонд составлять тысяча доллар,3,colloquial,Разговорный
второй круг турнир atp лондон эмиль руусувуорить джек дрейпер следующий соперник победитель матч бублик чилич,3,colloquial,Разговорный
внимание аукционъ начальный ставка руб минимальный шаг руб победить досрочно руб сразу книга библиотека клуб osb отправиться победитель методический руководство валерий шитовый бокс начинающий биография джо луис нокаут ринг владимир чудновый повесть мишка серёга зелеранский ларин рассказ славный кулачный прошлый россия быть схватка боевой михаил лукашев условие аукцион osb каждый последующий игрок перебивать ставка комментарий пока победить закрытие торг август мск важно флудить делать обдуманный ставка шуточный победный ставка срыв торг вечный бан osb победитель вносить средство фонд будущий проект исследование клуб boxers получать выиграть лот почта вечный доступ наш большой pdf архив бокс качество бонус правило аукцион сделать минута окончание торг ставка автоматически продлить аукцион ещё минута удача друг,3,colloquial,Разговорный
проигрывать лидер спартакиада продолжать подготовка притирка впереди ещё два матч одинцово,3,colloquial,Разговорный
коллега тут тема передний дуга упор нога делать отозваться ссылить дать хотеть исполнить подобный,3,colloquial,Разговорный
тренер сборная россия лыжный гонка юрий бородавкий прокомментировать новость тот немецкий производитель перчатка разорвать контракт александр большунов причина прекращение сотрудничество стать участие лыжник митинг концерт мир нацизм россия президент лужники давать быть нагнетать обстановка прийти время вопрос быть решить случай вынести всеобщий обсуждение уверенность экипировка саша быть нормально сказать бородавкий,3,colloquial,Разговорный
переживать ваза свой резюме приходить работать тинькофф брать опыт,3,colloquial,Разговорный
max поменять джон макфи moto max стать продлевать контракт джон макфи moto команда макс бьяджи менеджер питер ёттль выбрать другой пилот сезон год,3,colloquial,Разговорный
начинать борьба кубок петров первый соперник путь главный трофей высокий хоккейный лига стать казанский барс победа кубок шёлковый путь обеспечить югра первый номер посев розыгрыш кубок петров прошлый сезон команда вадим епанчинцев набрать очко отрыв второй место балл это год конкуренция стать гораздо выше ска нева стать второй отставание лидер весь два очко матч регулярный чемпионат барс набрать очко занять место итоговый таблица казанец уступить зауралье нефтяник дополнительный показатель который актив очко югра стать второй команда регулярка качество оборона пропустить шайба хороший защита лига пропустить гол динамо спб забросить гол югорчан стать пятый коллектив вхл любопытно результативность пропустить шайба казанец показать результат лига гол атака голевой ошибка оборона последний восемь матч гладкий чемпионат барс суметь заработать один очко мамонт победный поступь пройти последний игра повторить клубный рекорд победа подряд очный матч хант мансийск завершиться уверенный виктория югра счёт встреча казань остаться барс хотя успех хозяин достигнуть серия послематчевый бросок счёт ждать классный старт борьба кубок петров начало игра,3,colloquial,Разговорный
день плюс мультя подарок промокод mymusic подписка плюс сработать получить тысяча трек аудиокнига топовый рекомендация подойти именно,3,colloquial,Разговорный
бронни джеймс подписать контракт бронни джеймс сын суперзвезда лос анджелес лейкерс леброн джеймс являться один пять баскетболист средний школа колледж подписать соглашение объявить сделка бронни понедельник позволять спортсмен зарабатывать деньга ставить угроза право участие студенческий лига proбаскет леброн,3,colloquial,Разговорный
финал кубок петров ска нева торос второй матч санкт петербург хоккейный город март,3,colloquial,Разговорный
motogp japanesegp мотег слава боль выиграть гран упустить титул решающий день уикенд гран япония пройти совершенно иной сценарий нежели планироваться суббота сухой тёплый солнечный воскресение внести корректив картина битва большой приз мотег цель задача лидер motogp радикально измениться,3,colloquial,Разговорный
красиво запасаться тёплый одежда заранее покупать билет бронировать жильё ждать жаркое окончание год новый уренгой вфв,3,colloquial,Разговорный
александр поветкин надеяться усик быть король супертяжёлый вес,3,colloquial,Разговорный
крис пол говорить решение нба наказание совладелец санза роберт сарвера оправдать ожидание звёздный разыгрывать финикс санза крис пол поделиться свой мысль управлять партнёр роберт сарвера ветеран считать должный грозить более суровый наказание чем годичный дисквалификация штраф размер миллион доллар пол написать твиттер мнение наказание лига оправдать ожидание proбаскет nba,3,colloquial,Разговорный
заявление шлеменко военный операция украина русский человек мочь остаться сторона поддерживать наш ребята понимать прекрасно что вести реально выполнять долг наш будущее больший поддержка лично мир большой никогда быть такой прежде настать время определиться кто русский народ россия себя выбор сделать давно русский человек будущее наш страна реакция некоторый пользователь кто оставаться сомнение несправедливый дисквалифицировать шлеменко красавчик правильно депутатство близкий поехать туда что балаболить шлеменко авторитет какой стать доверять мнение призыв уверенный рука держать понятие иметь боевой тревога армейский устав заниматься свой бой россиянин глупый сам принять решение кто бить груша возникать,3,colloquial,Разговорный
этап формула гран майами гонка кoмментатoр попoть haтaлие фaбpичновa,3,colloquial,Разговорный
ноябрь весь мир отмечаться день качество smp полный право говорить это важный момент ежедневно ежедневно максимальный самоотдача относиться весь свой проект чем тщательный быть подходить организация соревнование создание гоночный машина обучение младший поколение хороший быть решаться наш главный задача развитие российский автоспорт это нельзя отметить вклад партнёр топливный бренд помимо предоставление высокотехнологичный топливо активно способствовать популяризация автоспорт поддерживать крупный событие отрасль получаться качественный рост,3,colloquial,Разговорный
малогабаритный компактный спортивный оборудование квартира дом спортивный игровой площадка цена производитель дешёвый найти возможно добавлять убирать любой элемент спортивный оборудование набор ваш усмотрение индивидуальный подход каждый клиент исходить потребность возможность доставка россия день почта россия транспортный компания гарантия оборудование год наш оборудование видеообзор мочь ознакомиться страница наш магазин качайтело ссылка смотреть выбирать заказывать всегда рада видеть число наш клиент подписываться каждый день публиковать масса интересный публикация наш довольный клиент методика эффективный упражнение наш тренажор выгодный акция,3,colloquial,Разговорный
кросби повторить достижение горди хоу летний канадский форвард питтсбург пингвинза сидень кросби матч регулярный чемпионат нхл нью йорк рейнджерс покорить отметка очко нынешний сезон отметиться забросить шайба опытный нападать понадобиться матч текущий сезон отмечать пресс служба нхл кросби гарантированно завершить регулярный чемпионат показатель менее очко встреча питтсбург остаться провести матч канадец добиться это результат раз карьера благодаря этот выйти второе место сравняться горди хоу количество подобный сезон большой уэйн гретцк набирать среднее менее очко матч протяжение сезон весь карьера нхл кросби провести матч который набрать очко коэффициент полезность минута штрафной время летний контракт общий сумма млн млн сезон истекать окончание сезон,3,colloquial,Разговорный
попов ответить предложение цска стать тренер система клуб,3,colloquial,Разговорный
игровой день кубок молодёжный лига завершиться победа наш молодёжь команда новосибирск классный начало сапожок просто монстр очко,3,colloquial,Разговорный
new гладкий сливочный вкусный волна инстаграм конора макгрегор mma ufc спорт зима январь ufcvegas ufc москва,3,colloquial,Разговорный
цель любой цена история один челенджа доминик фихтенбауэр ради выполнение который прийтись открутить железный отбойник,3,colloquial,Разговорный
бесплатный карта бесплатный доставка бесплатный перевод через сбп ещё кэшбэкома каждый месяц оформить минута доставить дом,3,colloquial,Разговорный
игра вторжение клан доступный предзаказ набор открывать доступ новый могущественный фракция мех расширять игровой возможность предлагать принять участие конфликт галактический масштаб сотрясти мир внутренний сфера набор входить пять миниатюра культовый омнимех эддёр монгреть новый экзекутор тимбер вулф коробка компонент проводить сражение клан полноценный битва мех внутренний сфера понадобиться базовый набор новинка,3,colloquial,Разговорный
утвердить программа чемпионат свердловский область январь луч стартовый первый день забег расписание доступный сайт онлайн результат,3,colloquial,Разговорный
рассказывать преимущество карта решить оформить переходить ссылка,3,colloquial,Разговорный
уважаемый сообщество частый приходиться отвечать гневный выпад человек тип ерунда консултировать связь тип что хороший привести отсюда логичный вопрос прийтись прекратить предлагать оставить слово голосовалка весь добро,3,colloquial,Разговорный
оптимистический ковид вечно длиться весна гора чтоб вместе веселиться летать вместе вы чтоб старый млада поле самолёт что чтоб боле забыть про забота забыть про корона про санкция раздор про пенсия зарплата прочий забор про жить мешать время позабыть пока модель летать счастливый быть потом спой прям сразу после водка песня родный привкус селёдка который закусить жирный рука обниматься быть маска вместе вы,3,colloquial,Разговорный
друг близиться первый уикенд наш масштабный событие,3,colloquial,Разговорный
помочь гильдия развитие никогда пропускать новый публикация просто нажать кнопочка рекомендовать включить уведомление наш новый запись ещё телеграмма он стоить подписаться такой образ помочь поиск единомышленник никогда пропустить актуальный новость,3,colloquial,Разговорный
винсент крихмайра сделать дубль финал кубок мир куршевель австриец выиграть супергигант после спуск французский куршевель результат крихмайра секунда опередить победитель общий зачёт кубок мир марко одерматта соотечественник который джиный кавизель занять третий место,3,colloquial,Разговорный
понимать день день копиться негатив зенит спб обратиться болельщик петербургский зенит после серия поражение свой социальный сеть обратиться болельщик напомнить команда туомас саммелвуо проиграть четыре матч подряд одинаковый счёт лига чемпион берлин дважды динамо локомотив чемпионат россия последний время зенит попасть полоса тяжёлый кризис травма вспышка ковид череда обидный поражение который казаться вырваться каждый раз хватать буквально шаг победа понимать такой условие день день копиться негатив кто безразличный наш волейбольный клуб понимать наш проблема вызывать непреодолимый желание поделиться максимально саркастический комментарий наш проект никогда симпатизировать мир спорт вообще устроенный жизнь мочь состоять один победа значит быть поражение быть неоднозначный реакция сторона публика неизбежно говориться сообщение клуб зенит призвать болельщик держать себя рука поскольку волна негатив соцсеть перерастать поток агрессивный брань обильно обогатить нецензурный лексика клуб напомнить социальный сеть пользоваться ребёнок неужели чем хотеть обогатить мир клуб попросить болельщик соблюдать правило вежливость пригрозить беспощадный модерация полный закрытие комментарий февраль зенит гость сыграть матч чемпионат россия московский динамо,3,colloquial,Разговорный
краткий шуточный пересказ мум мультик минута один город жить барыня старый страшный очень противный который один развлечение издеваться слуга проект мультиратур студия анимация мультогра чтение популяризация литература смотреть скорее наш весёлый мульт,3,colloquial,Разговорный
настоящий время социальный сеть широко распространяться заявление премьер министр этот страна скотт моррисон сделать весь день тот новак джокович должный приземлиться мельбурн заявить решение выпустить территория австралия принять правительство штат виктория вопрос правительство штат виктория предоставить исключение приезд австралия быть действовать соответствие это решение работать федеральный штат давать разрешение этот основа никакой изменение последний два год правительство штат виктория принять такой решение следовать обратиться проделать работа сказать скотт моррисон премьер министр австралия день тот джокович остановить аэропорт кстати именно федеральный правительство должный принимать окончательный решение выпуск гражданин территория страна непонятно премьер министр австралия проинструктировать выпустить ноябрь свод правило согласно который невакцинировать человек доступ быть закрытый,3,colloquial,Разговорный
wec iwsc немного внутренний кухня тест lmdh новинка немецкий производитель испытать барселона арагон спа вайсаха руль успеть побывать дэйн кэмерон фелипа наср фред маковеко лоренс вантор андре лоттерер провести тестовый программа включать себя сухой дождевой тест шинник обкатка единый гибридный узел поиск рабочий окно сбор огромный количество данные шесть ряд инженер европа америка каждый несколько монитор penske motorsport готовиться расширить тестовый программа это лето тестовый время планироваться проводить сша вайсаха строиться второе шасси отправка база мурсвилле северный каролина это американский подразделение команда занимать четверть весь инфраструктура penske team продолжать расширяться июнь планироваться минимум удвоить число персонал человек коллектив привлечь специалист опыт dpi европейский подразделение обзавестись новый мастерская американский тип база дилерский центр мангейм который penske владеть год штат работать спец dtm one бывший сотрудник joest,3,colloquial,Разговорный
спартакиада челябинск август онлайн результат программа август время уральский командный ходьба финал начало трансляция мск ходьба финал начало трансляция мск диск финал финал шест финал финал ядро финал финал высота финал копьё финал финал финал финал смешанный ссылка трансляция день,3,colloquial,Разговорный
первенство москва среди юноша девушка младший возраст январь пятница девочка младший возраст произвольный программа маргарита базылюк разминка стартовый номер пожелать рита гладкий лёд шикарный прокат удача онлайн табло трансляция,3,colloquial,Разговорный
новый видео частый читаемый коммент канал группа новый видео значит докладывать данный момент идти параллельный съёмка целый два видео стрелковый тема основный большой видео про поправка стрельба оно немного подвиснуть мой сломать машина она рука мочь найти человек машина всегда мочь второй человек появляться кадр общий получаться весь состыковать видео про поправка немного подвиснуть блин мороз послать некоторый сцена вообще получиться снять планироваться увы съёмка продолжиться сразу бибик вернуться ремонт ещё один видео про коллиматорный прицел про хрень человек сидя диван сравнивать хороший про делать попасть рука хотеть грамотно использовать спрос коллиматорный прицел расти удивление обнаружить многие думать поставить коллиматор попадать всегда быть туда навести красный точка посчитать нужный снять про сюжет готовый выйти после выход основный можно сказать подвиснуть дорогой зритель оставаться ждать большой порадовать нечего кроме тот посмотреть какой быть красивый картинка,3,colloquial,Разговорный
защита должный возможность экономный защита должный участвовать ровно столько фигура сколько необходимо остальной сила должный использовать проведение контратака эмануил ласкер цитатышахмат,3,colloquial,Разговорный
игра игрок лига пробивать двойной блок фото марина курилина,3,colloquial,Разговорный
проиграть уйти быть жалеть это знать сделать мочь,3,colloquial,Разговорный
сборная сезон юфл зенитовский диаспора лицо юрий колединый кирилл столбова никита лузана большой протяжение чемпионат включаться символический сборный тур раз заслужить звание хороший проголосовать телега учёт приниматься голос подписчик,3,colloquial,Разговорный
motogp квартарарый выжимать себя мотоцикл сок это недостаточно ред булла ринг хороший трасса yamaha известно весь трек полный сильный торможение разгон низкий скорость идеальный место тот раскрыть слабый сторона мотоцикл ивата один yzr завтра быть стартовать относительно неплохой позиция фабио квартарарый постараться минимизировать потеря предстоящий гонка стартовать место пятница пройти отлично суббота пройти неплохо улучшиться время наш соперник заметно прибавить сложно добиться прогресс атаковать предел выжимать себя мотоцикл сок это недостаточно удовлетворить квалификационный результат чувствовать выложиться квалификация каждый поворот знать смочь закончить круг оказаться гравий год большой запас это план каждый гонка становиться сложный каждый сессия находиться окружение важно быть провести хороший старт первый круг важно можно хороший сберечь резина тогда посмотреть произойти,3,colloquial,Разговорный
привет интересоваться история хотеть пополнить знание интересный факт тогда переходить ссылка,3,colloquial,Разговорный
относиться нововведение получить fan мочь отказать регистрироваться ссылка поделиться свой мнение,3,colloquial,Разговорный
братва набить весь заявка ниже более сотня лайковый продолжать публикация давать поддержать участник,3,colloquial,Разговорный
интересный факт сша насчитываться почти тысяча частный оружейный компания причём большинство производить собственный инженерный решение применяться известный стрелковый платформа другой совокупный прибыль этот компания год составить млрд доллар,3,colloquial,Разговорный
почувствовать себя неудачник посмотреть смочь убить чело один upd он попасть просто мистика пабг решить зарегать урон,3,colloquial,Разговорный
гюнтер штайнер haas отказаться узкий боковой понтон стиль руководитель haas гюнтер штайнер рассказать американский команда мочь последовать пример предсезонный тест бахрейн действовать обладатель кубок конструктор удивить гоночный сообщество экстремально узкий боковой понтон слово штайнер такой конструкция действительно давать определённый преимущество рассматривать возможность использование такой концепция лето прошлое год изучать аэродинамический труба тогда обнаружить давать преимущество медленный поворот время понять потенциал широкий понтон выше приводить слово штайнер издание motor sport,3,colloquial,Разговорный
новый видео частый читаемый коммент канал группа новый видео значит докладывать данный момент идти параллельный съёмка целый два видео стрелковый тема основный большой видео про поправка стрельба оно немного подвиснуть мой сломать машина она рука мочь найти человек машина всегда мочь второй человек появляться кадр общий получаться весь состыковать видео про поправка немного подвиснуть блин мороз послать некоторый сцена вообще получиться снять планироваться увы съёмка продолжиться сразу бибик вернуться ремонт ещё один видео про коллиматорный прицел про хрень человек сидя диван сравнивать хороший про делать попасть рука хотеть грамотно использовать спрос коллиматорный прицел расти удивление обнаружить многие думать поставить коллиматор попадать всегда быть туда навести красный точка посчитать нужный снять про сюжет готовый выйти после выход основный можно сказать подвиснуть дорогой зритель оставаться ждать большой порадовать нечего кроме тот посмотреть какой быть красивый картинка,3,colloquial,Разговорный
систематический силовой тренировка увеличивать объём сила мышечный волокно кроме тот укреплять связка кость укреплять связочный аппарат значительно сокращать риск получить травма использовать свой тренировочный процесс базовый комплекс силовой упражнение через пара месяц почувствовать ваш тело стать сильный заметить ваш личный рекорд тот иной дистанция становиться выше бегун нужный больший мышечный масса хороший вариант тренировка мышца быть выполнение упражнение свой собственный вес использовать дополнительный нагрузка долгий год развитие лёгкий атлетика специалист разработать большой количество специальный упражнение направить увеличение результативность тренировка укрепление мышца связка силовой силоваятренировка легкаяатлетик спорт зож бег забег фитнес,3,colloquial,Разговорный
пашицкий тренироваться польский гданьск действовать контракт зенит спб российский блокировать зенит спб дмитрий пашицкий ранее взять отпуск счёт тренироваться гданьск накануне игрок появиться пресс конференция цвета это польский клуб сожаление добиться мирный расторжение контракт дмитрий российский клуб удаться пашицкий разорвать контракт санкт петербург тот смочь выступать другой страна необходимо согласие всероссийский федерация волейбол заявить президент польский клуб дариуш гадомский вфв хотеть выдавать такой согласие такой ситуация должный вмешаться международный федерация волейбол fivb прилагать усилие урегулировать формальность fivb поздний завтрашний день представить дмитрий игрок чемпионат польша очень надеяться это необычный случай мочь рассчитывать эффективный действие fivb март зенит спб сообщить пашицкий выйти бессрочный отпуск счёт связать событие украина волейболист родственник киев тяжело переживать происходить последний два неделя быть я американский горка сначала принять решение уехать россия очень бояться свой семья киев потом поступить предложение гданьск удаться забрать свой близкий польша начать тренироваться команда возникнуть сложность возможность мой переход надеяться закончиться положительно заявить пашицкий пресс конференция петербургский зенит удивлённый происходить удивить факт дмитрий первый появляться пресс конференция тренировка экипировка другой волейбольный клуб второй уста представитель это клуб звучать слово тот контракт пашицкий зенит разорвать соответствовать действительность сообщить российский клуб уроженец киев пашицкий выступать россия год август год получить российский паспорт три сезон провести состав кузбасс который помочь завоевать чемпионский титул после что перейти зенит поддержать сообщество сайт волейбольный чат вконтакте канал клуб спонсор сообщество волейбол пляжныйволейбол пляжка новостиволейбол держимячвигра волейболсми первоисточник волейбол,3,colloquial,Разговорный
француженка выиграть евролига французский волейболистка после победа чехия три сет дом орлеан завоевать первый титул женский евролига первый крупный международный победа история французский женский сборная хозяйка остаться непобеждённый турнир год доминировать аспект встреча золотой медаль люсиль жикель капитан сборная франция самый ценный игрок турнир набрать рекордный очко включая эйс леандр олинга андеть поставить результативный блок такой образ француженка пройти квалификация кубок претендент год женский этап пройти задар хорватия победитель который перейти лига нация,3,colloquial,Разговорный
кирьяк цска выглядеть более опасный преследователь зенит чем динамо главный тренер футбольный клуб ленинградец сергей кирьяк оценить ситуация чемпионат страна перед возобновление игра тур рпл начаться апрель после пауза матч сборный цска рамка тур апрель сыграть дом урал близкий пятница возобновляться чемпионат россия который оставаться сыграть тур финишный прямой борьба чемпионство ещё мочь измениться сказать последний метр скорее прямой средний дистанция это касаться лидер чемпионат зенит надо просто терять концентрация тогда вряд потерять преимущество очко перед близкий преследователь он сейчас петербуржец это иметься вопрос иностранец выглядеть намного хороший чем остальной главный преследователь зенит прежний динамо скорее набрать ход цска зенит сам себя соперник выдумать какой проблема вряд смочь остановить близкий тур лидер матч сочи который первый круг зенит проиграть дом вряд упустить фишт касаться прямой конкурент цска пожалуй действительно выглядеть опасный поскольку весна выигрывать динамо неплохо оно бывать терять очки немного хватать серьёзный стабильность говорить отрыв пять очко позволять зенит чувствовать себя достаточно уверенно,3,colloquial,Разговорный
прощение довольно эгоистичный вещь оно делать хороший тот прощать ничто учить прощёный,3,colloquial,Разговорный
kawasaki team mxgp впервые представить кий райкконить заводский цвета звезда формула wrc снеговик кий райкконный приступить работа чемпионат мир мотокросс роль директор заводский команда kawasaki team mxgp команда представить официальный фотосессия перед старт этап mxgp,3,colloquial,Разговорный
карлос алькарас гарфия трофей турнир рио жанейро,3,colloquial,Разговорный
человек помочь делать гайка трак сам себя откручиваться,3,colloquial,Разговорный
победа даллас миннесота фиал болди годро робертсон павелски хинтц фиал годро робертсон хейсканена хинтц годро фиал флери вратарь уэджвуд флери,3,colloquial,Разговорный
уго умбер чемпион челленджер ренне финал домашний турнир француз переиграть доминик тим счёт ещё баранка повесить,3,colloquial,Разговорный
мля посон понять оливейра просто похожий челик он помочь разгадать этот загадка фреска,3,colloquial,Разговорный
бежать волк непросто стая крутой ребята сильный выносливый надо соответствовать трасса стартовать набережная дивногорск дождь снежный каша нога тонуть щиколотка мчать сторона гэс через мост грязный дорога хороший стать затяжной подъём повести лесной троп преодолеть принцип можно зимой лето тут непролазный тайга речка бурелом зато дождь смениться снежный крупа грязь нога узкий тропинка сугроб нога проваливаться самый хотеть силовой бег после спуск хребет следовать подъём следующий счастие равнинный пантера основное подъём быть слишком крутой равно идти пешком нагоняй время спуск плоский участок норма бодро идти второй забегать поить горячий бульон такой условие просто амброзия пища бог добрый волонтёр наполнять вода гидратор предлагать сладость колбаса сало отличный подпитка скайраннер вершина открываться красивый вид заснеженный поле лес скала приключение начаться удачный незаметно сойти трек вместо тот чтоб бежать тропа гора полезть вершина поплатиться драгоценный время напрасно затратить сила подъём спуск момент пропустить вперёд несколько человек понять ошибка приуныть возвращаться поздно оставаться бежать пересечение основной трасса сила почти покинуть я частый пила съесть батончик гель надежда восстановление впереди маячить гремячаять грива тащиться еле еле знать финиш взбодрить я настоящий борьба третий место развернуться перед самый створ фото видно гнать такой момент накал страсть куча эмоция через минута недавний соперник обниматься хороший друг раз оказаться быстрый весь секунда спасибоногий делисьбегом kwtf бег sky,3,colloquial,Разговорный
официально андрей талалай уволить ахмат тур рпл случиться тренерский отставка рекорд,3,colloquial,Разговорный
новый образ наш любимый чемпионка телеграм кружочек анюта anna,3,colloquial,Разговорный
технический запись первый матч финальный серия итальянский суперлига перуджа луб чивитанов,3,colloquial,Разговорный
наш летний защитник антон ефрем вызвать молодёжный сборная футбол вильярреал россия,3,colloquial,Разговорный
чумава динамический перф ультрас салернитать показать свой трибуна минь фильм охватить весь история клуб момент создание год наш день,3,colloquial,Разговорный
совсем немного остаться начало матч уникс посмотреть игра можно телеканал qazsport официальный сайт клуб единый лига втб,3,colloquial,Разговорный
новак иметь необходимый документ выигрыш суд мочь ранний понедельник джокович мочь проиграть судья быть политически предвзятый один самый информированный сербский теннисный журналист надеяться суд вынести решение польза новак он достоверный инсайдерский информация джокович действительный документ конечно судья независимый политика,3,colloquial,Разговорный
тула наталья малый приносить победа первый сет команда саратовский область матч против республика татарстан спартакиадасильный,3,colloquial,Разговорный
рекордсмен команда количество трехочковый сезон десмонд это сезон треха железобетонный десятка смочь преодолеть отметка точный трехочковый бросок,3,colloquial,Разговорный
два пилот ferrari выйти старт гонка монреаль машина заметно отличаться себя дело вовсе раскраска,3,colloquial,Разговорный
великий дело ждать это парень будущее удача завтра финал спасибо огромный мадрид mmopen,3,colloquial,Разговорный
уточка имя вринклый бежать нью йоркский марафон она специальный ботиночек позитив отличный забег друг бег спорт зож марафон марафонец мотивациябег забег,3,colloquial,Разговорный
отгадать какой скин спрятать писать ответ комментарий подсказка найти сайт,3,colloquial,Разговорный
поздравлять наш любимый настольщик праздник защитник отечество желать крепкий здоровье бесконечный настольный баталия безграничный радость победа настолочь потолок поздравление,3,colloquial,Разговорный
канесть бивол реакция майк тайсон бурный эмоция ковалёв,3,colloquial,Разговорный
формула устроить мадрид уникальный выставка март следующий год формула открыть столица испания свой первый официальный выставка быть работать мадридский комплекс ifema середина июль уникальный интерактивный экспозиция полностью посвятить формула история чемпионат команда легендарный гонщик другой известный личность мир автоспорт быть представить самый разный экспонат часть который публика увидеть впервые качество партнёр продюсер формула выбрать американский компания room один мировой лидер область выставочный бизнес экспозиция быть разместить шесть специально оборудовать зал оформить хороший дизайнер художник предполагаться ход минутный экскурсия посетитель помощь современный аудиовизуальный технология буквально погрузиться мир формула стать незабываемый опыт стефано доменикать президент исполнительный директор формула открытие этот впечатляющий выставка стать важный момент история наш спорт развитие продолжаться стремительный темп важно болельщик всегда быть максимальный степень информировать тот делать открытие такой выставка мировой уровень позволить больший число болельщик весь мир полюбить формула стать идеальный платформа позволять отдать должное невероятный история чемпионат хотеть поблагодарить внести вклад проект помочь создать экспозиция стать отражение сердце душа наш любимый спорт заработать официальный сайт можно оформить предварительный заказ билет продажа который начаться конец ноябрь,3,colloquial,Разговорный
акция бустер магия заканчиваться завтра отдавать четыре бустер разный выпуск the цена три успеть ноябрь акция,3,colloquial,Разговорный
завершить карьера год думать действительно говорить тот наш спорт расширять возможность женщина думать здорово можно завершить карьера год какой другой профессия мочь сделать много думать невероятно наш вид спорт даниель коллинс барти,3,colloquial,Разговорный
весь привет ещё задний редуктор либо хвостовик мочь кто продажа знать купить,3,colloquial,Разговорный
это год интрига мощный место разделять весь очко такой никогда,3,colloquial,Разговорный
рассказывать пройти первый история снежный комуса фест дать навигатор адрес роза хутор горный олимпийский деревня добраться сочи электричка ласточка горнолыжный курорт роза хутор краснодар ростов дон поезд любитель рейсовый автобус расписание маршрут такси заметить частник стоимость аэропорт рубль конечный станция роза хутор дорога подъёмник олимпий занять минута далее подниматься горный олимпийский деревня место,3,colloquial,Разговорный
матч hvs против делиться ничья каждый команда забирать один очко свой копилка,3,colloquial,Разговорный
теплеть радовать открывать закрывать сезон,3,colloquial,Разговорный
будущий чемпион чувство осваивать сбу бег сбу бегребёнок легкаяатлетик,3,colloquial,Разговорный
ребята скинуться пожалуйста евро маркерный доска быть крайне благодарный контакт дать паблик,3,colloquial,Разговорный
построить североамериканский команда мечта кто взять,3,colloquial,Разговорный
сегодня день рождение праздновать прекрасный волейболистка светлана гатин поздравлять желать счастие,3,colloquial,Разговорный
любить уважать свой тренер научить сдаваться,3,colloquial,Разговорный
интервью евгения тарасов владимир морозов сайт sport после показательный выступление олимпиада олимпиада окончить сказать болельщик евгений огромный спасибо владимир огромный спасибо поддерживать протяжение весь карьера момент быть чёрный полоса сейчас просто хотеться передать привет наш самый предать болельщик успеть осмыслить вчера произойти владимир осознание прийти поздний быть лететь домой самолёт улыбаться наш выступление закончиться давно сегодня снова лёд спасть практически весь ночь читать весь ночь поздравление никак мочь успокоиться отойти пережитое толком отдохнуть сегодня наконец закончить выступление здесь официальный часть позади наконец можно выдохнуть понять мы здесь случиться сколько час удаться поспать владимир один смеяться эмоция олимпиада много какой чувство сейчас преобладать евгений конечно радость радость главное слово который описать олимпиада себя владимир один слово здесь быть мало улыбаться сказать нужный время нужный место сделать хотеть самый главное вчера довольно неоднозначно ответить вопрос продолжение карьера попробовать поставить другой что зависеть остаться спорт евгений первый нужно приехать домой передохнуть переварить мы здесь случиться принимать решение вообще нужно сначала закончить сезон владимир нужно закончить сезон вопрос довольно сложный зависеть многий фактор здесь вопрос желание хотеть хотеть много вещь скрытый болельщик быть взвешивать факт принимать решение,3,colloquial,Разговорный
даниил медведев выйти четвертьфинал турнир галле матч круг terry wortmann open россиянин даниил медведев обыграть белорус илья ивашка два сет час минута браво,3,colloquial,Разговорный
спидвеять программа страна смотреть спорт итог год декабрь год матч cтрана,3,colloquial,Разговорный
матч идти кубок испания финал райо вальекать бетис,3,colloquial,Разговорный
ожидаться расселла уэстбрук принять участие тренировочный минь лагер леброн джеймс,3,colloquial,Разговорный
ранее стать известно криш шаг переезд рома моуринья,3,colloquial,Разговорный
здравствуйте появиться подозрение подсос воздух патрубок заслонка буста искать али предлогать карбюратор подсказать можно найти мочь кто готовый приобрести адекватный ценник схема деталь номер,3,colloquial,Разговорный
лыжный сборная перед олимпиада быть совсем неопытный отправиться соревнование какой либо особенный надежда ожидание вместо тот наш сильный максимально готовый сегодня измениться ситуация преддверие игра пекин надежда ожидание андрей романов матчтво,3,colloquial,Разговорный
играть новый игра костёр игра приятный вечерний посиделки гном жить неподалёку опустеть город который нужно вернуть свет это предстоять найти хранительница свет способный вернуть пламя костёр готовый рассеять тьма осветить город обзор видео костёр,3,colloquial,Разговорный
праздничный день закончиться пора возвращаться первый интересный турнир стать третий сезон лига академка который выступить обновить состав navi давать наблюдать болеть наш парень,3,colloquial,Разговорный
сегодня отдыхать предвкушать завтрашний полуфинальный матч пока посмотреть обзор вчерашний огненный встреча локо зенит mrnu финалшесть,3,colloquial,Разговорный
адвокат приезд родман россия грайнер помочь публичный заявление байден говорить какой баскетболист пусть легендарный адвокат специалист гражданский международный право мария ярмуш считать приезд пятикратный чемпион нба деннис родман россия помочь американский баскетболистка бриттний грайнер осудить девять год колония контрабанда хранение наркотик способный помочь исключительно родман поскольку он быть колоссальный пиар дать мотивация просматриваться невооружённый глаз наверняка вместе прилететь толпа американский журналист зафиксировать грайнер приезд вероятно никак помочь рука мочь сыграть признание вина сделать россиянин сейчас крайне сложно получить виза сша исключить обратный процесс наконец найти возможность въехать факт попасть здание суд пусть процесс баскетболистка открытый мочь действовать коронавирусный ограничение количество человек зал попытка давление российский власть деннис родман неприемлемый более решение принимать суд апелляционный инстанция близкий время проверить материал дело оценить насколько приговор соответствовать буква закон смягчающий обстоятельство быть учесть возможно снизить срок заключение стража апелляция это существовать грайнер помочь публичный заявление президент сша джо байден говорить какой баскетболист пусть легендарный сказать адвокат ранее родман заявить планировать отправиться россия попытаться освободить бриттний грайнер течение последний десятилетие родман неоднократно посещать кндр встречаться руководитель государство ким чен ыном прославить баскетболист приписывать себя помощь освобождение кеннет бэя являться политический заключить северный корея год родман посетить москва время визит называть президент россия владимир путин крутой центровой екатеринбургский угмк финикс сборная сша бриттний грайнер приговорить российский суд год тюремный заключение общий режим оштрафовать миллион рубль контрабанда гашишный масло защита американка подать апелляционный жалоба приговор вашингтон предложить москва обменять виктор бут грайнер осудить шпионаж пол уилан,3,colloquial,Разговорный
биатлон ханна оберг коронавирус похоже биатлонист неплохо отметить конец сезон,3,colloquial,Разговорный
настать время узнать результат сразу два розыгрыш добраться токио можно быстрый чем думать открывать коробка попадать замес отсылка японский поп культура такой настолк скоро отправиться победитель розыгрыш кола солодов ярко фиолетовый чемодан собирать баклажаба прочить выучить буква теперь готовый покорить мир новый дом победительница амоненко поздравлять победитель выигрыш написать сообщение группа отправить приз,3,colloquial,Разговорный
мск орландо филадельфия мск новый орлеан хьюстон мск атланта индиана мск оклахома мемфис мск финикс лейкерс напоминать случай наслать доступ нужный материал всегда найти телеграм приобрести джерси нба,3,colloquial,Разговорный
чемпионат россия автозвук тюнинг амт челябинск трк горка вход свободный,3,colloquial,Разговорный
нейт диаз говорить ufc разрешить драться чендлер лука тони порье беречь он блин глянуть полусредний бой диаз тони ведать октагон залить кровь нейта,3,colloquial,Разговорный
хоккейный клуб лада произвести обмен новокузнецкий металлург результат который тольяттинский клуб получить спортивный право защитник николай глухов новокузнецк право защитник владислав наумов защитник глухов сезон выступать металлург матч регулярный чемпионат набрать очко матч плей офф результативный балл отметиться,3,colloquial,Разговорный
касаткин проблема стартовать бад хомбург россиянка дарья касаткин выйти второй круг турнир бад хомбург обыграть немка андрей петкович далее россиянка сразиться либо клэр лить либо юли нимайер,3,colloquial,Разговорный
трансфер нона лига летний центральный защитник глиб нико лоуренс уйти месячный аренда саутгемптон детство юность пройти через академия фулхэма кристал пэласа уимборн таун подписать конец сезон фланговый защитник тарик гидари борнмут год пройти развитие тоттенхэма норвич борнмут сезон летний форвард тот пирс отправляться нераскрытый плата олтрингем керзон эштон северный национальный лига бывший клуб юнайтед манчестер телфорд юнайтед хеднесфорд таун честер летний вингера луи уолш переходить саутенд барнет,3,colloquial,Разговорный
продать указать продавать японский фальшфейер описать товар японский фальшфеер гореть минута истекший срок годность подвести покупка штука скидка местонахождение колпино наличие пересыл наличие пересыл фото публиковать цена,3,colloquial,Разговорный
олд должный помнить заразительный смех кстати заметить какой подобный отсылка стикер стесняться писать админ комментарий,3,colloquial,Разговорный
запад стесняться формировать альтернативный реальность лекало оруэлл запад всерьёз заточиться против россия наш страна кость горло раз украина встать авангард антироссийский сила хороший правильный сторона убедить это население собственный страна запад полный мощь задействовать пропагандистский машина ещё задействовать картина рисовать западный пропаганда настолько виртуальный оторвать реальность невольно вспоминать роман антиутопия оруэлл октябрь американский конгрессмен дженять раскин выступить поддержка украинский борьба национальный суверенитет демократия свобода выступление яркий пример погружение человек альтернативный реальность новый выпуск передача политота павел расинский подробно разбирать яркий образчик западный пропаганда показывать путём ложь умолчание неудобный факт выпячивание мнимый достоинство прочий манипуляция мир происходить формирование альтернативный реальность иметь никакой отношение жизнь побеждать россия нужно прорывать информационный блокада это нужно разрушать альтернативный реальность показывать западный зритель настоящий правда россия сми информационнаявойный политота павелрасинский оруэлл война украина запад,3,colloquial,Разговорный
надежда выезд сегодня завтра играть чебоксары рамка высокий лига чемпионат россия наш соперник чгу атланта начало встреча ноябрь ноябрь время оренбургский трансляция доступный сайт рфб ноябрь ноябрь,3,colloquial,Разговорный
артём анисимов хороший открытый хоккей встречаться два татарстанский команда начать неплохо матч два грубый ошибка защитник перевести игра смочь забить один гол привести поражение соперник победа,3,colloquial,Разговорный
подмосковье мать тётя жестоко избить шестилетний девочка попасть видео,3,colloquial,Разговорный
киберспортивный организация объявить подписание ldn utd состав ldn utd существовать октябрь прошлое год успеть хорошо себя показать команда стать полный укомплектовать состав подписать hype игрок пост ассистент первый турнир команда стать vct stage emea выступать быть тег ldn utd состав molsi feqew hype boo joynt тренер ассистент valorant,3,colloquial,Разговорный
волейболистка динамо барс выиграть молодёжный лига казанский команда итог двухкруговой турнир финальный шестёрка одержать победа матч регулярный чемпионат молодёжка динамо барс выиграть матч сезон январь год команда работать андрей подкопаев после что пойти повышение возглавить тулица сейчас идти третий место суперлига новый тренер казанский молодёжка стать инесса коркмаз ранее входить тренерский штаб главный команда она динамо барс уор третий раз история стать победитель молодёжный лига восьмой сезон подряд казанский команда завершить сезон пьедестал молодёжный лига проводиться сезон шесть раз чемпион уралочка турнир побеждать протон минчанка хороший достижение это год повторить метар заречье челябинский команда взять серебро год подмосковный волейболистка завоевать бронза год финальный шестёрка сыграть тулица ленинградка минчанка самый ценный игрок финальный турнир признать диагональный капитан динамо барс елизавета павлов символический сборная финальный турнир молодёжный лига mvp елизавета павлов динамо барс связующий алина рубцов ленинградка диагональный анастасия тимофеев тулица доигровщица камилла ребровый динамо барс анна багрянцев динамо метар блокировать полина юникова динамо барс елизавета пальшин заречье либеро дарья железко заречье поддержать сообщество сайт волейбольный чат вконтакте канал клуб спонсор сообщество волейбол пляжныйволейбол пляжка новостиволейбол держимячвигра волейболсми первоисточник волейбол,3,colloquial,Разговорный
рад благодарный судья отменить аннулирование мой виза несмотря произойти хотеть остаться соревноваться open оставаться сосредоточить это лететь сюда сыграть один самый важный турнир перед невероятный фанат сейчас мочь сказать большой спасибо весь быть я пройти через вдохновлять я оставаться сильный новак джокович свой instagram,3,colloquial,Разговорный
news lamppost погнать первый видео посвятить новый коробка выйти июнь,3,colloquial,Разговорный
высоченный блок исполнение елизавета кочурина полина матвеев спартакиадасильный,3,colloquial,Разговорный
пробовать нибыть сделать совместный фотография понравиться весь участник тогда наверняка знать насколько мочь непросто хотеть стоять рядом стол близкий еда увидеть корги теперь хотеть отходить он вечер идеальный кадр попасть светский приём роль фотограф каждый игрок быть ширма стол еда картонный фигурка гость один общий цель сделать такой кадр набрать можно большой очко приятный бонус покупка получать ещё промый карта можно добавить игра предзаказ можно сделать сайт цена руб,3,colloquial,Разговорный
предложка сауля альварес дмитрий бивол прогноз бой обмануть судья,3,colloquial,Разговорный
александр жулин интервью sport никакой предпосылка быть новый партнёр женить медведев знать сам вчера очень удивлённый думать милохина вернуться раз сделать такой заявление думать оно взвесить какой мочь причина покинуть проект значит стать неинтересный своеобразный парень захотеться уйти он видение мочь недостаточно интересно участвовать финансовый вопрос какой даня милохина спортсмен тяжёлый труд сказать плохо работать раз наоборот очень хорошо спортсмен выдерживать нагрузка легко работать даня понравиться здорово мнение поменять думать конченый оказаться приличный парень жалко уйти лёгкий парень мочь выиграть мочь стать партнёр медведев много кто видеть рядом женя мочь многие сниматься проект обзвонить кандидат спрашивать тяжело быть найти партнёр честно сказать,3,colloquial,Разговорный
доброеутро красотыроссия пятигорск гора машук fstop,3,colloquial,Разговорный
жаль сми молчать настоящий герой ержан амирхан ночь август алтайский край спасти человек выбить заклинить дверь гореть автобус тренер борьба,3,colloquial,Разговорный
курсовой дипломный реферат помощь выполнение курсовой дипломный контрольный другой работа низкий цена короткий срок переходить ссылка,3,colloquial,Разговорный
стефанос циципас выйти восьмой финал турнир серия атр,3,colloquial,Разговорный
туристический ботинок средний высота бугельный застёжка наружный материал прочный кожа вставка замшевый кожа мягкий гофрированный вставка зона подъём прорезиненный накладка облегчение переключение передача мягкий внутренний подкладка полиэстер дышать влагонепроницаемый полиуретановый мембрана пропускать влага внутрь эффективно выводить наружу бугельный застёжка возможность регулировка длина интегрировать защита слоистый пластика область щиколотка пятка носка светоотращать вставка комфортный стелька литой противоскользящий противоударный резиновый подошва бояться масло бензин туристический мотоботинок moteq jake цена руб наш сайт интернет магазин оформить заказ телефон,3,colloquial,Разговорный
твой кореш говорить болеть этот команда детство,3,colloquial,Разговорный
хороший матч российский премьер лига кубок россия экстремально низкий рубль месяц успеть подключить матч премьер выгодно подключаться ссылка,3,colloquial,Разговорный
одолевать напасть следовать забывать мочь уберегать что плохой какой нибыть чудовищный ошибка порой приносить большой благо чем самый разумный мнение многий решение,3,colloquial,Разговорный
тиммейт плохо слышать проблема можно решить один клик это понадобиться перейти ссылка ниже заказать нереально крутой микрофон легко подойти геймер стример выбить скидка экономить обед громозек одобрять особенный свойство микрофон совместимый любой лёгкий настройка установка кнопка выключение микрофон уникальный стильный дизайн успеть урвать скидка,3,colloquial,Разговорный
журналист херц степанов звезда соцсеть интересный личность степанов звезда соцсеть возможно медиаполе россия год провести этап эстафета настоящий профи вероника броситься старт немка ровно пройти дистанция спокойно сделать победный отрыв следить инстаграм степанов интересный личность недавно сделать вызов new york связь газета оценить параметр девушка лыжница сделать английский язык нравиться относиться российский команда равно можно оценить личность такой выступление сказать херц подкаст,3,colloquial,Разговорный
стефа карри хотя раз забрасывать дуга матч регулярка подряд,3,colloquial,Разговорный
motorsport упоминать роль современный один журналист сказать способный сделать зрелище стендовый испытание двигатель год ехать хоккенхайм ринг,3,colloquial,Разговорный
переключаться ностальгия былой время делать предзаказ спецвыпуск журнал мир фантастика вставать утро ранний бежать смотреть могучий рейнджер телепузик мечтать слопать самый блинчик стать крутой красный жёлтый чёрный синий розовый нужный подчеркнуть рейнджер помнить искать друг знакомый кассета десятый королевство учиться махать рука нога надежда стать похожий геракл зен перечисленный отозваться внутри ёкнуть данный номер мир фантастика обязательно прийтись душа это уверить какой сериал ваш детство помнить мирфантастика новинка,3,colloquial,Разговорный
иго швентечь побить личный рекорд стать ракетка мир,3,colloquial,Разговорный
теперь магазин сайт можно найти сумерки империя основатель мрачный гавань какой ещё игра появиться смотреть раздел новинка,3,colloquial,Разговорный
отличный начало сезон егор оруджева ир сидоркова празднование этот успех надо быстро переходить подготовка старт второй гонка прямой трансляция начаться ссылка трансляция конечно опубликовать лента смпрскг российскаясериякольцевыхгонка русскиегонка кириллладыгин егороруджевый ирасидорков,3,colloquial,Разговорный
какой даша красотка дарья касаткин выйти полуфинал турнир wta рим вчера обыграть паула бадос сегодня жилить тайхманна давать поддержать даша лайк,3,colloquial,Разговорный
вдруг жизнь вставать такой разрез твой ошибка неудача страдание абсолютно необходимый цепь тот мысль тот понимание время оказываться обрести ужас осознать ничего понять страдание неудача боль господь точно сложиться два три везение повезти ничего понять фазиль искандер,3,colloquial,Разговорный
гляциолог пойти пусть я научить учёный гляциолог спасаться московский жара ответ простой время высоко уходить гора работать холодильник всегда градус цельсий тонна лёд безенга холодильный помещение институт география ран прошлый год доставить ледяной керн длина более метр именно сегодня нарезать гляциолог последующий анализ изотоп ион микрочастица общий углерод микроэлемент представить себя пузырёк оставаться внутри лёд запечатываться самый воздух который дышать живой много век пробурить ледник учёный извлекать керн нарезать образец каждый который окно прошлое далёкий день неделя месяц год ледяной батон мочь таить себя история земля длина более год рассказывать владимир михаленко руководитель экспедиция ран безенгийсковать стена год этот место долго присматриваться марк дюргеров подняться ледопад ледник адиш катынский плато прислать восторг это место окончательно решить себя покончить совмещение альпинизм занятие наука оказаться подниматься высокий гора вершина можно просто быть работа плато забрасываться вертолёт оказаться непросто опытный пилот наш площадка штиль высота гребень дуть работать внешний подвеска проблематично тот сидеть облако внизу закрытый гляциолог отважный человек свой усилие мониторинговый исследование однажды поведать тайна катынский плато позволить заглянуть через окно прошлое возраст год источник информация институт география российский академия наука автор фотография иван лаврентьев отдел гляциология институт география ран август год владимир михаленко отдел гляциология институт география ран август год станислав кутузов отдел гляциология институт география ран июнь год,3,colloquial,Разговорный
сегодня день салават юлай отправиться челябинск рамка второй раунд плей офф кхл команда томь ламса провести пятый матч серия против трактор март трактор бст матч khl khl,3,colloquial,Разговорный
цитата удаться отбить первый одиннадцатиметровый удар тот методика пять удар отбить один точно мочь отразить ещё два немного обидно главное один отбить пенальти хватить выйти следующий стадия игорь лещука,3,colloquial,Разговорный
определить участник плей офф чемпионат казахстан,3,colloquial,Разговорный
мик шумахер приятно слышать ауди искать немецкий гонщик весь это пока далеко мик шумахер рад приход ауди формула пока сосредоточить возможный переход новый команда текущий выступление летний немец ещё подписать контракт выступление формула год предполагаться хаас найти замена лицо ветеран нико хюлькенберг сам мик провести год отпуск перейти уильямс логан сарджента получить суперлицензия вариант считаться шумахер план единственный я иметь значение план отпуск честно это ещё думать думать настоящий мой работа делать возможный использовать шанс время гоночный уик энд критика сторона босс это нужно просто смириться выступать предел возможность это делать просто начинать сильно проигрывать считать шумахер ответить предположение тот ауди искать свой команда немецкий пилот думать присоединение ауди здорово глобальный компания хотя бренд немецкий надеяться появление многие немец вернуться снова получить домашний гран разумеется приятно слышать столь крупный компания искать немецкий гонщик весь это пока далеко,3,colloquial,Разговорный
финальный прогноз боец ufc бой махачёв оливейра,3,colloquial,Разговорный
награждение место команда жара получить приз подарочный сертификат интеллектуальный битва квиза мозгобойня поздравлять почётный первый подробный фото дмитрий забелин,3,colloquial,Разговорный
упражнение отработка правильный техника бег бег техникабег спорт зож легкпяатлетик забег пробежка сбу беговыеупражнение,3,colloquial,Разговорный
бетербий мочь продолжить карьера канадский флаг ранее всемирный боксёрский совет заявить быть признавать утверждать бой участие российский боксёр чемпион мир версия всемирный боксёрский совет wbc международный боксёрский федерация ibf весовой категория россиянин артур бетербий мочь продолжить карьера канадский флаг это агентство четверг сообщать глава wbc маурисио сулейман быть организовать какой либо бой россия один российский гражданин быть драться титул наш организация бетербий канада год жить канада ребёнок родиться канада он канадский паспорт вид жительство боксёрский лицензия канада верить создавать мир необходимо рассматривать случай индивидуально добиваться справедливый решение сказать сулейман ранее wbc сообщить быть проводить соревнование свой эгида территория россия организация отметить быть признавать утверждать бой участие российский боксёр послужной список летний бетербиев победа нокаут один поражение последний поединок провести декабрь монреаль выиграть американец маркус браун нокаут девятый раунд,3,colloquial,Разговорный
норрис надеяться даниэль ещё побороться трасса ландо норрис общаться пресса спа прокомментировать решение досрочно прекратить сотрудничество даниэль риккардо признать быть грустно расставаться такой напарник ландо норрис понятно вели острый соперничество друг друг оба стремиться победа гонка хотеть подниматься подиум два год лёгкий назвать быть очень интересный даниэль прекрасно ладить всегда стараться помогать друг друг лично многое помочь сотрудничать один удовольствие хотя часто бывать напарник почти общаться друг друг очень много хороший воспоминание часто обмениваться шутка вместе смеяться сейчас конечно грустноватый подчёркивать насколько сложный формула насколько тяжело выступать высокий уровень относиться даниэль больший уважение уверенный карьера формула ещё продолжиться надеяться следующий год продолжить бороться трасса очень талантливый гонщик он многое научиться впереди второй часть сезон продолжить вместе работать завершить чемпионат можно хороший тот именно он ладиться какой трудность испытывать хороший весь спрашивать всегда делиться свой впечатление машина обсуждать друг друг ощущение испытывать руль один пилотировать машина трасса совсем другой дело просто конечный итог анализировать работа напарник мой дело прежде весь сосредоточить решение собственный задача всегда делать мой сила стараться добиться можно более высокий результат команда норрис спросить относиться тот прийтись взять себя роль лидер команда перейти такой молодой гонщик оскар пиастереть ответить мой новый напарник быть приятно работать тогда быть довольный стать пока знать готовый такой сотрудничество хотя конечно предстоять решать новый серьёзный задача гонщик быть молодой я испытать странноватый чувство словно старший опытный быть непривычно пока это думать полностью сосредоточить остаться гонка сезон,3,colloquial,Разговорный
свечник забить шестой раз сезон определённо хороший сезон нхл евгений конечно младший брат пока далековато жек очень радовать это регулярный сезон матч,3,colloquial,Разговорный
правильно выполнить сайда степ эффективный оружие единоборство это приём важно чувство момент заметка,3,colloquial,Разговорный
какой бенз заправлять сколько хватать полный бак,3,colloquial,Разговорный
итог первый день зимний тест motogp irta sepang жара дождь помочь побить рекорд круг алеш эспаргаро возглавить протокол первый день официальный тест motogp сезон год помочь участие шейкдаун вместе тест пилот остальной участник тест irta начать работа спешка новый абсолютный рекорд круг ожидаться завтра,3,colloquial,Разговорный
stephenson получить второй шанс использовать полный катушка нога легендарный кроссовок and tai chi очень приятный эксклюзивный версия born,3,colloquial,Разговорный
привет весь парень скрежет запуск бывать холодный горячий иногда нормально звук такой будто шестерня прокрутиться зацеп через раз зацепляться муфта выходить строй думать,3,colloquial,Разговорный
исполнять обязанность главное тренер астана главное тренер детский баскетбольный академия астана деянный парежанин покинуть клуб сербский специалист принять команда март после отставка главное тренер дарко руссо руководство тренер команда астана провести семь матч единый лига втб это парежанин работать молодёжь такой европейский клуб босния мег визура войводин благодарить деян парежанин вклад история астана желать успех достижение любой поставить цель будущее,3,colloquial,Разговорный
отзыв drive просто офигенный просто отчёт эксплуатация третий лето я спасать жара комар муха взгляд духота скорость сдувать магнит прежний держать хорошо фиксатор место один отвалиться ткань вытянуться выцвелый балконный зимний холодное хранение новый круть устанавливать лето стоянка пикник сесть чистый салон комар муха короче коллега шторка офигенно весь мир уют читать драйв акция скидка вспомниться причастный продукция компания очень удовлетворить работа рекомендовать автошторка трокот гарантия год заказать важно проверять качество товар перед отправка заказ вправе отказаться покупка течение день,3,colloquial,Разговорный
рывок селтикс второй тайм позволить преодолеть накал страсть выйти вперёд серия счёт одержать победа счёт игра,3,colloquial,Разговорный
напоминать сертификат мотопараплан год быть продажа июль включительно после что продажа сертификат быть закрытый доступный полёт факт сертификат параплан пока остаться продажа изменение цена полёт июль полёт параплан мина полёт мотопараплан мина прогулка мотопараплан мина июль включительно цена оставаться прежний купить сертификат никакой доплата потребоваться,3,colloquial,Разговорный
дарья касаткин обыграть екатерина александров выйти четвертьфинал турнир wta берлин,3,colloquial,Разговорный
поединок проф боевой искусство победа нокаут общий проф рекорд поражение решение судья поражение досрочно поражение нокаут алекс перейре завтра быть искра,3,colloquial,Разговорный
первый интервью мокаева дагестан молодой амбициозный боец ufc рассказать тренировка рустам хабиловый общение дана вайтом тот пойти гонорар тыс кроме тот мокай рассуждать измениться дагестан год разница менталитет дагестанец англичанин ребёнок быть расти родина таймкод измениться жизнь после дебют ufc кто приходиться работать начало карьера мма знакомство принц бахрейн дагестан год измениться борцовский тренировка школа динамо именно борьба мма олимпиада мокай нацелить стать самый молодой чемпион ufc дивизион скучный мокаев никто хотеть драться новый соперник чарльз джонсон соцсеть дагестан выглядеть намного плохой чем сам дело уровень экономика безработица реакция критика соцсеть тренировка khk мма режим рамадан переписка дана вайтом президент ufc сказать после дебют горячий поддержка англия руни джошуа трибуна потратить первый гонорар ufc измениться отношение англия после событие украина быть расти будущий ребёнок мокаева разница менталитет знакомство дружба тренировка рустам хабиловый совет хабиловый мотивировать трудиться выступать быть мысль поражение этот относиться кавказ каратель чёрный тигр расул мирзаесть греметь время совет молодёжь мокаева работа охрана честный труд,3,colloquial,Разговорный
сейчас пойти время гриб любитель это дело стать массово совершать набег лес поиск вооружиться ножичек сейчас конечно простой этот ваш интернет карта геолокация другой премудрость современный технология любитель собирать гриб гриб особо разбираться походить лес всегда такой себя минь походик сейчас выбираться равно брать себя компас разрядиться телефон связь магнитный поле земля потерять мало мочь случиться форс мажор никто отменять более дорога доступный изобрести компас китаец движение пустыня поздний модифицировать свой нужда мореплаватель умёт пользоваться компас,3,colloquial,Разговорный
локомотив поднять майка павлов свод домашний арена новосибирский локомотив перед сегодняшний матч лига чемпион итальянский чивитанов провести церемония чествование бывший игрок команда николай павлов майк номер поднять свод локомотив арена павлов отыграть локомотив восемь сезон прошлый сезон спортивный директор клуб диагональный помочь новосибирский клуб закрепиться число лидер российский волейбол завоевать первый история трофей кубок россия павлов стать mvp хороший нападать финал четыре николай выигрывать локомотив бронза чемпионат россия много год хороший бомбардир капитан команда состав сборная россия волейболист сыграть матч стать год чемпион европа победитель мировой лига ранее локомотив ввести клубный зал слава игрок функционер александр гаврилов игрок тренер евгений митьков тренер андрей воронков,3,colloquial,Разговорный
приехать альпинистский лагерь безенга сначала проводиться тренировочный сбор член сборная команда россия альпинизм скайраннинг рамка который программа жетон спасение гора лавинный безопасность затем июль чемпионат россия технический класс восхождение автор александр пятницин,3,colloquial,Разговорный
ракетка мир дарья касаткин россия оказаться сильный пятый теннисистка рейтинг wta мария саккарий греция второй раунд турнир open матч продолжаться час минута следующий стадия соревнование мадрид летний теннисистка сразиться испанка сара соррибес тормо японка наоми осака,3,colloquial,Разговорный
звёздный форвард бакс яннис адетокумбо сделать триплый дабла победный матч уорриорз счёт действовать mvp финальный серия очко подбор передача,3,colloquial,Разговорный
напоминать стрим пройти сегодня июнь москва команда быть играть настольный ролевый дюна твич дюна приключение империя настольный ролевый игра основный компонент являться фантазия игрок следить создавать история направлять нужный русло управлять игровой мир должный отдельный игрок становиться ведущий rpg нри,3,colloquial,Разговорный
хабиб просыпаться весь несколько бой написать коммент ради какой бой вставать утром,3,colloquial,Разговорный
молодой найти разговаривать сейчас два дать судья осадить радулов,3,colloquial,Разговорный
open возвращаться легендарный чемпионат мобильный киберспорт вновь открывать регистрация турнир дисциплина pubg brawl stars участие понадобиться быстрый интернет звать друг регистрироваться чемпионат сентябрь участие приглашаться финал смочь сразиться абонент побеждать скорость мобильный интернет,3,colloquial,Разговорный
канада впервые год казаться нефутбольный страна подняться дно год футбол канада рейтинг,3,colloquial,Разговорный
фотоальбом денис горностаев этап суперлига уфа,3,colloquial,Разговорный
wec iwsc порше накатать спа новый фото прилагаться,3,colloquial,Разговорный
aztek сверхлёгкий сверхудобный дек aztek эволюция популярный модель хороший вариант любитель универсальный катание хотеть скольжение крутилка идти одинаково легко подумать приобретение идти два цвета размер угол наклон стакан вес весь цена зависимость размер,3,colloquial,Разговорный
весь бег лёгкий нога друг бег спорт зож легкаяатлетик марафонец,3,colloquial,Разговорный
аннасемёнович вячеславразбегаев алексеймакар павелколобок вячеславманучаров вадимколган поздравлять день рождение анна семёнович,3,colloquial,Разговорный
норвежский биатлонист ветла шостадо кристиансный стурла хольм лагрейд прокомментировать новость тот олимпиада пекин спортсмен мочь грозить наказание поведение речь противоречить олимпийский дух китайский закон правило нравиться ограничивать быть говорить я сердце независимо закон правило страна сказать кристиансный нужно просто критиковать режим быть высказывать много критика учитывать сказать мочь наказать должный поехать туда гость возможно оглянуться назад выступить критика основать наш опыт быть ничего критиковать прежде чем поехать туда отметить лагрейд,3,colloquial,Разговорный
стоить игнорировать происходить паниковать смысл позволить себя минута пара час слабость снова начать действовать действовать мочь твой сила самый трудный время показывать человеческий качество близкий твой окружение тут главное готовый самый работать фраза я значит задавать вопрос хороший мочь сделать мой сила,3,colloquial,Разговорный
эрик тен хаг сделать вернуть манчестер юнайтед туда должный находиться,3,colloquial,Разговорный
сирил ган рассказать спарринг фрэнсис нганна запись который появиться сеть незадолго титульный поединок француз деррик льюис показать видео чистый правда собираться врать лёгкий спарринг место удаться себя проявить быть момент выглядеть хороший равный спарринг каждый быть удачный момент нельзя сказать превзойти я явно хороший согласный конкретно это видео выглядеть неплохо спарринговать понять какой боец слишком техничный видно запись начинать работать техника брать верх включать свой мощь разрушительный поток мочь сказать почувствовать себя ударный мощь никогда встречать никто более мощный чем думать сегодняшний день бокс мма никто более мощный чем фрэнсис нганна,3,colloquial,Разговорный
лето детство настолочь честь всемирный день ребёнок начислять два раз большой бонус детский настольный игра заказывать игра двойной бонус ссылка акция продлиться июнь включительно,3,colloquial,Разговорный
качество превыше количество нужно специальный спортивный оборудование ваш тело позитивный настрой давать сделать схема секунда каждый ход круг секунда отдых бег спорт фитнес кардио тренировка тренек,3,colloquial,Разговорный
ракетка мир каролина плишкова чехия счёт уступить американка аманда анисимов занимать позиция классификация wta второй круг турнир встреча продлиться час минута плишкова сохранять лидерство очный противостояние следующий соперница анисимов соревнование сан хосе стать соотечественница шелбить роджерс гречанка мария саккарий,3,colloquial,Разговорный
русад четыре раз проверять большунов допинг первый пять месяц год согласно документ оказаться распоряжение матч период январь май год российский антидопинговый агентство проверить допинг российский лыжник осуществить процедура допинг контроль андрей ларёк екатерина смирнов возглавить список самый часто проверять спортсмен пять проверка александр большунов проверить четырежды наталья непряева трижды сестра дарья дважды матч,3,colloquial,Разговорный
макс ферстаппный забирать третий место гран монако чёкий перес победа,3,colloquial,Разговорный
весь привет прекращать попытка научиться кататься мтб очень кайфовать это приятный просмотр,3,colloquial,Разговорный
организация прекращать сотрудничество открыть контракт,3,colloquial,Разговорный
онлайн андердог обыгрывать navi лан проходить legends команда никогда сдаваться,3,colloquial,Разговорный
онлайн отображаться приложение автоспорт установить пожалуйста флагманский приложение перейти сайт браузер,3,colloquial,Разговорный
сезон заканчиваться покататься горнолыжный склон беда,3,colloquial,Разговорный
традиционный любимый старт казанский национальный полумарафон спустя год смочь снова преодолеть этот дистанция хотеться надеяться нибыть перестать преодолевать начать бегать расслабон знать это нужно мария татаринов делисьбегом казанскийполумарафон полумарафон,3,colloquial,Разговорный
четырёхкратный олимпийский чемпионка норвежка тереза йохауга заявить норвежский лыжный ассоциация советовать объявлять сми результат допинг проба перед старт сезон йохауга октябрь год собрать специальный пресс конференция который объявить положительный результат допинг проба лыжница организм обнаружить анаболический стероид клостебол впоследствии спортсменка дисквалифицировать месяц пропустить олимпийский игра пхенчхан норвежский федерация перед старт сезон организовывать мероприятие участие сборный команда страна рассчитывать участие йохауга спортсменка отмечать мочь себя позволить говорить план сезон знать допинг проба йохауга хотеть рассказать сми свой сторона произойти бояться утечка информация мочь сидеть делать вид ничего произойти говорить свой цель предстоящий сезон тогда федерация предложить придумать объяснение я быть посоветовать сказать плохо себя чувствовать заболеть труд мочь поверить услышать неужели норвежский лыжный ассоциация предложить ничего рассказывать сми нарушить план должный появляться лгать я неужели забыть дело сундбь неужели понимать мой репутация полностью зависеть тот насколько быть надёжный честный говориться книга история фрагмент который приводить актив йохауга золотой медаль чемпионат мир три победа общий зачёт кубок мир,3,colloquial,Разговорный
минуточка реклама волна старое фонарь пятиминутка красота лента интернет часто встречать роспись модель подписать пример художественный покрас таковой являться такой случай очень хватать модель вроде тот красить nakatan workshop дабы наглядно продемонстрировать отличие игровой покрас художественный конкретно это случай можно говорить живопись миниатюра кроме тот группа выкладываться процесс роспись лепка модель автор прочь ответить интересовать вопрос касательно работа сам себя желание приобрести подобный работа заказать можно обращаться мельников другой пример работа можно оценить тут,3,colloquial,Разговорный
шоу чемпион лёд москва полный запись,3,colloquial,Разговорный
подписываться сообщество hub принимать участие ретроприключение наслаждаться качественный контент любимый игра детство получить возможность залутать топовый приз реклама,3,colloquial,Разговорный
пархая бабочка жаль пчела новак джокович уверенно переиграть грек стефaнос циципас возглавить красный группа,3,colloquial,Разговорный
бегун делиться два тип один просто любить бег другой стремиться определённый спортивный результат относить себя второй тип статья раз человек этот группа правило свой процесс подготовка использовать перекрёстный силовой тренировка помогать стать сильный здоровый поддерживать высокий уровень работоспособность касаться бегун заниматься исключительно бегом более склонный получение травма увеличение километраж достижение расти быстро некоторый считать силовой упражнение привести набор масса последующий замедление скоростной характеристика сам дело силовой тренировка направить развитие беговой качество являться один самый эффективный элемент тренировочный процесс хороший бегун обязательно тренироваться бодибилдер пауэрлифтёр получить результат придерживаться несколько важный правило смочь стать сильный быстрый укрепление бедро ягодица самый эффективный способ укрепить нога избежать травма чем сильный становиться мышца более эластичный упругий быть ваш тело время бег постоянный удар возникать соприкосновение нога поверхность большой быть сильно утомлять кроме тот силовой тренировка помочь снизить влияние былой травма более развитой мышца частично снимать нагрузка кость сустав часто позволять устранить источник многий распространить запустить травма например пателлофеморальный синдром известный колено бегун мочь вызвать дисфункция бедро узкий слабый бедро неправильно перераспределять нагрузка приводить травма колено ещё польза силовой тренировка периодически использовать свой подготовка возможность значительно укрепить мышца кора особенно важно продолжительный бег сильный пресс выглядеть красиво способствовать улучшение осанка протяжение весь день время бег силовой тренировка спорт бег зож атлет наспорт фитнес гантель мотивация,3,colloquial,Разговорный
зимний время год актуально вспомнить простой действенный правило рекомендоваться соблюдать зимний пробежка нередко холодное зима пробежка становиться настоящий испытание сильный ветер мороз скользкий дорога уберечься травма получить максимальный польза радость зимний бег алексей соколов действовать рекордсмен россия марафонский бег дублин год давать следующий совет выбирать трасса хороший сцепление теплотрасса утоптать снег манеж хороший бегать слишком много человек душный пыльно уличный бег одновременно тренировка происходить закалка организм выбор экипировка учитывать два правило должный слишком холодно после начало пробежка должный стать слишком жарко хороший одеться выход улица ощущать прохлада рекомендоваться использовать слой экипировка влаговпитывать майк термобельё ветрозащитный куртка такой правило действовать выбор экипировка нога недомогание начинаться кашель насморк хороший воздержаться зимний пробежка день бегать дать организм восстановиться желать крепкий здоровье отличный результат зимний период друг,3,colloquial,Разговорный
джессика пегул поаздновать выход четвертьфинал турнир мадрид,3,colloquial,Разговорный
командный чемпионат россия спидвейкчр scvostok башкирия октябрьский восток владивосток видеосюжет гонка,3,colloquial,Разговорный
обводить дата календарь октябрь сента луис открыть сезон дом игра коламбус нхл опубликовать календарь сезон согласно который блюзмена игра провести чикаго колорадо миннесотый нэшвилл виннипег даллас аризона команда тихоокеанский дивизион ещё встреча против команда восточный конференция,3,colloquial,Разговорный
девчонка напоминать сезон международный женский хаба фейсит стартовать ещё мочь зарегистрироваться выиграть фейсит поинта плюс поиграть девчонка европа получить дополнительный опыт инструкция тот туда попасть картинка парень альтернатива наш dark пока фейсит поинт перспектива быть,3,colloquial,Разговорный
сувенир стильный спортивный ваш надпись фото качество высота любой дизайн доставка выбирать сувенирный перчатка груша чётки портмоне кимоно многое другой наш группа дом спорт персональный расчёт стоимость подготовка макет сообщение подарочный набор стильный упаковка подписываться,3,colloquial,Разговорный
обсудить итог вчерашний дерби легенда российский тренерский цех валерий непомнить,3,colloquial,Разговорный
новый ночной тусовка ночной тусовка пройти больший успех предлагать расходиться октябрь пройти ещё один ночной halloween покупать билет тусовка открыться много классный знакомство полный погружение жуткий история конкурс приз топовый музыка цена вход человек рубль девушка скидка предварительный запись разыгрывать бесплатный вход ночной тусовка условие ниже подписка батут парк ангар репост дать запись результат розыгрыш октябрь репост должный сделать октябрь запись телефон сообщение группа участник прошлый ночной тусовка получать скидка количество место ограничить ангар иркутск ангар интересный просто тренироваться иркутск досуг спорт экстрим паркур посмотреть изображение,3,colloquial,Разговорный
wtcr старт сезон предполагаться чехия трасса мост отменный первый этап принять городской трасса франция причина отмена объявить конфликт украина совершить глупый отмазка сми очевидный сам дело какой экономический сложность вынуждать чешский правительство поступать совершенно страх чешский нациковы перед возмездие снести памятник советский война освободитель интернационалист налепить памятный доска русский нацик роа сделать великий индустриальный литературный чехословакия родина ярослав гашек европейский столица порнобизнес собирать эксплуатировать девчонка нищий район европа касаться сам трек очень подходить гонка туринг наш сердце милый словацкий кольцо братислава мировой туринг давно трасса имола молчать британский трек замена мост какой нибыть зандворт особо грустить стать общий достаточно трек гонщик автомобиль tcr полный мощь смочь продемонстрировать страстно любим туринг,3,colloquial,Разговорный
кранс монтана стартовать очередной ауди найнс подвезти топовый контент моффатт холл билоуз форхэнд наклепать трюк очередной креативный спот,3,colloquial,Разговорный
набить киллов юспа написать комментарий какой пистолет большой весь набивать килла,3,colloquial,Разговорный
сауля купить себя новый дорогущий авто ничего сказать мочь себя позволить,3,colloquial,Разговорный
внимание поиск классный человек фотограф видеограф бейсджампер хайлайнер парапланерист репост приветствоваться конец это месяц снова ехать кавказ покорять самый огромный прекрасный скала экспедиция пройти поддержка кабардино балкария год наш любимый регион северный кавказ исполниться год день образование огромный красивый число попасть место несколько год назад открыть себя шкатулка драгоценность никто думать быть настолько красиво душевно исходить сотня троп излазить куча скальный массив перепробовать весь местный еда вино познакомиться местный гостеприимство обрести прекрасный друг теперь каждый год хотеться возвращаться снова снова рассказывать показывать весь покорить наш сердце природа культура человек разыскивать классный видеограф фотограф этот экспедиция план снять небольшой фильм через экстремальный вид спорт показываться красота регион особенность хотеть включить фильм несколько другой экшн вид спорт кроме роупджампинг хайлайна бейсджампинг параплан поиск спортсмен подробность сообщение быть больший недельный экспедиция два невероятный объект множество сложность дурной погода километр верёвка тонна оборудование испытание новый завеский решение логистический конструктивный задача конечно мощный командный работа ожидание,3,colloquial,Разговорный
подписать контракт кнаком после отличный сезон испанский лига аргентинец пабло кукарцев год столкнуться новый вызов свой карьера сезон аргентинец быть носить майка кнака руеселарь большой усиление бельгийский команда кукарцев показать потрясать статистика сезон играть альмерия хороший бомбардир балл хороший подавать эйсова место рейтинг хороший блокировать блок хороший диагональный лига чемпион лига хороший игрок финал просто mvp последний финал испания mvp чемпион сезон дважды подряд разный команда напомнить пабло пока играть испания россия франция аргентина бельгия следующий станция сайт товар волейбол волейбольный чат вконтакте канал клуб поддержать сообщество волейбол пляжныйволейбол пляжка волейболновость волейболроссия держимячвигра первоисточник волейбол,3,colloquial,Разговорный
какой год valorant хороший набор скин valorant damask,3,colloquial,Разговорный
президент россия владимир путин подписать указ упразднение ростуризм функция быть выполнять минэкономики указ вступить сила минэкономики получить полномочие реализация политика нормативный правовой регулирование сфера туризм оказание госуслуга управление государственный имущество министерство быть осуществлять госконтроль деятельность организация вести классификация гостиница горнолыжный трасса пляж деятельность туроператор объединение правительство должный определить новый численность чиновник минэкономики учёт передача ведомство новый полномочие решение президент позволить повысить эффективность реализация национальный проект туризм индустрия гостеприимство который участвовать федеральный ведомство регион страна бизнес сообщество прокомментировать указ президент минэкономики федеральный агентство туризм ростуризм создать ноябрь год ведомство подчиняться напрямую правительство год ростуризм возглавлять зарина догузов,3,colloquial,Разговорный
весь привет иметь дело задний втулка novatec смысл менять пружинка собачка сделать втулка громкий какой ресурс промовый она,3,colloquial,Разговорный
восемь день остаться завершение кампания предзаказ вторжение клан помощь это набор можно расширить игровой возможность базовый игра начать погружение мир набор открывать доступ новый могущественный фракция мех предлагать принять участие конфликт галактический масштаб сотрясти мир внутренний сфера набор входить пять миниатюра культовый омнимех эддёр монгреть новый экзекутор тимбер вулф напомнить классика варгейм летсплей канал твой игровой гордо поднять знамя робот идти бой полный решимость приумножить сила слава свой фракция базовый игра смотреть битва галактика начинаться здесь обзор видео,3,colloquial,Разговорный
чудесатый чудесатый игра появиться версия страна чудо нибыть знать правило обязательно постоянно быть меняться время игра мочь хороший семейный игра чем простой правило увлекательный игровой процесс вместе любимый герой алиса цена руб какой персонаж алиса нравиться большой весь,3,colloquial,Разговорный
топ atp травяной корт год очко берреттини очко хуркач очко медведев,3,colloquial,Разговорный
шоу исан гевар денис онж чемпион moto доказать превосходство валенсия просто великолепный начало гоночный день решающий уикенд чемпионат мир мото гран год гонка гран валенсия класс moto настоящий гоночный шоу который исан гевар gasgas aspar team молодой турок деннис онж ktm спорить победа старт финишный линия результат гонка краткий обзор гпваленсия мото,3,colloquial,Разговорный
хотеть провести домашний гонка motogp саттелита ktm грясти очередной замена оба пилот ktm рауль фернандес реми гарднер финишировать домашний гонка команда франция перед начало уикенд motogp мане появиться много слух тот оба новобранец королевский класс мочь последовать путь икер лекуон данило петруччи выход,3,colloquial,Разговорный
друг ловить фоточка недавний джема провести пермь видео завтра,3,colloquial,Разговорный
аленичев верить спартак приехать матч экс футболист тренер спартак дмитрий аленичев разговор высказаться ожидание матч суперкубок надеяться матч суперкубок быть такой исход игра ветеран хотеться противоположный результат шанс верить спартак этот игра обязательно быть стадион вместе свой друг смущать я абаскалить должность главное тренер дать человек время поработать сказать аленичев,3,colloquial,Разговорный
наступить большой перерыв положение команда заморозить март,3,colloquial,Разговорный
прощальный турнир федерер особенный уникальный момент делать корт предел невероятно очень уважать очевидный корт прежде весь соперник профессионал хотеть выиграть матч вечер соперничество отойти второй план можно прожить один раз жизнь спасибо роджер сделать наш спорт надалем наш соперничество ещё живо момент прощание ещё наступить он я надеяться однажды смочь уйти роджер отличный время видеть федерер прощаться теннис думать свой уход спорт ещё думать завершение карьера время кубок лэйвера основное думать тот победить соперник корт надеяться момент прийтись завершить карьера наступить можно поздний чувствовать себя хорошо корт недавно снова выиграть турнир большой шлем время думать выход пенсия,3,colloquial,Разговорный
хачан быть помогать медведев стать первый ракетка мир карен хачан обыграть алекс минаур три сет далее сыграть против новак джокович,3,colloquial,Разговорный
wada призвать заново открыть допинговый дело российский спортсмен разный вид спорт после отстранение гребец дьяченко липкина всемирный антидопинговый агентство wada призвать заново открыть допинговый дело российский спортсмен после дисквалификация гребец александр дьяченко николай липкина wada передать дать дьяченко липкина московский антидопинговый лаборатория международный федерация гребля байдарка каноэ федерация найти этот данные доказательство тот дьяченко липкина принимать допинг wada обжаловать решение спортивный арбитражный суд cas суд признать спортсмен виновный дисквалифицировать wada считать многие международный спортивный федерация стать должный образ рассматривать дело россиянин нужно открыть снова пересмотреть учёт последний решение cas создать прецедент дело гребец быть такой доказательство другой дело нужно разобраться сказать генеральный директор wada оливье ниггнуть,3,colloquial,Разговорный
правило navi должный быть играть плей офф заявить турнир,3,colloquial,Разговорный
играть турнир повод выкладывать качественный игра фейсыта себя канал,3,colloquial,Разговорный
июль отмечаться всемирный день рейнджер выбрать свой рейнджер рпл,3,colloquial,Разговорный
подарок организатор атлет rzd доставить детский коррекционный дом номер город суздаль кроме тот подарок наслать свой получатель погост быковый несколько год наш атлет встречать юный местный житель поливать спортсмен вода предоставлять питьевой вода весь душа благодарить поддерживать атлет трасса очень ценный,3,colloquial,Разговорный
эталонный техника прыжок два нога техника весь голова прыгать технично прыгать максимально легко высокий кпд безопасно закрепить навык смочь раскрыть потенциал хотеть через неделя прыгать легко красиво через месяц дойти свой заветный прыжок прямо сейчас писать записываться мой авторский курс конец этот неделя ждать приятный бонус,3,colloquial,Разговорный
лада победить звезда свой первый матч турнир память моисеев казань лада встречаться столичный звезда первый период москвич забросить два шайба после перерыв характер игра измениться тольяттинец приняться наказывать москвич удаление трижды реализовать большинство концовка установить окончательный счёт победа лад август звезда москва лада лада трушковый глухов петриков варнак чернов мокина медведев тришина ивашов аноховский митрофанов усманов бобряшов червоненко бодров грошев патрикеев шикун роман железнов щеголёк стешенко шайба забросить гренц косоренков назаревич гренц назаревич прохоров бол чернов варнак глухов мокина петриков бол аноховский митрофанов бол мокина петриков глухов бол котков гренц назаревич бол митрофанов аноховский штраф бросок вбрасывание,3,colloquial,Разговорный
каждый неделя приближаться тот уровень который хотеть достигнуть мадрид несмотря проигрыш полуфинал думать показать хороший уровень теннис после три часовой матч полуфинал физически чувствовать себя,3,colloquial,Разговорный
владелец пётр слон начать скамить человек вчера пётр слон продать группа передать владелец после сказать вернуть деньга покупатель прислать,3,colloquial,Разговорный
сейчас начать петь гимн величие современный игрок наромнить действительно великий марио лемье сезон получить харт арт росс набрать очко матч тот четверть чемпионат около месяц пропустить проходить терапия против онокологический заболевание,3,colloquial,Разговорный
сегодня мельбурн the age ждать почти официальный факт остаться новак приехать,3,colloquial,Разговорный
ребята помочь пожалуйста год начаться масложор маслосъёмный колпачок менять помочь знать делать,3,colloquial,Разговорный
российский теннисистка ракетка мир екатерина александров второй раунд турнир grand уступить эстонка анетта контавейт занимать шестой место рейтинг wta далее контавейт сыграть белоруска арина соболенко,3,colloquial,Разговорный
похвалиться свой игра показать фотография домашний коллекция рассказать свой игра попросить совет ответить вопрос отзываться негативно чужой игра настолокмногонебывать,3,colloquial,Разговорный
полуфинал турнир wta марбельё тамара корпач осеаня доден титул сыграть майар шериф,3,colloquial,Разговорный
news lamppost next week вроде много навалить сегодняшний некствика вроде ничего,3,colloquial,Разговорный
смотреть матч уизардс обсуждать игра наш беседа,3,colloquial,Разговорный
пётр ильяс хамзина николай коваленко прилететь сочи турнир ас поддержать одноклубник олег оленичев павел гордеев,3,colloquial,Разговорный
легендарный финал мажор бостон многие забыть пользователь твиттер никак протяжение более месяц каждый день выкладывать твит одинаковый текст faze отдать победа счёт eleague major бостон январь принести северный америка первый крупный победа,3,colloquial,Разговорный
редкий renegade бесплатно аренда месяц подключать тариф игровой вместе тязать забирать постоянный премиум аккаунт эксклюзивный raac аренда скидка выкуп техника после аренда,3,colloquial,Разговорный
трэй янг матч хьюстон атланта очко подбор передача перехват блок игровой время,3,colloquial,Разговорный
группа поддержка шведский гонщик трибуна,3,colloquial,Разговорный
остановиться кировск запланировать отдых легко определиться место проживание время отдых тяжёлый сейчас рассказать хороший место проживание кировск апатит гостиница северный комфортный размещение центр город большой выбор категория номер spa зона фитнес зал нужно ваш отдых глк большой вудъявр аэропорт вокзал оздоровительный комплекс тирвас санаторий располагаться среди гора живописный природа хибины можно насладиться прямо территория здесь большой выбор лечебный процедура панорамный бассейн два корпус различный категория номер фитнес зал детский комната собственный трансфер который можно добраться город центр кировск глк большой вудъявр аэропорт возкал отдых лесной идеальный вариант тот приезжать отдыхать компания база отдых категория дом возможность размещение человек дом лесной находиться недалеко город апатит берег озеро имандра территория база располагаться живописный хвойный лес здесь спортивный детский площадка детский горка зимний период время отдельный сауна бассейн центр апатитовый глк большой вудъявр аэропорт возкал планировать отдых заранее выгодный цена,3,colloquial,Разговорный
даниил самсон произвольный программа этап гран россия,3,colloquial,Разговорный
извинить второй карта такой эмоция,3,colloquial,Разговорный
news lamppost warhammer продолжать баловаться сила хаос данный момент небольшой фак кодекс хаос рыцарь поменять формулировка немного изменить цена жить,3,colloquial,Разговорный
причина забронировать участие этап турнир пляжный волейбол гран комуса крупный любительский турнир размер призовой фонд каждый этап разный город самара казань спб москва призовой фонд рубль команда занять место любой этап сразиться финал грандиозный призовой фонд рубль приниматься заявка игрок любой уровень мастерство год уплата налог выигрыш брать себя верно оформить перечислимый госорган налог выигрыш вычитаться забронировать сегодня участие этап турнир апрель пройти москва,3,colloquial,Разговорный
даниил медведев пробиться полуфинал western southern open четвертьфинальный поединок мастёрса цинциннать россиянин даниил медведев сломить сопротивление американец тэйлор фриц обыграть два сет час минута камоооон,3,colloquial,Разговорный
каспер рууд трибуна время победа рафаэль надаля ролан гарроса год,3,colloquial,Разговорный
ваш внимание статья сегодняшний правда сказать великий событие,3,colloquial,Разговорный
александр звереть официально сняться мастёрса монреаль продолжать восстанавливаться после травма голеностоп который получить полуфинал ролан гарроса восстановление проходить хорошо саша ещё надеяться сыграть open пока рано говорить выступить сша более реалистичный выглядеть возвращение кубок дэвис гамбург сентябрь надеяться быть готовый ранний сообщить представитель теннисист,3,colloquial,Разговорный
забыть завести будильник завтра начинаться прекрасный трёхдневный рабочий неделя подготовить этот непростой трудовой подвиг предлагать начинать несложный задача например разобраться быть сформировать лига турнир казань июнь участник турнир гандикап образовать лига участник турнир гандикап результат жеребьёвка распределяться группа команда каждый команда занять место группа формировать лига место лига игра лига быть играться система два поражение определение первый место лига дополнительно разыграть место,3,colloquial,Разговорный
желать видеть свой реклама здесь писать спорт зож спортивный девушка бодибилдинг силовой упражнение легкоатлет красавчик скейтереть риска танец экстремальный похудение голод фитнес дом пилатёс похудение ленивый диета дневник сыроеда худеть футбол реал мадрид футболист mma news список ещё наш группа контакт админ,3,colloquial,Разговорный
рассказать стрим скоро быть турнир разработчик выход lan стадия,3,colloquial,Разговорный
вильям галласа салиб должный готовый тот быть сидеть запас вернуться артета изменить схема вильям должный понимать готовый иначе стоить возвращаться арсенал быть сложно,3,colloquial,Разговорный
прекрасный подписчица поздравлять март желать большой улыбка маленький разочарование море счастие любовь достижение поставить цель исполнение желание пусть отражение зеркало всегда быть счастливый улыбчивый девушка,3,colloquial,Разговорный
страница казань комуса fest обновиться список участник турнир гандикап весь игрок начислить гандикап проверить судейский коллегия согласно регламент прокрутить страница вниз раздел документ увидеть список форма оспаривание начислить гандикап свой чужое заявка корректировка гандикап приниматься июнь год москва,3,colloquial,Разговорный
скоро выходной значит наш группа продолжать ездить город наш область этот пятница отправляться город торжок сбор место время встреча объявить чуть поздний намечаться что давно ждать хотеть просить весь информация мочь обратиться стекольник юдов,3,colloquial,Разговорный
долгий время сообщество дот гулять теория заговор psg шат каждый инт сценарий хороший история яркий форс мажор привлечь большой внимание чем камбэк минута двадцатый давать представимый себя сценарист вообразимый какой исход событие заинтересовать зритель,3,colloquial,Разговорный
чемпионат мир завершиться групповой этап хороший команда группа выйти групповой этап который разыграть путёвка плей офф чемпионат мир групповой этап болгария казахстан болгария василев димитров пасков мариновый казахстан никитин белов михайлов смирнов бразилия китай бразилия тайнар габи карола гаттас китай инина юань синьюэ гун сяневать ван юньл доминиканский республика таиланд доминиканский республика гоназалеса крус мартинес таиланд айчарапорн пимпичаять татдао германия канада германия альсмайер ортманна вайтцель канада грэй ван рийк хоу пуэртый рико кения пуэртый рико аберкромбить окасио инрайт кения олуочий мукувиланя кипроно корея хорватия корея пак чжон сон хван мина кен хорватия фабрис бутиган шамадан колумбия чехия колумбия конео сеговия олайя чехия орвошов млейнкова коссаньев сша сербия сша беджема дрюс вашингтон сербия бошкович стеванович лозо польша турция польша стысякнуть ружаньски корнелюк турция эбрар эда ханда бельгия камерун бельгия янсенс эрботс лемменс камерун адиан бикатать пиата япония аргентина япония исикава иноуэ хаясь аргентина куньо эррер фарриол нидерланды италия нидерланды далдероп бейс плак лохейс италия эгон петриня босетти данезти итоговый положение команда груповый этап группа италия бельгия нидерланды пуэртый рико кения камерун группа турция таиланд доминиканский республика польша корея хорватия группа сербия сша канада германия болгария казахстан группа китай япония бразилия аргентина чехия колумбия груповый этап играть группа италия китай бельгия япония бразилия нидерланды пуэртый рико аргентина группа сербия сша турция таиланд доминиканский республика польша канада германия груповый этап учитываться очки набрать команда этап хороший команда группа выйти плей офф болгария чехия кения корея колумбия хорватия казахстан камерун закончить выступление чемпионат мир,3,colloquial,Разговорный
абсолютно каждый продукт gsb group формировать незабываемый ощущение полный комфорт наслаждение управление ваш мотоцикл скутер мотовездеход каждый новый продукт чуточку превосходить сам себя более чем летний развитие gsb group стать сильный конкурентоспособный компания производство экипировка активный отдых хороший год год приоритетный задача наш компания который неукоснительно выполнять gsb group делать необходимый тот продукция gsb отвечать самый высокий стандарт безопасность именно европейский ece американский dot более тот gsb group аккредитовать система управление качество iso британский компания ukas начинать год gsb group сотрудничать итальянский дизайнерско конструкторский бюро марио стареззь starezzi позволить добавить линейка производство шлем новый форма оригинальный дизайн продукция gsb group появиться россия конец год сегодняшний день дилерский сеть официальный представительство gsb россия насчитывать более салон количество ценитель качественный экипировка активный отдых gsb group постоянно расти наш сайт интернет магазин оформить заказ телефон,3,colloquial,Разговорный
the karate kata боевой применение кат форма карате один самый захватывать сожаление неправильно понять аспект практика карате книга иэн абернети бункай дзюца практический применение каратэ кат анализ кат каратэ применение реальный бой предоставлять читатель информация необходимый тот раскрыть секрет кат начать заниматься карате закончить реалистичный боевой искусство какой оно задумать предоставить игорь дубынин,3,colloquial,Разговорный
март алексей ягудин отмечать день рождение исполниться поздравлять,3,colloquial,Разговорный
реал единственный команда обыграть севилья гость,3,colloquial,Разговорный
the родиться год бордшорты the стать самый первый мир настоящий бордшорты компания стать родоначальник продукт который тысяча сёрфер весь мир мочь представить свой жизнь модель девушка бордшорты плотный необработанный хлопок двойной застёжка талия конечно остальной модель коллекция the легендарный боков вставка протестировать наш команда суша море протяжение многий год выигрывать мировой титул нарушать правило вдохновлять райдер комьюнити выбирать бордшорты вперёд спот творить твой история,3,colloquial,Разговорный
баскетбольный площадка внутри карстовый пещера гуйчжоу китай,3,colloquial,Разговорный
санкт петербург контест питерский jam этот пятница организатор питерский щит поддержка fellaz место площадь искусство дата время,3,colloquial,Разговорный
пятничный новинка продажа компактный игра дедукция сказка кулинарный книга dragons сказка небольшой быстрый настолк который игрок вместе должный отыскать один персонаж среди герой всемирно известный сказка чем похожий друг друг отличаться сильно среди играть один знать кто именно нужно найти мочь сказать это игрок напрямую игра совместимый страшилка другой набор пир герой позволить исследовать подземелье побеждать дракон сытый желудок это официальный кулинарный путеводитель описать рецепт разный игровой раса гном драконорожденный тематический фотография всевозможный эли эликсир например отложить огненный шар кроме тот пир герой совет готовка описание четыре знаменитый таверна забытый королевство книга пригодиться справочник мир игра новинка,3,colloquial,Разговорный
итальянский суперлига тур луб чивитанов перуджа комментарий николай иванов начало мск поддержать трансляция твой сообщение трансляция карта сбербанк карта втб карта тинькофф перевод карта сбп,3,colloquial,Разговорный
сергей рябухин показывать играть красочный поляна карточный настолочь про естествоиспытатель путешествовать поиск дикий животное птица растение запоминаться иллюстрация единственный достоинство игра кроме поляна мочь похвастаться завязать комбинаторика механик необычный конверт карта открываться определённый условие например после посещение национальный парк первый день весна обзор поляна,3,colloquial,Разговорный
добрый утро солдат принимать участие наш раздача победитель получить любой наш худак выбор принять участие можно обратить внимание пост закрепа,3,colloquial,Разговорный
открыться новый магазин games раз новый точка открыться восьмой численность город россия крупный промышленный центр самара новый портал мир настолочь располагаться проспект ленин магазин работать выходной телефон подписываться группа магазин самара нужный магазин ваш город этот можно помочь поделиться ссылка наш франшизный программа роялти паушальный взнос открытие,3,colloquial,Разговорный
шарлотта выставить квалификационный предложение форвард майлз бриджес миллион доллар сезон такой образ игрок стать ограниченно свободный агент клуб смочь повторить любой предложение рынок бриджес претендовать подписание максимальный контракт прошлый сезон набирать среднее очко подбор передача матч ранее президент баскетбольный операция хорнетс митч капчак заявить команда планировать сохранить игрок наш комментарий очевидный шарлотта конец верить бриджес кинуть максималка произойти быть матчить вариант быть ломать млн,3,colloquial,Разговорный
весь привет подсказать какой шаг резьба рычаг тормоз болт найти мочь цилиндр жать шаг маленький,3,colloquial,Разговорный
второй часть описание локация кровавый королевство моргау союзник захотеть провести кампания сюжетный арка стиль готический ужас равенлофт плоский мир мидгарда давать такой возможность ещё заменять тёмный эльф империя упырь мрак большой сгущаться надежда спасение угасать хватить сила ваш герой утратить совсем победить надвигаться тьма,3,colloquial,Разговорный
этот неделя сараево открыть граффити изображение михаэль шумахер память гуманитарный помощь который семикратный чемпион оказать босния герцеговина время война год дважды приезжать сараево качество специальный посол юнеско участвовать сбор деньга лечение ребёнок пострадать обстрел мина финансировать восстановление дом время после боснийский война память это группа художник ведраный поричанин эмир музич рияда хадзич беньямина ченгич нарисовать граффити размер метр один дом восстановить средство гонщик проект реализовать совместно институт гёте босния герцеговина беньямина ченгич михаэль шумахер один тот кто хотеть поблагодарить гражданин сараево граффити немногий мочь сделать благодарность помощь время война попытка поддержать семья столь долгий трудный период детство восхищаться михаэль маленький отец смотреть гонка участие больший интерес следить выступление время знать имя другой гонщик,3,colloquial,Разговорный
ислам махачёв знать перевести мочь финишировать топовый российский легковес ufc ислам махачёв уверенный заставить сдаться первый номер рейтинг чарльз оливейру поединок вакантный титул быть организовать парень который побить ударник сказать махачёв интервью espn порье чендлера хороший ударка ронять никто пойти он грэпплинг удерживать знать создавать трудность всегда сдаваться побороть вымотать сдаться делать раз ufc точно такой прежде прийти поставить тяжёлый положение сдаться сто процент ронять чендлера никто подержать устать последний бой джастин почти финишировать уронить дать подняться обратно стойка гэтж использовать рука пытаться попасть сильный удар устать через минута бояться грэпплинг переживать счёт бороться хороший грэпплера мир весь жизнь бороться хабиб дело грэпплинг знать перевести мочь финишировать говорить грэпплинг сильный аспект именно здесь финишировать ранее президент ufc допустить чарльз оливейра ислам махачёв мочь разыграть себя вакантный титул потерять бразилец уложиться вес перед недавний поединок джастин гэтж,3,colloquial,Разговорный
motogp шеф команда пол эспаргаро марк маркес рассказать работа repsol два выдающийся гоночный инженер работать вместе выдающийся гонщик motogp пол эспаргаро марк маркесом рассказать происходить взаимодействие сильный заводский команда чемпионат мир repsol,3,colloquial,Разговорный
система вестсайда использовать множество принцип появиться много десятилетие назад ещё актуальный долгий время человек понимать идея вестсайда чтение один несколько стать скорее весь смочь прояснить картина,3,colloquial,Разговорный
заряд алмаз голый передача пестереть майер иванов малёк майер кытина малёк чешагор богословский майер воропаев морозов красин малёк чешагор богословский богословский чешагор хороший игрок матч заряд владислав майер алмаз сергей богословский хороший игрок награждаться скидочный купон заточка коньковый магазин хоккейный экипировка ахл хоккей омск дивизионлюбитель кубоквьюхин,3,colloquial,Разговорный
баскетболист заказать индивидуальный мерч стиль любимый команда чехол стиль твой форма фамилия номер минь джерси тачка точный минь копия форма коврик раздевалка переодевание любой модель телефон любой спорт любой команда любительский писать торопиться первый день обращение наш промокод действовать скидка весь продукция,3,colloquial,Разговорный
зритель видеть секундный выступление легкоатлет стадион тот какой усилие стоить сколько приходиться каждый день работать задумываться немногие,3,colloquial,Разговорный
один анонс друг товарищ ещё спешить сделать один анонс видео такой щедрый начало лето раз оно быть снаряжение собака сейчас видео готовить параллельно съёмка монтаж видео про перископ основной идея оформиться снять близкий время снаряга наш собака тренировать служебный пошить наш товарищ dog побояться это слово снаряга просто охренесть качество ребята шить профессиональный снаряга собака гореть десантный шлейка ситуация собака нужно либо спускаться альпы снаряжение либо десантироваться парашют ошейник поводок снаряжение особенность применение рассказать близкий время кто интересно собака бельгийский овчарка имя аман родный брат наш нефть встать место строй собака спасатель искать человек место нефть навсегда остаться незанятый,3,colloquial,Разговорный
команда студить объявить контракт аугуст фарфус заодно продемонстрировать раскраска свой впервые упомянуть интернет полновесный отчёт печатный отосупоца,3,colloquial,Разговорный
турнирный сетка плей офф last завершиться первый день плей офф квалификация первый команда покинуть сингапур стать tempest esports,3,colloquial,Разговорный
финал личный чемпионат мир видео эдуард николаев лчм,3,colloquial,Разговорный
motogp довициозо нужный больший перемена yamaha думать квартарарый андреа довициозо постепенно смиряться свой судьба неумолимо приближаться конец карьера гонщик motogp после тест довить ужасно разочаровать взгляд гонщик испытывать больший трудность yamaha вообще yamaha сейчас никто мочь биться достойный позиция кроме квартарарый даррен биндёр новичок франко морбиделли контракт следующий сезон ситуация андреа это план сложный вряд итальянец удаться переломить ход событие близкий время начать показывать сильный результат практически никакой материал тест сосредоточиться балансировка мотоцикл ощущение мотоцикл немного улучшиться сейчас мочь тормозить немного эффективный целое уровень уик энд доступно весь пара мелочь тест изменение слишком маленький yamaha быть готовый представить больший этот тест пока понятно готовый сделать будущее мой взгляд существовать способ улучшить уровень сцепление работать настройка необходимо внести больший изменение мотоцикл приступать работа нужно заранее данный момент никто знать делать необходимо начать непонятно намерить yamaha хотя начать разбираться проблема сосредоточить фабио учитывать бороться титул логично вкладываться вещь квартарарый считать приоритетный,3,colloquial,Разговорный
друг весь отличный вечер чем занятый фоточка,3,colloquial,Разговорный
кубок гагарин итог игровой день салават юлай трактор кузьмин санников картаев тихонов кадейкин хафизуллин гик седлак кулик кулемин башкиров картаев вратарь шарыченков вилла счёт серия динамо москва цска провольнев светлак соркина фисенко бойков игумнов панкрат абрам счёт серия,3,colloquial,Разговорный
молодёжный команда сшоры самотлор сегодня начало тренировочный сбор нижневартовск распоряжение главное тренер эдуард мермана игрок первый этап сбор продлиться август после что ребята отправиться город бердск продолжить подготовка сезон,3,colloquial,Разговорный
день рождение сегодня роман поважный поздравлять желать жизненный победа материальный достаток пусть плохой быть позади впереди ждать хороший большой верный друг любящий человек мудрость счастие здоровье,3,colloquial,Разговорный
начать грустить осознавать сезон почти кончиться,3,colloquial,Разговорный
сборная новичок итог регулярка самый время поговорить снаб,3,colloquial,Разговорный
стать известно никто мочь обыграть ска это сезон команда ехать санкт петербург играть пить андрей разин точно,3,colloquial,Разговорный
первый админ сколько играть пабгма,3,colloquial,Разговорный
новый выпуск канал путь чемпион наш герой александр шаблия откровенный разговор минус bellator продвигать организация какой контракт согласиться ufc интересный бокс приятный просмотр,3,colloquial,Разговорный
внимание готовый объявить дата премьера старт баскетбольный лига бикини октябрь,3,colloquial,Разговорный
хотеться поблагодарить андрей рублёв приятно разделить корт ты белград хотеться сказать спасибо организатор это замечательный турнир мой семья команда фанат отдельный спасибо игрок сделать турнир особенный увидеться следующий год,3,colloquial,Разговорный
суперкар выпустить единственный экземпляр дорога общий пользование потом основа японец создать четыре одноимённый гоночный машина участие мане изначально красный цвет затем слегка модернизировать изменить цвет синий автомобиль находиться штаб квартира япония рядом четыре одноимённый гоночный болид стоимость синий характеристика синий литровый твин турбо отдача крутить момент ступенчатый секвентальный кпп масса миля максимальный скорость около,3,colloquial,Разговорный
шикарный буллит исполнить денис зерновый просто роскошно ничего сказать,3,colloquial,Разговорный
вступать формула конец безлимитный бюджет motogp близкий новость мир моторный спорт который приберечь пятница подать заявка вступление формула компания намерить выступать заводский проект связать motogp означать будущее,3,colloquial,Разговорный
нерчинск аэродром общий расстояние трасса участок волна метр думать можно выбрать хороший участок,3,colloquial,Разговорный
тим сняться турнир южный америка доминик тим сняться турнир буэнос айрес рио сантьяго планировать вернуться соревнование индиана уэллс напомнить этот неделя прийтись сняться турнир кордова причина отказ стать небольшой травма правый рука он растяжение мышца сустав палец тренировка вена пройти хорошо очень рад запястье полностью восстановиться сожаление произойти небольшой заминка который прийтись временно прервать тренировка нелегко вернуться после семь месяц соревнование последовать совет врач отдохнуть пара день снова приступить тренировка следующий неделя нужно стабильно тренироваться корт прежде чем вернуться,3,colloquial,Разговорный
тая джером скорее весь быть отчислить обменять близкий время защитник тандер находиться вне расположение команда первый день тренировочный лагерь джером покинуть оклахома ростер команда остаться один лишний игрок источник предполагать следующий покинуть тандер мочь стать защитник тео маледон центровой деррик фэйворс,3,colloquial,Разговорный
множество повод заглянуть okko единоборство футбол теннис ещё фильм сериал доступный новый подписка оптимум спорт август можно купить суперцена рубль год,3,colloquial,Разговорный
приключение герой иней морозный дева продолжаться раз герой удаться раскрыть давний запутать преступление ради это сам пересечь черта закон отчёт группа рельсовый полотно неизменно приятно интересно читать вместе вспоминать прошедшее игровой выходной предвкушать следующий,3,colloquial,Разговорный
прямой трансляция полуфинальный матч чемпионат мир волейбол мой комментарий польша бразилия,3,colloquial,Разговорный
новость заслужить уволочь тачка такой спортивный выхлоп увидеть дать знать вещь дешёвый,3,colloquial,Разговорный
желать весь добрый утро отличный настроение продуктивный начало рабочий неделя фото екатерина кетовый,3,colloquial,Разговорный
сегодня team изучать история санкт петербург укреплять командный дух,3,colloquial,Разговорный
лекция образовательный игра позиция современный геймдизайн конвент граникон юрий ямщик рассказывать ключевой понятие геймдизайн тот что хватать современный образовательный игра предоставлять базовый инструмент разработка образовательный игра мочь стоять развлекательный один ступень граникон школагеймдизайн,3,colloquial,Разговорный
весь добро подсказать пожалуйста нибыть покупать манифолд али экспресс манифолд карбюратор купить мочь никак найти,3,colloquial,Разговорный
cредний клуб заслать топ сандерленд место тренер питер рид ключевой игрок эмерсон том майкл грэй томас серенсный нил куинна дон хатчисон кевин килбэйн джодить краддок кевин филлипс,3,colloquial,Разговорный
врубить чит код невероятный игра вратарь локо егор горшков,3,colloquial,Разговорный
месси отгрузить классный голешник ланс помочь псж завоевать досрочный чемпионство золотой мяч опять обеспечить,3,colloquial,Разговорный
ферстаппный стать один самый богатый голландец мир пилот red макс ферстаппный войти число богатый голландец планета доминировать настоящий время чемпион мир впервые попасть список самый богатый голландец место хотя отсечение список вырасти миллион евро минимум миллион евро миллион именно столько утверждение голландский журнал заработать ферстаппный удивительно ещё один новичок стать принц бернхард совладелец голландский трасса зандворт состояние оцениваться миллион евро ставить место список касаться ферстаппена слово босс red кристиан хорнера восхождение супербогатство доминирование формула получить заслужить аплодисменты кристиан хорнер сам дело являться свидетель что особенный иногда думать достижение возможно получать должный одобрение,3,colloquial,Разговорный
универсальный кредитный карта тинькофф платинум день кредитный лимит руб кэшбэк бонус рассрочка месяц решаться будущее оставлять заявка доставить завтра,3,colloquial,Разговорный
чемпионат россия класс технический год событие хронология итог,3,colloquial,Разговорный
дорогой друг получить информация договорный матч проход уверенный коэффициент цена оставлять новичок первый раз сделать акция оплата выделять место хотеть поднять деньга обращаться писать дело сообщение группа купить матч матч,3,colloquial,Разговорный
получить медицинский справка получить справка можно медицинский центр медицинский центр шанс следующий адрес чекист крауль единый телефон приятный бонус помимо получение справка участник необходимость получить консультация врач специалист участник забег дистанция обязать иметь медицинский справка который должный обязательно присутствовать образец прикрепить ниже фио участник дата рождение печать выдать справка медицинский учреждение подпись личный печать врач справка должный указать участник отсутствовать противопоказание участие забег выбрать дистанция справка должный выдать более чем месяц дата старт ребёнок дистанция справка нужный ксерокопия медицинский справка приниматься предъявление оригинал справка возвращаться,3,colloquial,Разговорный
один матч второй игровой неделя лига нация отменный начаться несколько случай covid женский сборная таиланд второй игровой неделя разрешить заменить этот игрок участвовать соревнование кесон сити филиппина затем продолжиться болезнь главное тренер мужской национальный сборная италия джордж помощник капонерь оба находиться карантин оттава канада прежде чем вернуться домой оба эксперт выбыть второй неделя теперь появиться информация тот игра который должный быть участвовать франция китай должный состояться кесон сити отменить несколько случай коронавирус азиатский команда фивб присудить победа олимпийский чемпион счёт посмотреть являться начало заражение команда отмена матч акцент азиатский этап учитывать восточный юго восточный регион континент настоящий время являться горячий точка вирус,3,colloquial,Разговорный
командный кубок россия кубокроссия этап тольятти стк степанов фото спидвеять салават видео,3,colloquial,Разговорный
килиан мбапп выдающийся спортсмен один наиболее перспективный футболист современность универсальный нападать мочь сыграть любой фланговый знать спорт начать интересоваться практически рождение двухлетний мбапп часто можно увидеть стадион местный любительский клуб работать тренер отец год килиан суметь привести свой молодёжный сборная статус чемпион европа стать второй хороший бомбардир это турнир забить пять гол актив мбапп награда чемпион мир три титул чемпион франция личный достижение стоить выделить статус хороший молодой игрок чемпионат мир приз boy год являться лицо бренд компания производить футболист бутсы персональный дизайн килиан активно жертвовать деньга польза благотворительный фонд вместе другой известный футболист джордж веа дидье дрогб способствовать развитие спорт африка мбапп являться первый век молодой футболист забить более тридцать гол сезон один пять топ лига он подобный достижение покориться роналда тот пора пройти большой год умный футбол интересный килиан мбапп звезда футбол файл выбрать ещё,3,colloquial,Разговорный
организатор турнир майами поздравить иго швентечь будущее звание первый ракетка мир,3,colloquial,Разговорный
более тысяча спортсмен принять участие кросс нация нижний тагил сентябрь всероссийский день бег пройти гора долгий программа детский забег ребёнок год массовый забег желать учёт время спортивный забег участник преодолевать дистанция время спортивный забег заявиться человек победитель определяться девять возрастной группа среди выйти старт представитель спортивный школа учебный заведение город предприятие фото пост тагильский рабочий ещё фото,3,colloquial,Разговорный
заставлять один человек прыгать скала мчать байка авто отсечка путешествовать автостоп незнакомец другой нравиться кататься американский горка такой вещь ген храбрость мозг сорвиголова наш уровень влечение опасность связать насколько наш родитель оберегать заставлять рисковать друг роупджампер рассказать про самый жуткий опыт связанный экстрим,3,colloquial,Разговорный
возможно кто новость разочаровать приземление пройти успешно,3,colloquial,Разговорный
самый дорогой трансфер защитник история челси,3,colloquial,Разговорный
слаломист германия александр шмид попасть история кубок мир мужской слалом прошедший воскресение венген войти история писать норвежец лукас браатен сенсационно выиграть гонка несмотря время первый заезд,3,colloquial,Разговорный
мочь стоить шутить бард яжнастольщик нри,3,colloquial,Разговорный
даниил медведев поставить рекорд россия неделя строчка рейтинг atp goat российский теннис,3,colloquial,Разговорный
ярославский локомотив заинтересованный подписание форвард цска сергей андронов игрок апрель истекать контракт выходить рынок свободный агент,3,colloquial,Разговорный
экстрим фильм фильм скейтбординг настоящий олицетворение скейтбординг происходить улица обожать чем несомненно принимать участие весь свой сознательный жизнь фильм показать сколько труд понадобиться осуществление каждый трюк показать финальный результат большой работа глобальный веселие полный безразличие взрослый жизнь чем всегда остаться скейтбординг проект сниматься год улица санкт петербург разрушать егор шохин максим лукичев егор голубеть главный оператор георгий мирчук,3,colloquial,Разговорный
venz дольф лундгрена промый фото фильм джеймс бонд вид убийство дольфлундгрен виднаубийство,3,colloquial,Разговорный
сегодня утром актёр уилла смит ударить лицо комик крис рок шутка причёска жена дело тот женщина страдать заболевание приводить выпадение волос дать уаи наконец шоу оскар посмотреть крис рок крепкия подбородок,3,colloquial,Разговорный
бесплатный чистка устройство game чистка компьютер ноутбук идти подарок ремонт устройство,3,colloquial,Разговорный
нокаут крыса поцелуй шар булгод избить мужчина торговый центр небитый дагестанский боец решить побороться нравственность прямо эскалатор махачкала летний боец шарабутдин магомед более известный фанат шар булгод избить посетитель дагестан ситуация нормальный человек комичный шар спускаться вниз эскалатор один махачкала увидеть целоваться пара кровь девственник борец нравственность мгновенно вскипеть сделать ребята замечание результат парень спуститься вниз начать драться первый ударить обнаглеть пуританин автор поцелуй завязаться драка место разобраться удаться профессионал честной драка попросту вывезти опозорить шар это успокоиться подкараулить обидчик улица выскочить угол крыса нокаутировать парень куча пропечатать рухнуть асфальт бездыханный тело контрольный стомп голова иначе будущий чемпион amc fight nights вроде случиться месяц назад обнародовать сейчас телеграм канал mash естественно дикарь тут прорваться сми оправдание начать рассказывать сказка бедный мол негласный закон совершенно случайно оказаться негласный шериф решить навести порядок негласный метод отходить негласный касса махачкала равно какой негласный закон мораль москва такой допустимый такой недопустимо смочь промолчать сделать замечание турист иностранец можно просто попросить тут хотеть сказать просто очень правильно поступать ошибаться сказать успеть ничего говорить пойти улица торговый центр хотеться разбираться эскалатор кончиться хотеть нижний этаж пойти увидеть дистанция взять удар ещё подумать опережать стать дикарь выглядеть хороший объяснить человек взять я сразу ударить через минута нокаутировать исподтишка главное выглядеть дикарь пообщаться это парень поговорить сказать мой последний удар лишний сказать погорячиться девушка эскалатор целоваться извинение друг друг принести можно сказать заявить магомед матч слово зазвездиться шар последний думать соперник узнать решить воспользоваться просто большой я размер думать ударить ситуация закрыться уметь держать удар мой ровесник сложный спортивно думать чем заниматься челюсть попасть заявить булгод нокаут крыса поцелуй шар булгод,3,colloquial,Разговорный
неожиданно ярко влажный небо синева воздушный воздвигнуться арка свой минутный торжество отрывок стихотворение фёдор иванович тютчев автор фотография наргиз кахаров,3,colloquial,Разговорный
медведев тот недопуск уимблдон влиять мотивация какой смысл лёгкий первый ракетка мир даниил медведев рассказать недопуск уимблдон влиять мотивация травяной турнир какой смысл лёгкий мой играть трава физически очень сложно конечно галле уимблдон неделя перерыв это должный хватить восстановление про себя всегда думать сыграть пять трехсетовик закончить трехчасовой финал мочь проиграть потерять уверенность себя перед уимблдон постоянно играть задний мысль тот готовиться уимблдон сейчас я это играть турнир значение иметь хотеть заработать можно большой очко думать тот подготовить игра хороший форма уимблдон хорошо мотивировать ненавидеть проигрывать любить побеждать иметь значение играть всегда хотеть победить медведев рассказать следующий неделя быть защищать титул мальорк сыграть галле после это поехать франция отдыхать готовиться хардовый сезон,3,colloquial,Разговорный
аммар олицетворение дот благодаря интерес профессиональный сцена быть всегда дерзость талант молодость,3,colloquial,Разговорный
весь привет сварщик деревня заниматься сварка авто русский производство самый низкий цена рязань верить сказать переварка порог жигули весь рубль арка ваз рубль варя совесть сейчас редкость писать обсудить договориться самый приятный цена,3,colloquial,Разговорный
секрет дисциплина заключаться мотивация человек достаточно мотивировать дисциплина позаботиться сам себя,3,colloquial,Разговорный
очень непривычно смотреть майк попадать такой ситуация реально железный держалка высокий уровень,3,colloquial,Разговорный
публикация кидать ваш беговой фоточка комментарий этот пост сейчас свой бегом мотивация позитив делиться наш дорогой друг участник наш группа владимир алексеев соболев ишкильдин mar волгин петухов посунький шульгин калинин синеть спасибо отличный бег дорогой друг лёгкий нога крепкий здоровье новый беговой рекорд бегжизнь делисьбегом спорт забег зож всембег старт,3,colloquial,Разговорный
бууум многочисленный источник сообщать тот спартак смениться власть место федун прийти хачатурянц,3,colloquial,Разговорный
олимпийский зимний игра прямой трансляция сегодня февраль смотреть прямой трансляция соревнование кёрлинг рамка олимпийский зимний игра год пекин канал матч игра ваш внимание предлагаться следующий встреча команда окр сша женщина команда окр китай мужчина комментатор матч выступить екатерина галкин тимур гаджихан александр логинов,3,colloquial,Разговорный
эксперт сколько десяток тысяча рубль звук тянуть вчера тот сие появиться звук натяжитель успокоитель думать мочь другой,3,colloquial,Разговорный
бенеить дариуш победить матеуш гамрота ufc arena абу даби завершиться поединок главное карда турнир ufc который рейтинговый американский легковес бенеить дариуш выйти октагон перспективный поляк матеуш гамротом гамрот сразу броситься вперёд дариуш охладить пыл хай кик боец переслать партер оба действовать весьма сумбурно бой вернуться стойка гамрот быстро провести тейкдаун поляк позволить соперник подняться нога затем ещё раз перевести земля второй раунд дариуш нанести жёсткий удар корпус гамрот попытаться провести ещё один перевод канвас безуспешно дариуш грамотно защищаться тейкдаун перебивать свой соперник стойка последний секунда раунд гамрот добиться свой провести тейкдаун старт заключительный раунд гамрот снова пойти тейкдаун дариуш защититься полтора минута конец бой дариуш отправить оппонент нокдаун чёткий удар левый навстречу концовка поединок получиться вязка никто боец рискнуть итог судья отдать победа дариушу,3,colloquial,Разговорный
стивен адамс подбор упомянуть деннис родман говорить вращение мяч траектория отскок прочее дикий приятель слишком глупый это приятель я недостаточно мозговой клетка это брат просто стоить ждать пока мяч упасть рука,3,colloquial,Разговорный
вельма антуражнай фот старог стадыить дынама стадион,3,colloquial,Разговорный
бавария заинтересовать садио мане сообщать sky germany,3,colloquial,Разговорный
конора макгрегор дублин встретиться фанатка побороть рак,3,colloquial,Разговорный
старт забег оставаться маленький время самый время регистрироваться получить долгожданный слот выдача стартовый пакет забег майский гроза быть осуществляться адрес екатеринбург металлург трц мег выдача стартовый пакет день старт возможный отдельный плата стоимость руб мочь самостоятельно забрать стартовый пакет мочь забрать доверенность получение пакет участник доверенность необходимо предъявить оригинал доверенность имя доверенный лицо удостоверение личность доверенный лицо копия удостоверение личность участник оригинал медицинский справка имя участник допуск забег сегодня показать крутой футболка забег майский гроза,3,colloquial,Разговорный
никогда узнать насколько сам дело сильный пока сильный стать единственный выход боевыеискусство,3,colloquial,Разговорный
дать план трасса отметить сектор красный быстрый шарль леклер синий макс ферстаппный бирюзовый льюис хэмильтон вопрос быть гонка,3,colloquial,Разговорный
тренер говорить полный выложиться соревнование,3,colloquial,Разговорный
какой темп бежать писать коммент бег забег зож легкаяатлетик спорт темп,3,colloquial,Разговорный
друг рада представить ваш внимание видео данил ющенко sport даня продуктивный поснимать конец прошлое год скейтпарка мег любить техничный катание грань нестандартный комбинация упор стиль новый видео прийтись вкус приятный просмотр,3,colloquial,Разговорный
вариация отжимания сопрячь метод вестсайда барбелла,3,colloquial,Разговорный
ещё участвовать наш переходить ссылка принимать участие космический приз общий призовой фонд упустить шанс,3,colloquial,Разговорный
фрэнк вогель предматчевый конференция никто жалеть жалеть себя тренер отметить энтони дэвис сегодня игра,3,colloquial,Разговорный
видео экшн суббота гонка джонатан рэй вернуться подтвердить статус сам успешный пилот посмотреть удаться превзойти альваро баутист топрак разгатлиогла какой сюрприз подкинуть погода первый день уикенд квалификация субботний гонка старт финиш,3,colloquial,Разговорный
сегодня выходить новый видео внезапно раз новый видео почти готовый сегодня ждать канал группа видео оружие здравый смысл самый примечательный сценарий он написать наш подписчик очень хорошо шарить тема написать хорошо съёмка видео он весь вопрос время оно настать давно снимать такой лёгкий короткий минута видео пока порция картинка оттуда,3,colloquial,Разговорный
заканчиваться четвёртый матч это день игрок kdv esports протяжение весь день показывать больший результат матч стать исключение потрясать чтение игра оппонент контртактика боевой настрой принести этот команда драгоценный победа подписываться наш официальный аккаунт пропустить минута экшен instagram pubgmobile pmpl pmplcis,3,colloquial,Разговорный
добрый время сутки брат подсказать пожалуйста приобрести проблемный болт обгонка родный откручиваться весь добро,3,colloquial,Разговорный
выходной быть биться торпедо октябрь юхк олимпий юхк торпедо октябрь юхк олимпий юхк торпедо вход свободный,3,colloquial,Разговорный
главный матч день роджер федерер рафаэль надаль джек сок фрэнсис тиафо,3,colloquial,Разговорный
останавливаться достигнутый несмотря окно похолодать вместо тот тратить время сочинение новый отговорка получать удовольствие пробежка наслаждаться первый снег порыв свежий ветер останавливаться бежать бег мотивация спорт зож всембег маоафонец,3,colloquial,Разговорный
друг кидать предложка фото видео тренировка соревнование посмотреть горазд наш дружина главный фактор набор мышечный масса рекомендовать весь тренироваться натуральный путём,3,colloquial,Разговорный
посмотреть он мяч можно сказать вообще должный играть рио фердинанд каземиро выступать воскресение sport рио фердинанд сказать думать каземиро заиграть любой игра этот страна сказать главный тренер он опыт выиграть несколько лига чемпион пять точный он опыт понимание футбол другой стадион другой среда привыкнуть этот быстро адаптироваться такой уровень нельзя играть обладать высокий интеллект плохо начать против эвертон практически помочь соперник забить сказать тренер максимально включить игра посмотреть играть мяч можно сказать вообще должный играть взглянуть он мяч позиция занимать возвращать мяч позволять мяч попадать опасный зона нужно команда хотеть иметь хоть какой стабильность слишком беспокоиться владение мяч отдать игрок должный творить игра протяжение весь карьера здесь затыкать брешь пробел единственный полузащитник весь команда инстинктивно понимать нужно защищаться,3,colloquial,Разговорный
россия австралия даниил медведев роман сафиуллин парный поединок довольно неожиданно обыграть опытный пирс сэвилл три сет час минута молодец парень остаться один шаг полуфинал,3,colloquial,Разговорный
новак джокович потратить адвокат австралийский дело тысяча доллар один деньга серб компенсировать федерация теннис австралия признать ошибка составление документ,3,colloquial,Разговорный
салют друг часто задавать вопрос нужный помощь перестать качать эбн именно качать работать визуально снимать мембрана целый запор выход насос реагировать останавливаться сталкиваться,3,colloquial,Разговорный
набирать оборот открытый личный первенство стз классический шахматы клуб гамбит щетинин состояться игра тур это год шахматист включиться борьба три комплект медаль,3,colloquial,Разговорный
известно состав интер матч удинез ромела лукака принять участие этот встреча бельгиец быть доступный после перерыв международный матч писать онана целое нравиться тренерский штаб интер возможно пока время быть ограничить появление еврокубок ворота огромный доля вероятность нужно ждать самир ханданович пара нападать джёкий лаутаро здесь итальянский медиа прямо точно уверить эдин получить отличный отзыв после матч виктория один вероятный сюрприз появление ачерби основа индзаги довольный дебют интер точно мимо заявка хакан пройти медицинский обследование выявить повреждение сгибатель мышца бедро точный срок восстановление быть опубликовать следующий неделя,3,colloquial,Разговорный
присоединяться флешмоб тут кемерово алтай шушенский несколько год назад,3,colloquial,Разговорный
ещё несколько работа конкурс нарисовать свой древний следующий неделя подводить итог успеть принять участие полный условие конкурс альбом остальной работа приз смочь выбрать победитель конкурс лавкрафт,3,colloquial,Разговорный
молодец заслужить медаль первый история гонка pari кубок содружество антон бабиков россия эдуард латып россия алексей вагин россия алексей филипп сбр,3,colloquial,Разговорный
хотеться проверять слово достоверность ufc спорт мотивация,3,colloquial,Разговорный
время полуфинал верхний сетка играть против faze выход топ трансляция army,3,colloquial,Разговорный
какой аниме недавно понравиться новый мочь открыть себя интересный давно выйти давать поделиться друг друг совет добавить ещё несколько идея свой список ещё посмотреть перерыв серия можно заглянуть наш раздел аниме фигурка манга,3,colloquial,Разговорный
даниил лютик ноябрь выходной кавказ осенний скидос руб прыгать летать гулять чилим купаться термы,3,colloquial,Разговорный
первенство россия среди юноша год прямой трансляция сегодня ноябрь смотреть прямой трансляция заключительный игровой день первенство россия кёрлинг среди юноша год год канал ваш внимание предлагаться следующий встреча полуфинал сборная москва ильин челябинский область саморук финал церемония награждение смотреть игра вместе никита игнатков,3,colloquial,Разговорный
подборка видео тест дождев резина раз бриджстоун участвовать один силуэт каждый производитель отдельно стоить обратить внимание звук выхлоп силуэт прототип toyota,3,colloquial,Разговорный
александр григориевич московка поздравлять день рождение желать счастие здоровье вереница чудной день дом наполнить любовь открытый вы друг желать свет процветание радостный событие много пусть исполняться желание пусть быть лёгкий дорога,3,colloquial,Разговорный
победитель международный марафон дорога жизнь дмитрий шунина антонин юшина поздравлять ребята победа отличный памятный забег молодец дорогажизнь марафондорогажизнь дорогажизнь марафон марафонец бегвпитер,3,colloquial,Разговорный
фэйс фэйс жанибек алимханула британец дэнни дигнум поединок боец состояться рано утром май победитель стать обладатель титул временной чемпион мир версия wbo среднее вес долго продлиться бой,3,colloquial,Разговорный
неужели любить подуматься мочь промолвить себя сказать слово никак мочь говорить ненавидеть бросать вновь бычок улыбаться кивать каждый раз будто понимать связать твой приручить я словно милый мальчишка бездомный пёс теперь зависимый твой синий глаз другой чуждый понять тотчас теперь зависимый твой рыжий влас защищать готовый хоть сотня раз сдаваться бежать проблема сейчас ты твой сторона живить просить иначе большой жить смочь aftg aftg aftg art aftg aftg aftg,3,colloquial,Разговорный
андрей сурмачевский против тот команда проигрывать сет эйс баланс поддержать сообщество сайт волейбольный чат вконтакте канал клуб спонсор сообщество волейбол пляжныйволейбол пляжка новостиволейбол держимячвигра волейболсми первоисточник мужской волейбольный суперлига,3,colloquial,Разговорный
твой кумир победить забег бежать позитив,3,colloquial,Разговорный
наш расписание октябрь мочь встретить два старт который слышать ранее сегодня рассказать подробный sun fun run забег участник год sun fun run мочь поучаствовать атлет возраст год самостоятельно сопровождение родитель законный представитель первый дистанция преодолеть спортсмен год следом участник год далее быть дать старт наш самый юный атлет возраст который быть геленджик октябрь один указанный выше возрастной категория попадать тогда приглашать фановый двухкилометровый забег около сотня атлет свадебный платье костюм свадебный элемент пробежаться набережная геленджик ловить себя масса удивлённый взгляд турист прохожий звучать неплохой план считать старт ещё можно зарегистрироваться наш сайт ждать встреча геленджик,3,colloquial,Разговорный
срочно продаваться тёплый солнечный комнатный квартира песчанка квартира отличный состояние пластиковый окно новый сантехника пехотный этаж кухня балкон комната изолировать каждый комната стоять дверь сан узел совместить квартира сделать отличный ремонт натяжной потолок фото пластиковый окно окно выходить сторона сосед тихий остановка рядом садик школа магазин шаговый доступность центр город минута маршрутка минута машина возможный обмен благоустройный дом звонить цена,3,colloquial,Разговорный
самый горячий неделя сезон российский волейбол казань стартовать финал шесть превью супертурнир,3,colloquial,Разговорный
москва быть проходить двухдневный интенсив чемпионка мир волейбол леся махно интенсив направить ребёнок возраст год возможно ваш команда интересно ниже высылать информация быть рада помочь случай заинтересованность мой телефон март кто возраст год уровень подготовка средний спортивный центр территория мяч москва шарикоподшипниковский улица ждать дневный погружение волейбол комплексный обед вода тренировка внутренний турнир среди участник грамота памятный сувенир каждый участник мастер класс двукратный серебряный призёр олимпийский игра двукратный чемпионка мир европа екатерина гамов подробный информация сайт,3,colloquial,Разговорный
представить вокруг превратиться утка каждый вселенная стать отдельный версия утиный история выглядеть герой друг какой ещё персонаж хотеть посмотреть вид утка,3,colloquial,Разговорный
кроссовок баскетбольный магазин ghetto basket shop консультация стрельский,3,colloquial,Разговорный
работать себя никто влюбиться первый взгляд твой внутренний мир,3,colloquial,Разговорный
борис колчин стучаться дверь элитный команда главный тренер белогорье борис колчин поделиться ожидание финал шесть чемпионат россия май пройти казань приятно этот компания вспоминать наш прошлый сезон сейчас состояние такой стучаться дверь элитный команда попасть шестёрка сильный наш второй задача первый скромный попасть плей офф ступенчатый пытаться подняться команда очень дружный надеяться регулярный чемпионат вселить уверенность быть стараться дать бой фаворит передавать слово колчин корреспондент спорт белогорье занять место регулярный чемпионат раунд плей офф обыграть кузбасс белгородский команда начать финал шесть май матч казанский зенит май сыграть московский динамо,3,colloquial,Разговорный
я проинформировать признак жизнь сторона надежда ещё какой черта предложить контракт тир игрок издеваться зато tsm принять,3,colloquial,Разговорный
продать указать покупать указать продавать страйкбольный привод cyma указать обменивать описать товар приветствовать продать страйкбольный привод cyma акс деревянный цевьё комплект необходимый предмет сам привод полностью рабочий состояние впрочем остальной внешне изменяться иметь эксплуатационный потёртость использоваться бережно таковой повреждение люфт быть заменить более качественный поршень голова поршень голова цилиндр нозлый резинка хопапа сделать шимминг смазинга выхлоп район цена расчёт сам привод комплект магазин бункер базовый аккумулятор зарядный устройство магазин механ планк установка прицельный приспособление крепление ласточкин хвост территориально город москва причина продажа сменить страйкбольный ориентация тёмный местонахождение город москва наличие пересыл наличие пересыл фото публиковать цена александр вольнов,3,colloquial,Разговорный
апрель тяжёлый вес более леннокс льюисvs хасима рахман накаут год,3,colloquial,Разговорный
константин турукина спасибо команда хороший хоккей показать тренер кузнецкий медведь победа ярославль локо спасибо команда хороший хоккей показать сегодня реально пытаться играть хоккей пятеро атака пятеро оборона живой лавка ребята выкладываться поле лавочка друг друг поддерживать очень сильно друг друг быть отсюда результат отдельный спасибо вратарь семён шарабарин держать игра выручить сложный момент команда сыграть ноль очень приятно сыграть терпеливо против хороший игровой соперник ребята обученный наш команда заслужить сегодня победа парень молодец,3,colloquial,Разговорный
открыть себя новый локация красиво железнодорожный район оброшинский лесопарк сказочный гамаюна место технически сложный бежать идти прыгать ползти клёв мифический птица наслать спасибо наш прекрасный надежда фотография юлия пипляева делисьбегом бегунишка бег вритмеспорт блогер вершина,3,colloquial,Разговорный
дорогой любитель бег присылать беговой фото публикация комментарий этот пост опубликовать ваш бег близкий время сейчас свой бегом позитив мотивация делиться наш беговой друг анатолий столяров изот ястреб архипов вагапов епифановский пшеничный евсеев бобылев шульгин спасибо ваш бег дорогой друг отличный настроение новый личный рекорд бегжизнь делисьбегом бег спорт забег sport всембег бегануть,3,colloquial,Разговорный
продать указать продавать привод описать товар оружие страйкбол бодик сталь магнититься комплект фото покрыть текстурный матовый олива затонировать чёрный внутри база рубль краснодар пересылать местонахождение краснодар наличие пересыл наличие пересыл фото публиковать цена влад зелентс,3,colloquial,Разговорный
сетка мастёрса майами даниил медведев посеять номер второй круг сыграть победитель встреча федерико дельбонис энди маррей,3,colloquial,Разговорный
четыре год спустя подиум мане звучать гимн российский федерация честь победа марафон кольцо сартэ экипаж роман русиновый жан эрик верня андреа пиццитол стартовать тот гонка третий позиция после первый плановый пит стоп экипаж наш команда захватить лидерство упустить сам финиш близкий соперник отстать два круг сожаление спустя сутки после финиш стать известно судья вынести решение дисквалифицировать экипаж внести изменение заправочный модуль позволять быстрый дозаправлять машина время пит стоп команда подать протест рассмотрение затянуться несколько месяц итог судебный разбирательство апелляция удовлетворить менее факт тот подиум мане звучать гимн россия развеваться российский триколор перечеркнуть никто сила движущаясить,3,colloquial,Разговорный
чидёр эджук близкий переход цска герт право аренда конец сезон sport bild,3,colloquial,Разговорный
упражнение планк давно стать классический тренировка живот общий тренировка весь тело функциональный упражнение позволять задействовать большой количество группа мышца это оно ещё более эффективно упражнение выполнять гантель разный плоскость планка мочь практиковать новичок продвинуть заниматься именно благодаря свой практичность эффективность всеобщий доступность планк являться популярный упражнение тренироваться вид планка включать работа мышца верхний нижний часть тело значит укрепляться тело благодаря что оно становиться упругий подтянутый особенно упражнение полезно развитие мышечный корсет живот спина сильный кор поддерживать позвоночник правильный положение значит помогать снизить риск заболевание опорный двигательный система офп планк спорт зож наспорт фитнес,3,colloquial,Разговорный
артём дзюба близкий переход фенербахча нападать петербургский зенит артём дзюба планировать покинуть чемпионат россия текущий зимой летний форвард выгодный предложение турецкий фенербахча футболист уверенный игра состав турецкий топ клуб смочь привлечь внимание главное тренер сборная россия валерий карпина вернуться национальный команда кроме тот клуб стамбул предложить дзюба очень выгодный условие личный контракт,3,colloquial,Разговорный
оса жымд еска ыздар павлодард жауынгерлер мена таныштара запомнить этот команда настоящий воин гордость павлодар автор гол денис буденчук филипп святын адам евлой матвей дюжеть илья олендаренко,3,colloquial,Разговорный
касаткин впервые карьера выйти полуфинал турнир большой шлем,3,colloquial,Разговорный
командный чемпионат россия спидвейкчр башкирия октябрьский мег лада тольятти запись трансляция,3,colloquial,Разговорный
сбор обследование лечение тоби лёгкий судьба видимо жизнь лёгкий найти улица жуткий состояние ожог шерсть колтун зуб гнилой явно видно хозяин плохо ухаживать свой питомец самый ужасный поздний найтись хозяин он отказаться просто сказать нужный легко предавать тот прожить год общий теперь тоби надёжный рука быть хорошо нужно поправить здоровье пёс молодой очень запустить сдать анализ кровь эхо сдать моча быть приём офтальмолог стоматолог результат обследование тоби такой диагноз глаукома ядерный склероз хрусталик атрофия глазной яблоко назначить капля повышенный давление пить сейчас таблеточка проблема ротовой полость он просто дыра ороназальный сообщение требоваться пластика нужно зашивать иначе тоби просто сгнить жуткий запах инфекция такой дело сейчас тоби проходить курс лечение два неделя потом быть записывать операция давать помочь тоби прожить остаться жизнь комфортно давать исправимый ошибка бывший хозяин относиться он мягко говорить человечески тоби заслужить хороший жизнь сделать нужно немного это помочь помочь отправлять перевод подкрепить сообщение тоби огромный благодарность надежда привязать карта,3,colloquial,Разговорный
прямой трансляция пятничный сессия телеканал sky sports английский язык,3,colloquial,Разговорный
дарья непряева сестра наталья наташа молодец брать она огромный пример просто огромный огромный понятно она пока соперник хотеться обыграть кто хотеться надо нибыть небо земля спускать,3,colloquial,Разговорный
здравствуйте принять участие бесплатный опрос получить бонус ваш карта рубль онлайн сегодня один день зачисление номер через минута подробный страница ниже,3,colloquial,Разговорный
news lamppost warhammer поезд сливовый категорически отказываться останавливаться сеть появиться фото аватар набор минимум два голова меч топор почти наверняка копьё опциональный огонь подставка,3,colloquial,Разговорный
девино хэйня заявлять после реванш камбосос готовый провести поединок свой соотечественник джервонта дэвис дэвис хотеть драться это проблема это быть фальшивый чемпион владеть пояс микки маус говорить будто уклоняться пусть обратиться президент wba сделать обязательный претендент это проблема сейчас сосредоточить камбосос соперник который нельзя смотреть сквозь палец конечно джервонта крупный бой дэвис готовый сделать угодный драться говорить неоднократно мочь организовать бой главное дэвис захотеть сказать хэйня,3,colloquial,Разговорный
делать прокручиваться трак гайка держать трак,3,colloquial,Разговорный
cегодень ждать первый прямой трансляция автоспорт постараться сделать качественно быть получаться серчать забывать делиться мнение качество трансляция,3,colloquial,Разговорный
добрый день июнь стадион урал быть проходить первенство свердловский область среди девочка мальчик младший наш студия tura video провести трансляция свой страница контакт ссылка,3,colloquial,Разговорный
плюс студент отдыхать после пара любимый трек заказать пицца балл плюс сдать зачёт послушать подкаст бесплатно конец год загружать студенческий ссылка,3,colloquial,Разговорный
комплект дешёвый продавать набор дополнение скидка четыре дополнительный коробка содержать новый герой сценарий правило авантюрный настолочь стиль классический героический фэнтези комплект входить дополнение ярость гора позолотить клинок падение тёмный звезда паутина вводить игра четыре герой нанка рубака красный скорпион зил джонас добросердечный столько сценарий несколько десяток жетон дополнительный навык приобретение другой карта готовый отправиться большой путешествие терринота акция,3,colloquial,Разговорный
национальный волейбольный лига представлять новый партнёр месье курабье печение выпечка душевный дарья волшебный вкус подробный здесь,3,colloquial,Разговорный
марко назвать хороший гонщик кой чем макс первый финиш последний гонка год спортивный советник red хельмут марко уставать нахваливать свой гонщик макс ферстаппена борьба титул завершиться новый сезон ещё стартовать австриец позволить себя оценить разный пилот более взвесить осторожно марко признать кой чем льюис хэмилтон сей пора хороший новый чемпион мир сейчас можно отметить ландо норрис сказать марко интервью motor sport шарль леклер подавать надежда сейчас скажем скомпрометировать успех карлос сайнс джордж расселла очевидный стать больший проблема льюис хэмилтон сравнение валттери боттас очевидный расселла очень хороший квалификация гонка конец преимущество николя латифя столь существенный прийтись доказывать быстрый расселла хороший возможность поучиться хэмилтон никто пелотон уметь работать шина льис никто понимать семикратный чемпион марко отвергнуть предположение ферстаппена прийтись трудно переучивание совершенно новый болид год макс нужно время раскачка садиться новый техника сразу ехать быстро счастие серхио перес раскачаться конец сезон стать прибавлять каждый гонка план пилот чем волноваться заявить австриец,3,colloquial,Разговорный
возможно человек тайный знание выбирать подарок заранее делать ещё ничего выбрать спешить помощь наш подборка подарок февраль,3,colloquial,Разговорный
бывший главный тренер челси томас тухель сообщить планировать близкий время возвращаться работа ещё принять решение сейчас необходимо сделать перерыв некоторый клуб связываться мой представитель договориться быть звонить течение день пока находиться индия,3,colloquial,Разговорный
люис утверждать после ицидента магой сдаваться чтожий действительно,3,colloquial,Разговорный
сента луис айлендерс мск этот встреча блюз подходить последний место центральный дивизион последний место лига количество забросить среднее матч самый хороший расклад матч против команда илья сорокин вратарь нхл пропустить процент отбить бросок нью йорк иметь действовать серия победа подряд причём последний победа характер что пока явно доставать сента луис уступать ход период островитянин забросить безответный шайба одолеть колорадо шенна райлли аччиари бучневич барбашева тарасенко нейборс томас кайра торопченко браун питлик крюга фолкнуть ледди парэйкий розный бортуццо грайсс,3,colloquial,Разговорный
сводка поле лига нация поляк воспользоваться шанс,3,colloquial,Разговорный
происходить майкл джордан шарлотта терри розира послематчевый пресс конференция,3,colloquial,Разговорный
ждать ваш зимний беговой фоточка публикация челленджа делисьснег присылать ваш контент коммент этот пост сейчас свой отличный зимний бегом делиться наш беговой друг токарев столяров павлов байд латфуллин андрушкив кузнецов тужикова алексендрович спасибо ваш бег ребята легкиз нога отличный бегомотивация всегда рада бег всембег забег бегзимой бегвмороз бегвхолод,3,colloquial,Разговорный
силовой тренировка нога спорт деньнога зож нога физый силовой сбу тренировка фитоняшка,3,colloquial,Разговорный
сегодня олимпийский игра пекин пройти женский масса старт биатлон начало московский время прямой трансляция первый канал предварительный старт лист дениз херманна германия март ульсбь ройселанна норвегия анаис шевалье буш франция эльвира оберг швеция доротея вирер италия тириль экхофф норвегия динар алимбеков беларусь лиза тереза хаузер австрия ханна оберг швеция жюстина брезаза буш франция анна сол беларусь кристина резцовый россия ульяна нигматуллин россия ирина казакевич россия,3,colloquial,Разговорный
новый honda city type новый type комплектоваться такой двухлитровый турбомотор устанавливаться предыдущий модель обновка новый турбокомпрессор выпускной система неофициальный данные отдача двигатель составить примерно лошадиный сила напомнить предшественник модель получить передний привод ступенчатый мкпп слух последний электрифицировать модель,3,colloquial,Разговорный
международный федерация теннис выступить заявление повод ситуация вокруг первый ракетка мир новак джокович хотя itf уважать решение правительство австралия ситуация джокович разочаровывать протокол должный чётко своевременно довести сведение надлежащий процесс должный соблюдаться весь эффективный хотя itf считать полный вакцинация личный решение считать ответственный действие должный предпринять ослабить ограничение избежать подобный случай будущее,3,colloquial,Разговорный
даниил медведев финал terra wortmann open стадия полуфинал турнир atp галле россиянин даниил медведев обыграть немец оскар отт два сет час минута молодчина медвежонок,3,colloquial,Разговорный
эск признать правота безбородов спорный эпизод матч спартак против ахмат экспертный судейский комиссия выявить нарушение работа владислав безбородов прошедший игра решение главное судья матч тур мир рпл ахмат спартак признать правомерный спартак обращаться эск просьба дать оценка спорный эпизод каждый случай безбородов оказаться право красный белые просить оценить следующий момент матч второй жёлтый карточка мацея рыбуса минута встреча гол ахмат после истечение компенсировать время минута матч падение квинси промес штрафной площадь грозненский команда минута игра неназначить пенальти попадание мяч рука защитник ахмат юрий журавлёв минута встреча жёлтый карточка вратарь ахмат гиорги шелия удар александр соболев минута матч spartak,3,colloquial,Разговорный
ребята урод скамит человек типо продавать промокод,3,colloquial,Разговорный
сегодня рубрика школагеймдизайн хотеть поделиться интервью ананда гуптой создатель россия известный название сумеречный борьба интервью можно найти ссылка грань гильдияразработчиковнастольныхигра tesera тесера,3,colloquial,Разговорный
champ пётр драться чеченский лига acb одержать ещё четыре победа выйти титульный бой против магомед магомедов лёгкий дивизион итог раунд пётр уступить раздельный решение судья март год закрыть неудача победа эдом артур апрель выйти реванш магомедов второй попытка праздновать успех единогласный вердикт арбитр первый единственный защита провести сентябрь нокаутировать раунд бразилец матеуса маттоса,3,colloquial,Разговорный
джордж джокович брат первый ракетка мир новак джокович рассказать план теннисист грунтовый травяной сезон новак тренироваться белград готовиться монт карло пережить ужасный период выстоять доказать такой какой сожаление дубай проиграть четвертьфинал хватать стабильный игровой практика надеяться новак продолжить прекрасно играть белград монт карло турнир помочь подготовиться ролан гарроса уимблдон последний знать смочь сыграть париж рим лондон мадрид счастие выступить atp мало мочь повлиять поскольку правило определять власть страна,3,colloquial,Разговорный
генменеджер вашингтон хотеть дмитрий орлов остаться команда конец карьера,3,colloquial,Разговорный
буддийский чётки маленький дерево камень выбирать заказывать себя подарок свой близкие весь вопрос писать сообщение группа нажать товар прикрепить пост,3,colloquial,Разговорный
стивенс выйти замуж чемпионка open слоун стивенс выйти замуж супруг стать футболист нападать торонто джозить алтидора свадьба пройти январь майами бич stephens,3,colloquial,Разговорный
предзаказ рик мортить близкий риконтакт рикова степень выбрать рик душа умыкнуть барахолка хороший изобретение версия мортить свой колода разделаться совет рик устраивать засада разный измерение прийти время показать тут самый рикануть рик этот схватка против эпидемия риквидация играть рик рик переноситься другой измерение помощь стопка локация игровой механика прямиком орикенный эпичный схватка боевой маг крутагидон новинка рикимортить,3,colloquial,Разговорный
абсолютно равный игра старт финальный встреча уралочка нижний тагил включать матчтво старт поддерживать любимый команда путь медаль,3,colloquial,Разговорный
важно какой место занять важно смочь преодолеть себя проявить характер переступить черта сдаваться другой рассуждать этот тема приходить вывод два индикатор измеритель сила духовный физический сильный нужно развивать себя оба направление юрий бегов спорт легкаяатлетик мотивацияспорт бег,3,colloquial,Разговорный
арена явно заменить звуковой световой система интересно ребёнок азия сезон арена быть,3,colloquial,Разговорный
официально вратарь максим третьяк продлить контракт сочи новый соглашение рассчитать год,3,colloquial,Разговорный
верёвочный амуниция ганс изготовление верёвочный амуниция ваш размер основный направление рептуха низкий цена продажа недоуздок чомбура корд ручка седеть переходник корд многое другой скидка первый заказ покупка более вещь скоро сообщество быть проводиться розыгрыш приз,3,colloquial,Разговорный
видео гонка чемпионат мир мотокросс гран франция mxgp полный запись трансляция гонка этап чемпионат мир мотокросс mxgp гран франция разыграть июнь год трасса эрня,3,colloquial,Разговорный
чемпионка европа год аленакосторный перенести операция получить травма бедро сделать операция повод травма бедро хотеть сделать ранний очень долго ждать тот расходник ждать скорый выздоровление наш прекрасный спортсменка сказать риа новость спорт тренер фигуристка еленабуянов заслужить тренер россия фигурный катание елена буянов решить продолжить работа алёна косторный постоянный основа такой ситуация человек бросать работа проблема вообще естественно наш тренерский команда ждать лёд продолжить работа постоянный основа держать себя позитив целеустремлённый свой желание надеяться настрой она сохраниться сказать риа новость спорт буянов,3,colloquial,Разговорный
федоровцев принять участие сбор национальный команда россия волейболистка фенербахча аринафедоровцев сообщить матч принять участие сбор национальный сборная россия сентябрь сентябрь волейболистка сборная россия провести сбор руководство новый главное тренер зоран терзич он быть вызвать лидер национальный команда срок стартовать кубок россия какой получиться спартакиада команда сириус тяжёлый морально турнир быть готовый этот стараться держать уровень тратить сила вне площадка быть максимально сконцентрировать восьмой игра турнир показать очень хороший уровень хорошо дойти полноценный команда травма потеря большой весь рада этот показать действительно хороший игра такой плотный турнир очень рада наш команда сейчас усталость ощущаться восемь матч пролететь незаметно сказать усталость чувствоваться сильно закончить турнир хороший нота победить равно добавлять энергия после спартакиада начаться сбор национальный команда уезжать расположение фенербахча оставаться сбор сборная быть ещё один сбор оставаться сайт трансляция вфв товар волейбол поддержать яндекс дзен волейбольный чат канал клуб волейболроссия волейболновость держимячвигра волейбол пляжныйволейбол пляжка,3,colloquial,Разговорный
видео интервью женя аиф евгениямедведев,3,colloquial,Разговорный
автострахование техосмотр любой авто осаго любой авто руб год передвижение переоформление авто договор купля продажа транспортный онлайн гарантия пробиваться база рса whatsapp полис подходить въезд крым итд случай дтп выплата быть писать помочь,3,colloquial,Разговорный
знаток скин ворваться чат смочь угадать название скин,3,colloquial,Разговорный
увы проигрывать милуока милуока чикаго милуока адетокумбо подбор миддлтон подбор портис подбор аллен хилла старт холидэя мэттьюз коннотон дивинчензый чикаго дерозан вучевич подбор уайт досунм кук подбор старт хилла браун карузый подбор томас,3,colloquial,Разговорный
админ пропустить пожалуйста друг поддержать я сделать мобильный приложение сайт зенит запустить плей маркет скачивать пожалуйста через он можно билет пркупать новость читать,3,colloquial,Разговорный
день почти подойти конец мой город значит мой,3,colloquial,Разговорный
news lamppost warhammer привет спать надеяться тут готовый очередной порция сливовый эльдар раз правило кодекс белый гном,3,colloquial,Разговорный
личный зачёт формула формула после этап бельгия,3,colloquial,Разговорный
dota добавить новый команда переключение юнит теперь способ микроконтроль полностью легальный умолчание значение команда равно тогда юнит переключение объединяться группа управление юнит отдельность необходимо установить параметр,3,colloquial,Разговорный
денис михнина подписать договор югра нападать год рождение продолжить свой карьера вхл прошедшее сезон казахстанский номад форвард набрать очко игра регулярный чемпионат матч плей офф вхл денис дебютировать год ска нева поиграть сарыарка ранее два год подряд нападать выступать qjmhl команда суметь записать счёт очко добро пожаловать команда,3,colloquial,Разговорный
привет друг сегодня коллектив магазин поздравлять день рождение наш краснодарский райдер морозов данный момент коля находиться армия желать лёгкий служба здоровье последующий плавный возвращение самокатный спорт прошлый год коля душа поснимать спот южный город столица честь праздник делиться вы результат большой работа забыть поздравить коля поделиться это бомбовый эдитом,3,colloquial,Разговорный
свежий воздух следовать дышать можно большой дышать надо много глубоко притом всегда через нос дыхание через нос единственный правильный способ дыхание служить время важный регулятор физический работа время какой либо физический напряжение дыхание через нос становиться недостаточный служить указание работа надо прервать подождать пока дыхание вернуться свой норма георг гаккеншмидт,3,colloquial,Разговорный
помнить какой ранний зелёный трава больший дерево пузатый монитор какой классный видеоигра быть оторваться сколько принцесса спасти сколько злодей победить сколько замечательный прожить час прийти время глубоко погрузиться прошлое подышать исцарапать подуть картридж стряхнуть пыль дискета отправляться вместе мы ламповый круиз волна воспоминание предзаказ журнал мир фантастика спецвыпуск старый добрый игра новый спецвыпуск встретиться старый добрый игра тот самый который вместе расти который пропускать урок спасть ночь осторожно первый страница ностальгия накрыть голова это выпуск несколько поколение культовый фантастический видеоигра dead axe demon dave wake широкий палитра жанр ролевый игра квест шутер стратегия общепризнанный шедевр локальный хит pac man portal вангер петька василий иванович любимый серия fantasy god war doom the legend живой сей день классика warhammer dawn war heroes and iii torment многое многое многое другой новинка мирфантастика,3,colloquial,Разговорный
нард просто настольный игра веять статус особенный подарок мужчина нард считаться развлечение умный удачливый человек ваш друг родственник коллега обладать этот качество поверьте преподнести подарок эксклюзивный комплект этот игра вызвать он истинный восторг радость подарок заказ дарить бокал подарок,3,colloquial,Разговорный
двукратный олимпийский чемпион сочи бронзовый призёр пекин вика уайлд поддержать камил,3,colloquial,Разговорный
желать весь добрый утро отличный настроение продуктивный день среда маленький пятница фото дмитрий забелин,3,colloquial,Разговорный
тамэсигирь проверка меч видео исторический холодное оружие япония пульс,3,colloquial,Разговорный
стартовый состав antvgs муслера буй нельссон маркао ван анхолт пульгар кутла антальял бабель дервишогла гомис galaxi,3,colloquial,Разговорный
мотоспорт bsbk гонка live начало прямой трансляция msk трансляция доступный ссылка круглосуточный эфирный телеканал smart vlc торрент запись трансляция онлайн скачать mega network комментатор сергей сухоруков,3,colloquial,Разговорный
motogp эспаргаро маркес способный бороться победа стартовать позиция поль эспаргаро неожиданно возглавить пелотон motogp первый поворот гонка катар пилот repsol продолжать уверенно лидировать первый два треть дистанция протяжение круг испанец никто уступать первый место круг обогнать эние бастианинить однокилометровый прямой воспользоваться реактивный скорость прошлогодний неожиданный обгон привести тот поль пропустить точка торможение вход первый поворот пройти очень широкий траектория чем воспользоваться брэд биндёр итог эспаргаро пересечь финишный черта третий один пилот побеждать трек лосаил год учитывать факт катарский трек традиционно подходить поль эспаргаро довольный свой выступление третий очень приятно конечно лидировать долго трудно довольствоваться третий место сегодня заявить мир марк маркес способный бороться победа здорово многие год один гонщик регулярно биться победа это мотоцикл победа мочь бороться гонщик который другой стиль подиум этот гонка заслуга проделать потрясать работа планировать провести такой гонка улыбаться ожидать более больший лидировать группа хотеть сконцентрироваться тот нагружать резина экономить топливо тут вдруг стать лидер быстрый особо думать парень позади чувствовать себя комфортно хотеть лидировать можно долгий хотеться показать быстрый я талант заслуживать звание гонщик,3,colloquial,Разговорный
михая никола евич лука шева декабрь август москва советский российский журналист историк боевой искусство спортивный единоборство впервые советский периодика опубликовать материал монастырь шаолинь традиция рукопашный бой средневековый европа спортивный борьба канон дзюдо мэтр мифунэ написать история самбо биография виктор афанасиевич спиридонов василий сергеевич ощепкова основатель самбо нил николаевич ознобишин создатель один предшествовать самбо система рукопашный бой рукопашный бой россия первый половина век уникальный издание том про история создание развитие рукопашный бой самбо россия основный школа течение методика подготовка применение биография основатель отечественный рукопашный бой самбо ощепкина спиридон,3,colloquial,Разговорный
турнир wta ченнай состояться матч среда линда фрухвиртовый чехия ребекка петерсон швеция нао хибино япония цзян ван китай эжени бушар канада карман каурый тханди индия ребекка мариный канада катажина кава польша,3,colloquial,Разговорный
второй ракетка мир испанец рафаэль надаль обыграть норвежец каспер рууд занимать четвёртый строчка рейтинг atp счёт матч групповой этап итоговый турнир atp турин теннисист провести корт час минута ранее счёт личный встреча польза испанец такой образ надаля два поражение один победа группа рууд два победа один поражение,3,colloquial,Разговорный
выходной черкизовый пройти матч тур зимний первенство который команда академия локомотив сыграть родина прямой трансляция тольколоко самыйлучшийколлектив,3,colloquial,Разговорный
самоделкина два неделя прокат тренер сильно заболеть российский фигуристка софья самоделкина рассказать два неделя контрольный прокат москва сильно заболеть вместе свой тренер светлана соколовский самоделкина суббота воскресение выступить контрольный прокат москва ощущение обычно начало сезон нарабатываться много пропустить травма прийтись догонять ещё два неделя прокат светлана владимирович сильно заболеть лежать температура рассказать самоделкина журналист источник,3,colloquial,Разговорный
два одинаковый человек сложно найти конечно близнец похожий можно наслать схожий наш артист зарубежный,3,colloquial,Разговорный
устать играть мажор бразилия быть хороший завершение карьера,3,colloquial,Разговорный
нортугой продавать свой холостяцкий квартира осло лыжный король большой видеть смысл заботиться собственный жильё столица учитывать образ жизнь вести выставлять квартира продажа постоянно находиться разъезд много путешествовать работа канал развитие собственный бренд участие лыжный марафон слишком мало бывать дом рассказывать нортугой издание добавлять будущее хотеть большой время проводить свой малый родина тренделаг петтереть вырасти ферма фрамверран лыжный гимназия закончить мерокер затем жить тронхейм год переехать осло заниматься бизнес работать телевидение цена квартира петтер нортугой осло район вика площадь квадратный метр составлять миллион норвежский крона почти миллион рубль сегодняшний курс апрель петтереть принимать журналист рассказывать свой житие бытие,3,colloquial,Разговорный
хороший принимать команда один хороший принимать суперлига прошедшее сезон стать наш капитан валентин кроток спасибо надёжность позитив классный управление коллектив кэп,3,colloquial,Разговорный
фотография екатеринбургский rsd готовый смотреть отмечать друг разбирать аватарка,3,colloquial,Разговорный
ещё один юбилей богдан киселевич матч цска,3,colloquial,Разговорный
красивый старт кубок россия первый игра турнир четыре партия обыгрывать питерский зенит зенит санкт петербург урал уфа,3,colloquial,Разговорный
продолжаться предзаказ omens новый двойной набор warhammer хаосит эльдар воитель искусственный мир получать автарх два вариант торс несколько голова разный оружие три быстрый смертоносный отряд странник рейнджер разный голова специализировать снаряжение еретик астартёс отряд избранный разный вариант гол оружие идти бой руководство варп кузнец вариант голова аксессуар оружие рядом возвышаться который можно собрать ориентировать ближний бой кроме тот набор содержать лист декаль книга кампания omens миссия правило аэльдари космодесант хаос предзаказ warhammer,3,colloquial,Разговорный
женский сборная россия отстранить участие отбор чемпионат европа год исполнительный комитет фиб европа отстранить женский сборный россия беларусь участие отборочный турнир чемпионат европа год май фиб европа отстранить российский сборный клуб участие соревнование эгида организация ситуация украина российский баскетболистка пропустить чемпионат мир год пройти сентябрь октябрь австралия женский чемпионат европа год пройти июнь словения израиль,3,colloquial,Разговорный
срочно хватать толковый ребята заработок сфера госзакупка опыт нужный обучение брать себя условие легально работать открывать брать кредит надо находиться присмотр команда профессионал можно совмещать твой основной работа удалёнка такой я звать александр перфильев работать сфера госзакупка год время выиграть более тендер ещё успеть открыть свой компания реализовать госзакупка миллион каждый год сфера госзакупка развиваться геометрический прогрессия три квартал год объём госзакупка вырасти трлн рубль трлн большой чем аналогичный период прошлое год это команда чисто физически успевать обрабатывать выкладываться сайт госзакупка сейчас срочно нужный помощник который обучить лично сам требоваться важный твой опыт образование возраст главное нужно желание зарабатывать большой чем привыкнуть желание работать сам себя важно сразу сказать очередной замануха лентяй команда заниматься госзакупка продажа воздух сейчас модно нужный искатель лёгкий деньга дело тогда начать ознакомительный обучение день запускать бесплатный дневный марафон смочь понять такой госзакупка вообще разобраться подходить заработок этот сфера записаться можно тут сейчас ответить самый популярный вопрос новичок приходить обучение сколько мочь зарабатывать сколько захотеть марафон показать куча кейс простой парень девушка глубинка приходить обучение начинать зарабатывать тысяча рубль месяц нуль одновременно это я куча ученик прислать просто обеспечить себя дополнительный заработок месяц госзакупка мочь стать дополнительный заработок твой основной работа короче хотеть познакомиться госзакупка выйти рамка свой записываться обучение,3,colloquial,Разговорный
глеб ретивое я нужно палка гнать что добиться российский лыжник глеб ретивое рассказать подготовка новый сезон группа егор сорина один тот спортсмен поменять тренер тренироваться весь я нужно палка гнать что добиться взрослый спортсмен команда молодой ребята нужно постараться какой плохой привычка брать я сказать ретивое,3,colloquial,Разговорный
тони хан обещать дебют свободный агент тони хан твиттер пообещать дебют какой свободный агент следующий неделя другой свой твит хан написать приглашать aew любой рестлер любой промоушн естественно обойтись попытка выпад адрес понятно кто хан вспомнить оборот запретный дверь предложить любой рестлер пройти этот дверь подписать контракт aew потом захлопнуть дверь перед лицо бывший работодатель ранее rampage объявить проведение мартовский ppv матч лестница the отбор этот матч начаться среда прошлый среда истечь оплачивать день первый серия уволить wwe прошлый ноябрь второй серия уволить день истекать через полтора неделя новость wwe tonykhan,3,colloquial,Разговорный
трёхкратный олимпийский чемпионка анфиса резцовый отреагировать решение международный союз биатлонист ibu начать процедура отстранение союз биатлонист россия сбр незаслуженно понимать честь что мы поступать бороться наш федерация биатлон сбр успокоиться начать проводить чемпионат россия беларусь сезон добегать дальнейший стабилизироваться наш союз согласиться это решение командный очко даваться личный балл это остаться недовольный сбр против поехать поехать серохвост выступить видеть сейчас получать полный программа наш федерация раз никто стоить хотя спортсмен должный себя постоять саша логинов отбарабанить два год вернуться россия начать пахать раз полшестого утро он заявиться зарулить проверка ребята делать обрушиться наш федерация бороться спортсмен сказать резцовый,3,colloquial,Разговорный
илья ежов буллит сработать подготовка мой сын вратарь салават юлаева илья ежов прокомментировать победа динамо матч регулярный чемпионат кхл самый главное взять два очко думать должный быть побеждать основный время хоккей матч сложиться другой сценарий четыре матч пропустить тяжело вернуться лёд после такой пауза пауза игровой тренироваться дерзить себя тонус я тренировка игра думать долгий время я лёд сыграть просто потрясающе вчера тренироваться свой сын можно сказать залог сегодняшний успех конечно бить буллит вчера сегодня наш подготовка сработать третий буллитный серия третий победа можно сказать король буллит знать статистика выигрыш буллит считать вратарь пока поменять статистика быть просто стоять сыгранный матч готовиться особенный буллит мастер буллит индивидуально работать я глеб кузьмин успех благодаря сказать ежов источник официальный сайт салават юлай,3,colloquial,Разговорный
добрый день сразу хотеть извиниться такой новость возможность услышать почти год назад семья зяблый прийти незваный гость андрей диагностировать рак жёлчный проток россия смочь помочь израильский врач провести диагностик подобрать препарат терапия андрей пройти курс теперь предстоять операция crs hipec циторедуктивный хирургия crs гипертермический внутрибрюшинный химиотерапия hipec удаление видимый опухолевый очаг брюшина чистка максимальный количество остаться микроскопический опухолевый клетка снижение вероятность рецидив сумма сбор рубль стоимость операция непосильный семья зяблый очень необходимый приближение ремиссия подробный информация сумма сбор остаток сегодняшний день сайт фонд помощь открыть сбор операция андрей очень нужный ваш помощь информационный поддержка сделать репост любой запись поставить лайк рассказать андрей друг очень нужный волонтёр распространение информация сеть любой посильный сумма карта сайт фонд сбербанк онлайн тинькофф втб мобильный приложение написать поиск помощь инна назначение платёж указать андрей зяблый перевод средство через система быстрый платёж сбп помощь мобильный приложение ваш банк сделать перевод использовать система перевод вконтакте перевод пометка андрей помощь нужный сегодня,3,colloquial,Разговорный
фильм шпион квест открыть искать оригинально подарить небольшой прикольный вариант сделать точно запомнить,3,colloquial,Разговорный
напоминать август наш сайт продолжаться акция честь день рождение говард лавкрафт начислять два раз большой бонус настольный игра про потусторонний ужас древний тайна искать участвовать акция игра ссылка акция лавкрафт,3,colloquial,Разговорный
сколько платить россиянин один день спецоперация украина новый онлайн калькулятор помочь перевести стоимость вооружение количество пенсия детский площадка больница многое другой,3,colloquial,Разговорный
кстати именно дорога жизнь мой первый забег год назад тогда пробежать тот пора остановиться кайф такой фанат становиться большой это год забег поучаствовать почти тысяча человек делисьбегом бег забег спорт зож дорогажизнь,3,colloquial,Разговорный
александров выйти полуфинал mutua madrid open россиянка екатерина александров стать полуфиналистка соревнование мадрид обыграть американка аманда анисимов следующий соперница россиянка стать онс жабер тунис,3,colloquial,Разговорный
сетка турнир мальорк даниил медведев посеять номер благодаря этот первый круг пропускать круг ждать российский противостояние против аслан карацева,3,colloquial,Разговорный
обычно делать привлечь удача узнать какой подарок выпасть можно тут,3,colloquial,Разговорный
альберт роже дембель пойти искать гавить скамейка запасный отпраздновать гол,3,colloquial,Разговорный
генеральный менеджер хьюстон рафаэль стоун поделиться впечатление игра новичок команда джейлен грин продемонстрировать кто мочь стать будущее провал быть он много время возможность рост очень довольный джейлен безмерно талантливый настолько одарить мир открыть действительно хотеть работать это мочь требовать он больший рабочий этика отличный товарищ команда очень умный вежливый молодой человек сам начало очень крутой сомнение бросить сразу бой сталкиваться некоторый хороший защитник нба показывать возможность сделать верить справиться это ускорить обучение рост показать момент свой дебют удивительно сказать стоун летний грин свой дебютный сезон нба набирать среднее очко подбор передача матч,3,colloquial,Разговорный
локомотив отдать нападать михаил беляев официальный аренда адмирал,3,colloquial,Разговорный
официально быть заблокировать территория россия,3,colloquial,Разговорный
паддок motogp тест индонезия произойти вспышка сразу три член команда жоана мир быть вынудить уйти самоизоляция суббота после тот сдача обязательный пцр тест мандалик получить положительный результат поздний подтвердить заразиться ещё несколько человек,3,colloquial,Разговорный
владимир малахов отмечать сегодня день рождение советский российский хоккеист член тройной золотой клуб один игрок весь история вид спорт смочь хотя раз победить каждый три престижный турнир мировой хоккей олимпийский игра чемпионат мир кубок стэнли,3,colloquial,Разговорный
иван карпов томас цорн йозеф циннбауэр помощник быть уволить локомотив после сегодняшний поражение,3,colloquial,Разговорный
манчестер юнайтед одерживать первый победа сезон ещё ливерпуль первый официальный победа тен хага классный матч далёкий большой админболеетзамю,3,colloquial,Разговорный
тара вид первый лицо один первый прыжок супер эатянутый стопор поводок выдать минимум прыжок получиться очень техничный красивый смотреть наслаждаться,3,colloquial,Разговорный
тренировка психологический концентрация легко превращаться игра это случай сколь долго тренироваться достигнуть успех обретение мастерство кэнва мабунь,3,colloquial,Разговорный
защитник колорадо кейл макар привезти кубок стэнли школа начинать заниматься хоккей придать мотивация подрастать поколение,3,colloquial,Разговорный
амра магомед побеждать элмурод мадаминов досрочно первый раунд efc,3,colloquial,Разговорный
ролан гарроса круг лейла фернандес кристина младенович далее сыграть катерина синякова,3,colloquial,Разговорный
очень экспериментальный состав первый матч предсезонка,3,colloquial,Разговорный
чемпионат россия технический класс предварительный список рейтинг маршрут,3,colloquial,Разговорный
джонатан рэй выиграть эшторил джонатан рэй топрак разгатлиогла альваро баутист выполнить первичный задача уикенд эшторил трое стартовать первый линия решётка субботний гонка май год,3,colloquial,Разговорный
news lamppost пост навигация новиночка студийный обзор nova берсерка кхорный хорусый вознести план релиз батлтом аоса арми сет раб тьма аоса герой огров сынов бехемат банда кхорный андерворлд план релиз кодекс новинка арми сет скват,3,colloquial,Разговорный
хоть раз жизнь играть мяч классический волейбол пляж,3,colloquial,Разговорный
ixs купить клапан винтеляция шлем верхний весь спасибо,3,colloquial,Разговорный
фонбета чемпионат кхл сентябрь адмирал металлург начало матч мск вдк,3,colloquial,Разговорный
давать поблагодарить наш медвежонок сомнение парень стараться отдать частичка себя звёздный уикенд оглядываться короткий путь можно заметить след быть навсегда история нба след гриззлис который любим классно чувствовать себя это праздник хотя каждый позади монитор разный часть свет магия товарищ чудный запоминаться момент пережить благодаря это парень благодаря организация гриззлис каждый иметь она отношение,3,colloquial,Разговорный
любить баскетбольный кросс хороший кросс здесь кросс здесь кросс здесь супер низкий цена,3,colloquial,Разговорный
вступить группа офигенно другой кататься решить сделать минь,3,colloquial,Разговорный
резюме нортугой итог мужской эстафета надеяться первый этап потерять слишком много секунда потом шах мат сборная россия достать сообщать слово свой эксперт канал,3,colloquial,Разговорный
дорогой друг продолжать наш бегов мотивационный проект бегжизнь делисьбегом беговой фото публикация присылать комментарий этот пост сейчас свой прекрасный бегом делиться наш беговой друг анна кулясова казанцев гинтер посунький смуров токарев лопатин овчаренко шикин спасибо ваш бег дорогой друг лёгкий нога отличный беговой стартовый бег спорт забег зож легкаяатлетик марафонбелыеночь,3,colloquial,Разговорный
через боль кровь страдание мотик оживлённый опять этот неделя проверить перепроверить вообще проблема датчик колено нибыть пояснить идиот прозвонивающийся датчик мочь работать,3,colloquial,Разговорный
сбежать дагестанец полный бой мокай джонсон обзор ufc fight night новость мма,3,colloquial,Разговорный
александр локтеть покинуть металлург результат обмен форвард александр локтева нефтяник новокузнецкий хоккейный клуб получить право нападать артур болтановый локтеть сезон провести металлург матч который набрать очко заработать полезность александр бессменно выступать новокузнечанин первый сезон наш команда вхл нынешний чемпионат форвард стать форма металлург весь наш команда локтеть сыграть матч набрать очко год александр стать серебряный призёр вхл новокузнецкий хоккейный клуб благодарить александр локтева совместный работа желать успех дальнейший продолжение карьера,3,colloquial,Разговорный
элай томак дилан феррандис продлить контракт yamaha ama pro элай томак стать двукратный чемпион ama один самый возрастной чемпион история американский суперкросс обещать это карьера закончить сдержать слово сегодня солт лейк сити подписать новый контракт monster energy yamaha star напарник томак год стать действовать чемпион ama pro дилан феррандис,3,colloquial,Разговорный
время квалификация судья удалить круг джоу выезд белый линия аналогичный ошибка макс наказать единственный быстрый круг первый сегмент ждать перестановка решётка макс позиция,3,colloquial,Разговорный
мотоспорт motogp начало прямой трансляция msk трансляция доступный ссылка круглосуточный эфирный телеканал канал smart vlc видео торрент bcumedia pro запись трансляция онлайн скачать mega комментатор сергей сухоруков,3,colloquial,Разговорный
решить быть играть этот выходной список близкий игротека можно найти тут,3,colloquial,Разговорный
даниил медведев поделиться снимок катать свой новорождённый дочь коляска,3,colloquial,Разговорный
скотт кокер уверенный тот пол дейли завершить карьера скотт кокер видеть один самый надёжный нокаутер уйти смешанный единоборство после свой профессиональный бой пятница уверенный долго пол дейли преддверие турнир заявить завершить свой карьера турнир лондон мочь хороший выход игра чем победа нокаут президент год пережить дейли взлёт падение сложный отношение кокер затронуть после событие sse arena уэмбль лондон думать поле я такой особый отношение бывать хороший время бывать плохой время боец промоутер иногда расходиться мнение действительно чувствовать история боевой искусство мма достигнуть многое сильно уважать один событие особенно выделяться классика дейли ник диас год зайти раздевалка после сказать приятно продвигать год я провести один великий бой история мма мой любимый бой время ник диас сражаться мой старый компания кокер уверенный тот дейли уйти отставка пятница давать посмотреть быть далёкий ожидать оставить перчатка клетка это увидеть заметить кокер мой помощник некоторый наш промоутерский команда говорить писать сообщение пытаться договориться какой сделка посмотреть получиться после бой дейли сказать потребоваться абсурдный деньга заманить обратно бой оставить дверь открытый хотя приоткрыть,3,colloquial,Разговорный
играть терять время пустой заработать вместе hagg ежедневный онлайн соревнование мгновенный выплата скин реальный деньга карта член клуб приглашать тиммейт играть вместе стек через против весь мир занимать место таблица лидер зарабатывать приз общий призовой фонд ивент месяц более,3,colloquial,Разговорный
ещё писать сюэсяо жанр кто показаться специфический ценитель ждать страница этот работа сейчас активный впроцессник пополняться каждый неделя возможность стараться задерживать,3,colloquial,Разговорный
нибыть видеть непобедимый крепость гора крутой утёс каждый сила человек разборчивый весь чувство честь преданность себя свой принцип свой мораль тяжело подступиться заинтересовать осмелиться завоевать этот крепость поверь никогда узнать чувство предательство ложь уважать человек разборчивый уважать этот порода определённо хотеться рядом,3,colloquial,Разговорный
президент турецкий футбольный клуб адан демирспорый мурат санджак прокомментировать информация тот российский нападать артём дзюба расторгнуть контракт клуб долг контракт сообщение тот дзюба получить деньга адан демирспорый абсолютный неправда полностью рассчитаться контракт расторгнуть обоюдный согласие никакой другой обстоятельство приводить слово функционер издание евро футбол дзюба стать игрок адан демирспорый лето это год перейти право свободный агент санкт петербургский зенит турецкий команда летний россиянин сыграть пять матч который забить единственный гол ноябрь дзюба расторгнуть контракт клуб,3,colloquial,Разговорный
news lamppost aos слив новый гхб аоса заказывать этот часть батлплан скоро быть ещё цена,3,colloquial,Разговорный
денис синягин повторить результат хакимов лысенкова хоккеист стать третий вратарь металлург время выступление вхл сделать результативный передача матч отыграть ноль синягин защищать ворота команда поединок против рязань первый голкипер новокузнечанин поучаствовать голевой атака оформить шатаут удаться рафаэль хакимов год выездной матч челметом затем результат удаться повторить никита лысенкова последний матч год металлург дом обыграть дизель отметить текущий сезон синягин лысенковы повторить рекорд вратарь новокузнечанин установленный чемпионат два голкипер команда рафаэль хакимов ильяс гафиуллин удаться набрать очки турнир,3,colloquial,Разговорный
нимиро следующий сезон быть играть турецкий халкбанк,3,colloquial,Разговорный
приём друг безенгийский курант часики ходик хранитель который являться аксакал альпинизм пробить двенадцать раз ждать волшебный двенадцать месяц новый год этот волшебный новогодний ночь шлем чаровать волшебный привет безенгийский ущелие гора видный кош сказка новогодний ночь наш мир гора неведомый дорожка след невиданный зверь конечно птичий ножка размах крыло два метр орлиный грация здесь облако жить сказочный вечность наш планета космический мир новый год чудо пусть ваш желание обязательно сбыться пусть год оказаться один самый красивый необычный желать ваш картина жизнь необозримый большой писаться талантливо самый яркий краска желать достигать новый вершина самореализовываться желать большой радостный момент жизнь перейти приятный воспоминание тёплый встреча предать друг любимый домочадец мир здоровье созидание автор фотография фотохудожник владимир копылов гора видный кош коштантау проект найти свой вершина,3,colloquial,Разговорный
всероссийский соревнование гран россия золотой конёк москва мужчина произвольный программа результат итог даниил самсон место даника возвращение вперёд протокол,3,colloquial,Разговорный
конечно распродажа видеокарта технически провести плохо поломаться система восстанавливать плохо организовать тут спор виноватый dns рассказать старт продажа rtx судить слово директор сеть никакой скуп карта старт продажа весь технический неполадка система,3,colloquial,Разговорный
хотеть хороший другой быть готовый делать хотеть делать остальной,3,colloquial,Разговорный
мой реакция говорить тратить много деньга всякий фигня,3,colloquial,Разговорный
бег мой спорт я беговой фигура вообще неспортивный подходящий какой либо вид спорт мочь ужасно любить тренировка иметь соревновательный дух увлекаться различный вид спорт изучать спортивный питание никогда смочь сделать спорт свой карьера чисто физический параметр понять принять читать книга мэта фицджеральд соревновательный вес осознание разочарование чувство несправедливость оно оказываться тело нога подходить рекорд достижение особенно нога широкий плечо маленький грудь конечно более менее нога увы какой ворота длинный сухой скорее короткий толстый мощный мускулистый знать хороший написать соврать тонкий струна душа повредить делать такой ситуация фон человек изначально бегов конструкция просто решить померить обтяжка кросс быть выглядеть рыхлый новичок хотя бегать год засушиться усмерть хоть немного дотянуть хоть внешне толк нога это вытянуться хоть схуднут немного просто бег мой спорт тогда стёртый нога ноющий мышца обветрить рука лицо зимой жарко лето невыносимый прыгать горячий нога сугроб лужа подставлять горячий лицо дождь снег думать много думать чувствовать отпускать уходить одевать сухой снимать промокнуть насквозь горячий форма идея решение вдохновение лёгкость чувствовать работать мышца ощущать дыхание душа после тренировка видеть рассвет слышать утренний птица весна дышать аромат бог пахнуть воздух утром время цветение один вдох два выдох после бег прыгнуть река море хороший это ничего себя делать хотеть жить хотеть себя татьяна корчагин делисьбегом бег,3,colloquial,Разговорный
помочь гильдия развитие никогда пропускать новый публикация просто нажать кнопочка рекомендовать включить уведомление наш новый запись ещё телеграмма он стоить подписаться такой образ помочь поиск единомышленник никогда пропустить актуальный новость,3,colloquial,Разговорный
внимание внимание внимание летний распродажа спортивный оборудование квартира дача объявляться открытый скидка спортивный оборудование спорт самый главное держать себя тонус сохранять здоровье здоровье свой семья делать мочь себя позволить фитнес центр выход компактный оборудование легко разместиться ваш однокомнатный квартира спортивный дачный комплекс лёгкость собираться устанавливаться ваш частный участок наш преимущество наш оборудование смочь заменить полноценный посещение спортзал ознакомиться который мочь ссылка скидка оборудование индивидуальный подход каждый клиент возможно добавлять убирать любой элемент спортивный оборудование набор ваш усмотрение доставка оборудование транспортный компания день гарантия оборудование год официальный представитель фирма всегда онлайн режим ответить интересовать вопрос сформировать заказ исходить ваш потребность возможность заходить наш магазин подписываться заказывать просто необходимо всегда рада видеть число наш клиент,3,colloquial,Разговорный
тёплый термобельё высокий ворот молния выполнить тёплый флисова ткань технология служить первый слой зимний период второй холодный погода термобельё all season thermos максимальный утепление использоваться комбинация термокомбинезон материал флис отлично аккумулировать тепло тело отводить влага обеспечивать быстрый высыхание благодаря анатомический крой эластичный материал оптимально сидеть фигура состав ткань плоский шов обеспечивать комфорт плоский шов высокий ворота молния выпускаться размер xxxl термобельё цена руб наш сайт интернет магазин оформить заказ телефон мотоэкипировка байкер защита мотошлем шлем мотоцикл,3,colloquial,Разговорный
июль франция фабрицио барбацца ford последний гонка карьера итальянец,3,colloquial,Разговорный
большой чем спортсмен news проанализировать твит связанный олимпиада самый часто использовать слово спортсмен сеншю японский приставка обращение спортсмен юдзура ханя кёрлинг япония фигурный катание показательный женщина церемония закрытие news team hanyu,3,colloquial,Разговорный
супер предложение уверить раз сталкиваться ощущение интервью любимый спортсмен остаться некий недосказанность журналист задать важный вопрос упустить интересный момент биография возможно хотеть узнать особенный предоставлять возможность испытать себя роль журналист шанс задать вопрос даниил квят пилот условие простой написать вопрос комментарий обязательно отметить друг возможно именно ваш вопрос ответить даниил ещё победитель ждать подарок движущаясить,3,colloquial,Разговорный
ванвеять смока эншнт помочь приём плента смокнуть кидаться сидя пкм можно откидывать поздний тайминг,3,colloquial,Разговорный
новак сделать возможный физио свой команда восстановиться можно быстрый нужный хороший отдых мой тело привести порядок,3,colloquial,Разговорный
первый игра наш команда valorant квалификация день стрим тут,3,colloquial,Разговорный
вадим антипин выбор югра акм остановить выбор команда хант защитник стать прошлый сезон чемпион вхл состав рубин провести предстоящий сезон команда эдуард занковца действовать обладатель кубок петров межсезонье вернуться магнитогорск закрепиться основное состав металлург суметь прошлый сезон тюменский рубин игрок оборона год рождение провести матч регулярный чемпионат набрать очко показатель полезность плей офф счёт вадим игра,3,colloquial,Разговорный
овечкин попасть кузнецов клюшка лицо матч сента луис евгений понадобиться помощь врач,3,colloquial,Разговорный
николай заварухин прокомментировать победа матч против нефтехимик хороший начало здорово реализовать большинство потом стать играть атака поплатиться стать команда играть слишком осторожно концовка контроль шайба быть какой лишний отброс нефтехимик добавить быстрый команда видеть раскатка зарядить спасибо бригада меньшинство выстоять конец плюс маттссон помочь быть снова спад после хороший старт сезон надо работать через работа надеяться понять надо делать много эмоция забрать прошлый игра сибирь третий игра через день быть тяжклый выезд поставить ребята быть ротация сегодня мобильный,3,colloquial,Разговорный
зенит терпеть бедствие пятый поражение подряд саммелвуо финский тренер близкий увольнение петербургский клуб,3,colloquial,Разговорный
ракетка мир беларуска виктория азаренко обыграть чешка тереза мартинцов занимать строчка рейтинг wta счёт второй круг турнир вашингтон матч продолжаться час минута теперь счёт личный встреча стать польза беларуска четвертьфинал соревнование open азаренко сразиться китаянка ван обыграть хорватка донна векич,3,colloquial,Разговорный
fifa удалить нападать мэйсон гринвуд подозревать избиение изнасилование свой девушка теперь левый фланг нападение вместо он играть другой воспитанник клуб фанат верить ждать большой будущее,3,colloquial,Разговорный
бороться психологический атака соперник спорт техника тактика физический совершенство прежде весь соперничество соперничество средство хороший кроме запретить разумеется психологический воздействие соперник один эффективный средство любой психологический атака иметь цель вызвать реакция тот кто направить выбить седло сбить настрой мочь любой слово действие нарушать целостность личность выводить состояние боевой готовность зачастую соперник оказываться сильный свой психологический атака надо знать основной приём защита это хороший средство противодействие любой атака являться игнорирование постараться заметить этот атака сделать вид слон приметить пройти мимо сделать нелегко зато сила вложить этот атака вернуться бумеранг тот начать ещё один мощный средство защита против психологический атака являться спокойствие хладнокровие пусть демонстрировать внешний нужно научиться сдерживать любой внутренний порыв ответить острый словцо резкий действие ответный удар именно это ждать атаковать сбить толк свой равнодушие добродушие наверное оставить попытка вывести терпение быть атаковать вновь вновь поверьте скоро надоесть найти себя другой жертва прекрасный чувство юмор обязательно использовать смешной фраза вовремя место сказать стать прекрасный оружие против психологический атака поднять весь настроение быть осторожный сарказм можно нанести ответный обида который обидчик затаить обязательно случай вернуть главное формировать закалять характер именно характер противостоять нападки наговор сплетня голословный обвинение весь вид психологический атака,3,colloquial,Разговорный
шакил нил заключить необычный пари голден стэйт выиграть чемпионат гарантировать давать заключить пари финикс обыграть голден стэйт плей офф пройда два квартал надпись санс задница окей показать прямой эфир инстаграм уорриорс один мой любимый команда играть правильно двигать мяч игрок вовлечь командный баскетбол играть выигрывать два хороший снайпер мир карри томпсон лига пытаться соответствовать кто игрок такой калибр тот чемпионский опыт выиграть несколько титул,3,colloquial,Разговорный
пятикратный олимпийский чемпион кратный чемпион мир норвежский биатлонист йоханнес опубликовать социальный сеть фото повзрослеть сын густав прогулка подписать снимка младший напомнить йоханнес жена хедда дэли пожениться год январь год пара появиться сын густав,3,colloquial,Разговорный
добрый вечер поехать разобрать хлам гараж разобрать кувалда очнуться батарея карбова кухня подсказать знать поршень помойка,3,colloquial,Разговорный
российский беларуский волейболист александр бутько обнаружить допинг грозить завершение карьера,3,colloquial,Разговорный
хьюстон защитник кевин портер договориться продление контракт четыре год миллион доллар главный тренер рокетс стивен сайласа едва заплакать журналист спросить он значит новый контракт портер человек помочь баскетболист раскрыться техасский команда портер прийти рокетс январь год кливленд обмен защитить топ пик второй раунд драфт кавальерс баскетболист попасть скандальный ситуация после тот он отнять шкафчик раздевалка прошлый сезон портер провести хьюстон матч набирать среднее очко подбор передача перехват,3,colloquial,Разговорный
уступать выезд локомотив следующий игра казань,3,colloquial,Разговорный
вашингтон выйти плей офф раз подряд вашингтон обеспечить себя выход кубок стэнли случиться благодаря поражение айлендерс торонто матч чемпионат нхл тогда кэпиталзти сегодня играть после игра вашингтон очки занимать столичный дивизион место опережать балл идти пятый айлендерс лишиться шанс выход плей офф,3,colloquial,Разговорный
покров ночь ваш трата превратиться кэшбэк карта all games возвращать видеоигра техника доставка еда участвовать ежемесячный розыгрыш покупка новый игра оформить минута,3,colloquial,Разговорный
пулемёт максим расподаваться матч московский динамо настрелять эйс подряд казанский зенит оформить победа подряд это сезон смотреть,3,colloquial,Разговорный
главный сделка первый день работа трансферный рынок нхл экс форвард калгари джонни годро подписать семилетний контракт коламбус кэпхит млн бывший капитан филадельфия клод жир заканчивать прошлый сезон флорида заключить трёхлетний соглашение оттава среднегодовой зарплата млн голкипер чемпионский колорадо дарси кемпер подписать пятилетний контракт вашингтон кэпхит млн российский вратарь илья самсон получить кэпиталзти квалификационный предложение год подписаться торонто зарплата млн договориться мэйпл лифс голкипер джек кэмпбелла пять год стать игрок эдмонтон кэпхит млн райан строум покинуть рейнджерс подписать пятилетний контракт анахайм среднегодовой заработок млн нью йорк строум заменить экс игрок каролина винсент трочек контракт год кэпхит млн илья михеев заключить четырёхлетний соглашение ванкувер зарплата россиянин сезон составить млн каролина выменять защитник брент бернс сан хосе форвард макс пасиоретти вегас тампа заключить новый восьмилетний соглашение российский защитник михаил сергачев общий сумма контракт составить млн кэпхит млн,3,colloquial,Разговорный
папа сайнс поздравлять поразительный карьера себ настоящий легенда это спорт хороший пожелание новый начинание vettel ferrari,3,colloquial,Разговорный
помочь гильдия развитие никогда пропускать новый публикация просто нажать кнопочка рекомендовать включить уведомление наш новый запись ещё телеграмма он стоить подписаться такой образ помочь поиск единомышленник никогда пропустить актуальный новость,3,colloquial,Разговорный
день старт угмк европа азия тик тик время бежать подгонять остаться день старт сам яркий событие август напоминать онлайн регистрация закрываться июль приобрести слот связь частый заявка перенос слот хотеть сообщить перенос можно осуществить август встреча забег,3,colloquial,Разговорный
премиальный подарок мужчина шахматы нард именной гравировка массив дуб латунь натуральный кожа посмотреть цена,3,colloquial,Разговорный
судзук обкатывать обновить аэродинамический пакет машина супер формула шасси стандартный двигатель различаться существенный чем например индикарь хотя разрешить значительный доработка год год,3,colloquial,Разговорный
другой путь упорство труд методичный методика наконец получиться сделать работа планировать сделать ещё март теперь счастливчик сколько народ вообще мочь тренироваться горка хороший темп через трусца строго пано рекордный набегание последний отрезка забавно топить пара собачка догонять стоячий спрашивать мочь прибавить прибавлять этот очень рада василий парняк,3,colloquial,Разговорный
тим задача конец сезон я больший цель закончить год топ потрясающе нужный хороший матч нужный победа ещё нужно много очко,3,colloquial,Разговорный
летний защитник весло фофан продлить контракт лестер окончание сезон английский клуб перейти октябрь год млн евро сента этьен,3,colloquial,Разговорный
стать известный группа формат расписание стадия last инта чекать,3,colloquial,Разговорный
расписание сегодняшний игровой день wimbledon centre court новак джокович янник синнер марь боузкова онс жабер court татьяна мария юла нимайер давид гоффен кэмерон норри,3,colloquial,Разговорный
знать ждать день тут либо тот впереди выходной либо новый перевод карточка предмет надеяться важный оба причина забыть вернуться вечером,3,colloquial,Разговорный
карло анчелотти товарищеский матч барселона матч барселона никогда товарищеский быть очень конкурентный матч,3,colloquial,Разговорный
мой семья отец вздох сделать убить быть первый глоток воздух мой жизнь ниндзя убийца,3,colloquial,Разговорный
получение удар мотивировать я заставлять я наказывать парень ещё большой боец принимать удар ответ наносить три удар роберто дюрана,3,colloquial,Разговорный
мара сова поручить скрытый разобраться ситуация отправка гардиан рейд клятва послушник,3,colloquial,Разговорный
прибытие женить аэропорт омск евгениямедведев,3,colloquial,Разговорный
отличный восстановление друг рубить после тяжёлый трени бег спорт зож забег легкаяатлетик спорт наспорт,3,colloquial,Разговорный
прямой трансляция матч финал турнир берлин bett open бенчича кудерметов сайт sport русский комментатор запрет смотреть бесплатно регистрация vpn русский вложение,3,colloquial,Разговорный
атлет российский параатлет одержать победа чемпионат европа триатлоно испания летний владимир рябоконь лишиться оба рука результат производственный травма сдаться прийти большой спорт интервью триатлонист рассказать интенсивный тренировка путь золотой медаль поделиться радость победа sport бег спорт зож воля силаволя,3,colloquial,Разговорный
effys pearl действительно достойный карта разработчик исправить мильный коридор какой либо укрытие называть лонг,3,colloquial,Разговорный
ребятки кстати праздновать день рождение возможно поехать свой друг база отдых пока радовать крутой пост,3,colloquial,Разговорный
самый возрастной участник забег dagestan стать летний заслужить спасатель россия зиявдин никомагомед уроженец село карекадань левашинский район пробежать дистанция трейловый забег проходить гора республика традиционно раз это год поучаствовать более россиянин субъект страна приехать регион человек центр страна владивосток камчатка крайний север бегун самый разный год профессия отметить руководитель мероприятие антон жилин,3,colloquial,Разговорный
август год родиться михаил ботвинник история шахматы советский чемпион мир год юный миша ботвинник стать участник сеанс одновременный игра против сам чемпион мир капабланк вынудить великий кубинец признать поражение неожиданный смерть действовать чемпион алехин год спутать карта фиде мир впервые остаться чемпион тогда решить организовать матч турнир участие ведущий гроссмейстер керес эйв решевский смыслово ботвинник исторический турнир пройти год голландия ссср матч турнир первенство мир гаага москва завершиться победа ботвинник блестящий стиль завоевать звание чемпион опередить призёр очко,3,colloquial,Разговорный
кроссовок баскетбольный магазин ghetto basket shop консультация стрельский,3,colloquial,Разговорный
мечтать нибыть управлять ветер жаркий летний день очень пригодиться такой умение обычно доставаться дух природа задача сложный колонист разорять остров нужно направить сила природа остановить дополнение остров дух гиблый край продолжить спасать остров новый дух ещё карточка сценарий событие другой компонент готовый разнообразить игра цена руб приятный бонус покупка дополнение можно получить набор промый карта количество промый набор ограничить мочь управлять любой сила природа какой выбрать,3,colloquial,Разговорный
нмхлый сезон кубок регион финал март конференция запад брянск ска гуор карелия арктика россошь бул динамо юниор белгород бул динамо эконива бобёр март конференция восток металлург олимпий бул дизелист прогресс мхк кристалл рязань вдв бул тверичать сшоры полёт бул,3,colloquial,Разговорный
жалеть уход формула глава автоспортивный подразделение масаша ямамото признаться коллектив жалеть ранний уход формула японец выразить надежда производитель двигатель будущее ещё вернуться чемпионат лично согласный мнение слишком рано покинуть чемпионат цитировать ямамото британский очевидный решение компания понимать какой путём хотеть идти далёкий конец конец прийтись это смириться надеяться однажды вернуться формула конечно печально знать это октябрь год понимать должный добиваться максимум быть нацелить победа чемпионат наш последний год теперь думать завершить свой работа формула достигнуть свой цель срок поставить перед себя теперь быть другой отношение red быть поддерживать red добиться хороший результат вместе двигатель быть называться red,3,colloquial,Разговорный
cопрядить метод вестсайда день максимальный усилие тяга резина,3,colloquial,Разговорный
огненный финишный ускорение триатлоно триатлоно триатлет финиш забег мотивация,3,colloquial,Разговорный
модена сенсационно уступить французский тур первый матч финал кубок екв,3,colloquial,Разговорный
видеоправило эпоха облако стратегический настольный приключение про поиск ресурс постапокалиптический пустошь затянутый плотный облако стать капитан дирижабль начать долгий путешествие пережить экологический катастрофа мир город разбросать страдать земля ещё можно раздобыть ценный ресурс мешать этот быть террорист облачник слой туча через буквальный смысл прийтись разглядывать наиболее выгодный область карта смотреть правило играть частый купить игра эпохаоблако,3,colloquial,Разговорный
позитивчик лента друг позитив скакалка спорт прыжок,3,colloquial,Разговорный
день вдв поздравлять носить носить голубой брать тельник день воздушно десантный войско такой боевой день вдв наш страна ещё никогда афганский чеченский война какой другой парень сегодня делать история наш страна сражение ваш год быть помнить время день вдв,3,colloquial,Разговорный
обзорыгранить предлагать просмотр летсплей игра письмо призрак илья канал провести партия этот увлекательный детективный игра дедукция блеф ассоциативный мышление,3,colloquial,Разговорный
мощный старт ростов подавить химки футбол чемпионат россия тур май ростов дон стадион ростов арена ростов химки голый тугаревый полоз мирзов,3,colloquial,Разговорный
скидка ключ wrath the основный игра wrath the руб руб цифровой артбук саундтрек карта уникальный внутриигровой предмет season pass руб три дополнение скидка dlc dlc the ashes руб дополнение игра входить season pass wrath the изометрический prg легендарный настольный система продолжать идея сюжет игра разворачиваться зловещий северный территория известный мировой язва сделать выбор десятка раса класс предстоять остановить демонический вторжение познать быть добро зло стать мифический герой способный фантастический подвиг акция,3,colloquial,Разговорный
боец главное карда подписывать постер перед предстоящий турнир ufc ufc,3,colloquial,Разговорный
сказать метр конечно удовольствие маленький высота всегда играть важный роль роупджампинг очень важный место атмосфера подхват навеска верёвка который совершаться прыжок более тот встречать множество человек который страшный прыгать маленький объект человек легко прыгать высоченный скала отказываться метровый кирза страшно ещё вершинка морковка просто забираться можно напрыгать много прыжок стандартный акция прыжок завтра работать искать группа мероприятие,3,colloquial,Разговорный
лондонский челси позволить каллум хадсон одоить покинуть клуб право аренда возможность уйти постоянный основа новый руководство челси игрок предоставлять собираться хоть существовать серьёзный интерес сторона ньюкасл боруссия дортмунд лестер саутгемптон,3,colloquial,Разговорный
нглуи мглва нафха ктулху льех вг наглый фхтагна предзаказ книга игра миф ктулху продолжаться присоединяться кампания,3,colloquial,Разговорный
наш победитель именно выбрать этот ливрея сам хороший сезон поздравлять василий ясемчик выиграть эксклюзивный подарок наш телеграм совершенно другой победитель движущаясить,3,colloquial,Разговорный
news lamppost warhammer next week некствика сегодня маленький удалой следующий неделя предзаказ выходить один коробка коробка элдрич оменс выпустить ограниченный тираж заказать первый два день сайт сто процентный вероятность получить коробка помимо она предзаказ выходить книга комикс мультик вархаммер тишина зато быть два видео батл репорт тау против гвардия ворона гайда покраска камуфляж,3,colloquial,Разговорный
женский сборная финляндия громить хороший команда группа выходить полуфинал олимпиада встретиться сборная сша,3,colloquial,Разговорный
весь привет этот неделя конкурс репост выиграть александр павленко калинин ребята поздравлять ждать завтра прыжок напоминать завтра прыгать гвоздь метр успеть записаться беда можно приехать записаться место прыгнуть живой очередь встреча гвоздь август воскресение,3,colloquial,Разговорный
сговориться объединить заклинание против игрок урон сработать большой смешной необузданный история комментарий присоединяться,3,colloquial,Разговорный
бротуля поймать думать кепочка надеть скрыться богатырь славянский сразу видно давать бротуля проверочка дерзаться смотреть наш пацан бурогозить,3,colloquial,Разговорный
самый главный фанат новак казахстан фанбаза джокович говорить сам себя потрясать атмосфера следующий остановка париж,3,colloquial,Разговорный
космический путешествие продолжаться переходить ссылка принимать участие космический приз общий призовой фонд полёт,3,colloquial,Разговорный
карло анчелотти стать первый тренер выиграть четыре трофей лига чемпион,3,colloquial,Разговорный
день матч регулярный чемпионат кхл цска авангард омск январь москва цска арена прямой трансляция матч,3,colloquial,Разговорный
показать ключевой смока атака через центр,3,colloquial,Разговорный
досрочный завершение сезон даниэл ирашко штольц весь несколько день этап кубок мир хинценбах австрийский команда прислать плохой новость даниэл ирашко штольц решить досрочно завершить сезон продолжаться проблема колено кубок мир хинценбах последний треть сезон летать лыжница начинаться следующий выходной даниэл ирашко штольц быть сообщить понедельник австрийский лыжный ассоциация летний спортсменка досрочно заканчивать сезон постоянный проблема колено последний появление сезон олимпийский премьера смешанный командный соревнование дисквалифицировать лишний сантиметр поясной часть прыжковый костюм последний раз ирашко штольц стартовать кубок мир январь новогодний турнир любно занять шестой место пропустить соревнование виллинген конец январь польза хороший подготовка олимпиада после приезд пекин сказать любно почти ничего мочь делать терапия главный проблема тот стыковаться колено крайне тревожный олимпийский личный зачёт подняться выше двенадцатый место понедельник дать комментарий согласно пресс служба команда должный принять участие мероприятие сми перед домашний кубок мир вторник любой случай будущее полностью открыто ирашко штольц иметь долгий история травма впервые публично рассматривать возможность завершение карьера игра китай хотеть принять решение после восстановление шестой одиннадцать сезон кубок мир мочь участвовать соревнование полный объём кратный победительница кубок мир смочь улучшить защитить нынешний восьмой место общий зачёт кубок мир хороший результат сезон оставаться третий место открытие кубок мир нижний тагил после три победа общий зачёт континентальный кубок высокий соревновательный класс женщина введение кубок мир сезон ирашко штольц выиграть большой хрустальный глобус общий зачёт кубок мир год стать индивидуальный чемпионка мир осло завоевать бронза год фалуна зеефелёд смешанный команда вица чемпионка мир год год стать чемпионка мир женский командный старт выиграть бронзовый медаль состав смешанный команда год завоевать серебряный медаль олимпийский премьера прыжок трамплин среди женщина сочи год принадлежать неофициальный мировой рекорд среди женщина дистанция метр установить полётный трамплин кульм,3,colloquial,Разговорный
интересный факт джон джонс большой арест чем хабиб защита титул,3,colloquial,Разговорный
сгибание арматура сергей брагин кинк один дожим одинарк,3,colloquial,Разговорный
идеальный подарок моделька сделать высококачественный пластика металлический деталь высокий детализация,3,colloquial,Разговорный
зубац показывать отличный игра квалификация чемпионат мир,3,colloquial,Разговорный
значение проверка внимание проверка скрытность можно просто стоять посреди комната накрыться покрывало нри,3,colloquial,Разговорный
прекрасный виктория горбачёв волейболистка сборная россия локомотив прошлый сезон калининградский локомотив впервые стать чемпион россия тогда волейболистка финал обыграть московский динамо это год калининградка сражаться чемпионство уралочка нтмк финал помогать либеро виктория горбачёв подробный фото,3,colloquial,Разговорный
эпоксидный дек seka logo наличие эпоксидный клей холодный прессовка средний конкейв размер цена наждак перфорированный безопасный форма оплата комисия бесплатный доставка заказать,3,colloquial,Разговорный
продать указать продавать навигатор описать товар часы ambit оригинал забивать координата прям часы идти нужный точка вести очень точно огромный количество функция настройка gps барометр термометр альтиметр компас связь трек куча тренировка аккумулятор огромный ёмкость водонепроницаемый зарядка комплект пульсометр рубль пульсометр рубль краснодар пересылать местонахождение краснодар наличие пересыл наличие пересыл фото публиковать цена влад зелентс,3,colloquial,Разговорный
гонка легендарный дуэль сам опасный вид спорт второй выпуск подкаст спортивный кино какой исторический неточность гонка девушка любить гонщик стать лауда хант после событие кино слушать новый выпуск,3,colloquial,Разговорный
дать вайта проиграть это бой паковать чемодан президент ufc рассказать грозить проиграть поединок чендлера фергюсоон серрон лузона,3,colloquial,Разговорный
завершиться сезон апл астон вилла проиграть матч который играть резервный синь форма сжечь забыть,3,colloquial,Разговорный
хайлайта сегодняшний встреча против бруклин,3,colloquial,Разговорный
необычный пит стоп алекс албон начало последний круг гран австралия принести первый очко сезон,3,colloquial,Разговорный
сегодня московский время через час даниил медведев провести центральный корт матч круг western open против голландец ботик ван зандшульпа спать болеть,3,colloquial,Разговорный
мотогонка лёд заключительный этап командный чемпионат швеция,3,colloquial,Разговорный
кудо казахстан чемпионат казахстан кудо актоба май,3,colloquial,Разговорный
турнир восходящий звезда игрок быть поделить команда кейд каннингем попасть команда рик барри саддик бить айзея стюарт команда айзея томас,3,colloquial,Разговорный
mortea новый имя чайный история хороший сорт авторский купаж порадовать свой вкус разнообразие любитель чай каждый стартовый пакет ожидать вкусный подарок mortea нужно хороший,3,colloquial,Разговорный
сегодняшний лидер фэнтези поинтс совокупность положительный отрицательный действие площадка,3,colloquial,Разговорный
весь привет вы fronzes хотеть порекомендовать сообщество клан название парень дальний восток готовый покорять край хотеть набрать свой аудитория аудитория поддерживать трудный минута развитие свой клан это парень хотеться подписочок играть вместе прак общаться вместе вместе беседа учавствовать розыгрыш стат розыгрыш ребята просить принять участие розыгрыш закрепить запись этот ссылка парень играть турнири прак клановый битва рассказывать публично свой сообщество иметься красивый оформление сообщество клан имеються скрин состав правило заявка клан предыдущий будущий игра многое другой подписываться ребята передавать привет,3,colloquial,Разговорный
расписание второй игровой день астана центральный корт максим кресси карен хачан стефанос циципас михаил кукушкин карлос алькарас давид гоффен александр бублик таллоно грикспур даниил медведев альберт рамос корт павел кот алехандро давидович фокин александр шевченко люк нарди,3,colloquial,Разговорный
грозный завершиться всероссийский турнир кикбоксинг дисциплина фулла контакт посвятить день город пройти сентябрь октябрь срк бена треветь гудермес турнир принять участие команда регион россия звание хороший различный весовой категория оспаривать спортсмен кикбоксинг федерациякикбоксингароссия,3,colloquial,Разговорный
собрать фулла хаус альфа ромео ещё шелл конец месяц можно купить радиоуправляемый ferrari юбилейный раскраска,3,colloquial,Разговорный
motogp видео драматичный развитие событие последний минута сепанга минута изменить весь ситуация гран малайзия преступный разгильдяйство франко морбиделли крушение баньяй ошибка марк маркес позволить фаворит motogp попасть квалификация сепанга,3,colloquial,Разговорный
знать мечтать услышать три волшебный слово восстание продажа звездныевойный,3,colloquial,Разговорный
день добрый просить помощь магадан являться владелец старенький vmax я проблема датчик хол стоить пропасть искра задний цилиндраза манипуляция перестановка пробовать непомочь остаться один вариант датчик два год пытаться найти никак неполучаться помочь оживить конь очень нравиться,3,colloquial,Разговорный
про аджигардак сапфир урал челябинский область быть реализовать проект развитие действовать горнолыжный курорт аджигардак ашинский район новый проект оздоровительный курорт еткульский район сапфир урал,3,colloquial,Разговорный
польский экстралига тур сталь гожуть островие оструть начало мск видео телеграм текст апатор торунь влукняж ченстохов начало мск видео телеграм текст,3,colloquial,Разговорный
зритель скандировать оскорбительный кричалка адрес грин you draymond,3,colloquial,Разговорный
первый неделя бесплатно мобильный связь спам скрытый платёж удобный конструктор тариф бесплатный тестовый период заказать бесплатный доставка сие карта ссылка,3,colloquial,Разговорный
ракетка мир елена рыбакина казахстан второй раунд open переиграть румынка елена габриэла руза являться номер рейтинг wta длительность матч составить час минута следующий игра летний теннисистка провести джессика пегула слоан стивенс сша,3,colloquial,Разговорный
warhammer валрак опять день день рассказывать очень надёжный слух многое повторять предыдущий итак мнение выйти район август сентябрь октябрь следующий год ожидать июнь скоро начаться новый сюжетный серия тип кампания психический пробуждение соединить редакция чем первый часть этот книга быть про абаддон тут добавлять мнение этот книга мочь разместиться обновление дополнение космодесант который упоминаться ранее последний часть этот серия вернуться примарх первый легион лион эль джонсон выйти конец редакция начало помимо прочее этот серия быть выходить обновить персонаж азраил фарсайт данте последний данные валрак быть примерно формат обложка одноимённый книга гай хэйль кроме тот информация некий персонаж демон принц пока очень понятно речь про новый модель демон принц который видеть либо совсем новый хсм такой пирожок соль звучать фарш прокрутить третий раз посмотреть ого октябрь вероятно некий завеса тайна будущее приоткрыться неделя ещё обещать выкатить инф про ересь хорусый прошлый раз кстати выйти очень,3,colloquial,Разговорный
дорогой друг ждать ваш беговой фоточка комментарий этот пост сейчас свой бегом позитив мотивация делиться наш беговой друг белов саша шелаев рыбас дорошенко афанасьев кожин тарановый маргановый седов спасибо ваш бегомотивация дорогой друг лёгкий нога позитив новый беговой рекорд бег спорт зож забег пробежка верста sport всембег,3,colloquial,Разговорный
большой ассортимент bmx запчасть низкий цена удобный система оплата доставка весь россия магазин,3,colloquial,Разговорный
yart yamaha выиграть квалификация дебютный гонка spa ewc motos результат мировой мотогонка вернуться бельгия легендарный spa завтра стартовать дебютный гонка spa ewc motos новый формат этап чемпионат мир эндуранс год результат квалификация,3,colloquial,Разговорный
дебетовый карта мир бесплатный перевод оплата жкх комиссия подходить получение выплата зарплата бюджетный сфера кэшбэк рубль спец предложение остаток счёт оформить карта ссылка привезти дом,3,colloquial,Разговорный
орландо салидо лопёс салидо останавливать небитый проспект лопес,3,colloquial,Разговорный
кто хотеть стать вырасти сумасшедший трейлер,3,colloquial,Разговорный
областной чемпионат луч завершиться обзор некоторый вид второй день немногочисленный забег сильно поредеть несколько спортсмен выйти старт женщина отметить мария родионов росток луч вчера обновить личный рекорд сегодня сделать самый барьер результат предварительный забег финал пройти скучный мужчина состояться дуэль семён лубским сильный урфо барьерист екатеринбургский юность даниил лужбин росток третий рейтинг урфо это возраст предварительный забег первый семён время даниил финал финиш добраться лужбина женщина медаль быть разыграть последний сильный забег выиграть победительница зимний урфо мария рыбинский уор луч серебро забрать анна белов екатеринбург бронза алёна муратов ргппа мужчина интрига закончиться после первый забег одиночество дистанция добегать алексей ломакин сильный урфо метровика юность луч ргппа второе место занять никита потяк росток луч показать хороший время это сезон третий место личный рекорд павел кучкова луч урфа конечно раз другой наш быстрый спортсмен выйти старт например семён ион второй урфо лидер всегда больший заноза соперник динамика большой результат возможно другой неожиданность многий судья стать мужской финал просьба тренер сделать два финал финал финал большой половина участник пять восемь старт выйти секретариат массово полететь медсправка итог победа одержать стартовать одиночка финал максим ильин юность луч возрастной категория сейчас второй рейтинг урфо это вид первый одноклубник егор колотилов интересно посмотреть противостояние два наш хороший спринтер чемпионат область зритель такой радость достаться колотилов показать предварительный забег борьба финал отказаться борьба финал отказаться сергей романчук спутник урфа предварительный забег алексей пирог сшоры юпитер ргппа предварительный время взять бронза чемпионат итоговый протокол готовиться почти результат можно посмотреть онлайн,3,colloquial,Разговорный
хороший накладывать звук камера попов сделать квалификация просто трансляция голос,3,colloquial,Разговорный
идея воин мастерски владеть катана придерживаться благородный кодекс невероятно романтичный тот подкрепить легенда фильм сам японец приложить максимум усилие создание подобный образ,3,colloquial,Разговорный
день рождение поздравлять российский летать лыжник призёр олимпийский игра пекин данил садреева желать здоровье успех дальнейший прогресс любим дело верить хороший быть счастливый даня,3,colloquial,Разговорный
аврора недостроенный здание опытный завод физико технический институт необычный башня высота метр ранний стоять тарелка радиотелескоп уникальность объект заключаться тот помимо сам прыжок свободный падение ещё метровый скоростной тролль круговой маятник конец человек приземлять перемычка здание невероятный городской объект казаться недавно проводить прыжок теперь натолкнуться фото разобрать здание последний фото знать сейчас происходить один солнечный день мероприятие аврор неожиданно прийти около человек отпрыгать ещё мощный хэллоуин посмотреть атмосфера год прикрепить альбом помнить аврора,3,colloquial,Разговорный
прямо сейчас тампере идти традиционный церемония включение новый член зал слава присоединяться просмотр,3,colloquial,Разговорный
продать указать продавать привод описать товар оружие страйкбол акс гир быстросьть пружина внутри стволик стальной резинка мапл лиф жёлтый ещё тюнинговаться именно вспомнить дерево боевой покрыть чёрный матовый текстурный краска реалистичность комплект фото рубль краснодар пересылать местонахождение краснодар наличие пересыл наличие пересыл фото публиковать цена влад зелентс,3,colloquial,Разговорный
сравнение blast турнир год какой этот турнир запомниться большой весь,3,colloquial,Разговорный
софия кенина реклама средство уход полость рот,3,colloquial,Разговорный
фанат ротор почтить память погибнуть сталинградский битва февраль фанат волгоградский ротор почтить память герой сталинградский битва антон трунов лидер фан движение ротор ultras сегодня февраль собраться акция среди болельщик фанат футбольный клуб ротор прислать почтить память герой этот земля собраться порядок пятьдесят человек немаловажный такой погода прислать болельщик ребёнок хотеть сказать родитель привлекать ребёнок такой мероприятие помимо компьютер ещё что ребёнок знать день февраль гордиться жить этот героический земля зря говорить сталинград родина победа именно здесь начаться победный ход советский армия хотеть сказать огромный спасибо помимо болельщик сегодня здесь собраться весь житель наш город сегодня утро вечер приходить мамай курган возлагать цветок помнить чтить прекрасный день наш история февраль любить наш город любить волгоград никогда предавать наш страна толя ренжин юный болельщик прийти почтить память герой сталинградский битва анна ренжин болельщица ротор сегодня прислать почтить годовщина сталинградский битва поклониться пасть герой спасибо организатор здесь собраться антон колесников болельщик ротор очень рад здесь оказаться хоть идти дождь стих маргарита агашина говориться тот заиндевелый тот священный высота крыло метель белый положить красный цветок сегодня погода капризный наш город герой сегодня белый метель идти дождик равно прислать сюда хотеть выразить огромный благодарность организовать великое дело хотеть сказать очень рад здесь видеть много ребёнок зря композиция мамаев курган называться память поколение приятно видеть молодой подрастать поколение ещё совсем юный быть помнить этот герой много десятилетие назад отдать жизнь светлый будущее светлый завтра мирный небо голова большой весь спасибо великий праздник день великий победа стать переломный момент весь второй мировой война,3,colloquial,Разговорный
право укр каста выкупить маинкаста остаться контент вовсе,3,colloquial,Разговорный
дождаться сегодня наконец сыграть дом вечером ждать матч цена билет рубль владелец абонемент игра нефтехимик вход бесплатный,3,colloquial,Разговорный
продать колесо ваз рубль нижний рычаг сбор правый ваз рубль шаровой передний подвеска рубль накидка седения ваз рубль кулиса рубль писать,3,colloquial,Разговорный
aston показать первый настоящий болид сезон живьём,3,colloquial,Разговорный
брутальный тренировка спортсмен парень больший мышца выполнять упражнение больший вес эффектно сильно,3,colloquial,Разговорный
такой хоккей олимпийский игра год матч третий место николай хабибулин владислав третьяк игорь кравчук это турнир медаль разыгрываться среди команда шесть ведущий сборный мир канада чехия финляндия россия швеция сша автоматически выйти финальный турнир сборная россия находиться группа группа входить сша финляндия белоруссия россия занять третий место этот группа результат финальный турнир определяться пара плей офф кубковый система проводиться игра навылет первый матч плей офф сборная россия сыграть сборная чехия матч завершиться счёт польза россия следующий матч наш сборная играть против сборная сша это матч американец оказаться сильный победить счёт такой образ наш сборная мочь побороться бронзовый медаль последний матч это турнир сборная россия сыграть против сборная белоруссия матч очень результативный закончиться счёт польза наш победитель это турнир стать сборная канада финал сразиться сборная сша,3,colloquial,Разговорный
опытный доигровщик денис шипотько следующий сезон мы после небольшой пауза денис вновь врываться большой волейбол нетерпение ждать матч посмотреть это вариативный игрок форма наш команда добро пожаловать денис верить амплуа доигровщик рост возраст год,3,colloquial,Разговорный
дуэйн уэйд стать гость ночной шоу джимми фэллоно рассказать похмелие после последний игра карьера игра барак обама белый дом документальный фильм team который рассказываться выступление сборная сша олимпийский игра пекин,3,colloquial,Разговорный
вспоминать легендарный победа людмила белоусов олег протопопов,3,colloquial,Разговорный
домашний победа уралочка волейболистка динамо барс обыграть уралочка нтмк матч тур pari суперлига счёт pari суперлига тур динамо барс уралочка нтмк октябрь казань центр волейбол судья тубылов ижевск динамо лазаренко королева заманский синицын симоненко лукьянов стартовый шестёрка баяндин либеро ануфриенко ковалёв суворов уралочка нтмк кондрашов котов воробьёв фитисовый ваганов купряшкин стартовый шестёрка карполь либеро трухин либеро корниенко мусиенко очки подача атака блок приём ошибка подробный,3,colloquial,Разговорный
дополнение шакал архипелаг снова наличие исследовать остров находить золото забирать корабль пока другой пират успеть отнять сокровище цена дополнение руб играть шакал,3,colloquial,Разговорный
срочно сдаваться комната цена ниже рыночный байкальский комната иметься мебель стиральный машинка холодильник комната находиться общежитие коридорный тип первый месяц тысяча последующий месяц тысяча включить рядом находиться магазин хороший транспортный развязка радом школа детский сад,3,colloquial,Разговорный
российский тренер сергей башкиров рассказать проходить сбор группа сочи погода свежий чем прошлый год снег недавно падать целый сутки лежать хотеть достать лыжа пока обойтись кататься роллер ходить поход логинов зацепить простуда здесь обманчивый горный погода пока тренировка он корректировка сказать башкиров эфир матч автор сюжет андрей роман сообщить антон бабиков получить небольшой травма нога,3,colloquial,Разговорный
mma makamma пресс конференция чимаева диаз отменить этот ночью должный пройти пресс конференция участник турнир ufc выйти дать уайт извиниться перед весь сообщить кулиса произойти потасовка пресс конференция прийтись отменить потом стать известно чимаев кевин холланд сцепиться журналист сообщать хамзат ударить кевин нога грудь потасовка какой образ замешать команда нейта диаз турнир сила комментарий хамзат видео,3,colloquial,Разговорный
раскидка смокова атака занятой позиция yekindar,3,colloquial,Разговорный
январь год гэри робертс оформить восьмой хет трик карьера калгари флэймза против баффало сэйбрзнуть второй игра после тот пропустить почти целый год травма шея былтакойхоккей,3,colloquial,Разговорный
официальный презентация пьер эмерик обамеянг качество игрок барселона,3,colloquial,Разговорный
ровно три год назад матч против торонто рэпторз яннис адетокумбо спустя год повторить достижение кевин гарнетта тим данкан совершить подбор защита кейджи тиммиди покорять достижение дважды стоить подчеркнуть рамка плей офф ныне играть игрок защитный подбор серия игра выбывание забирать рудить гобер никола йокич джоель эмбиида,3,colloquial,Разговорный
ребята тут такой дело скоро день рождение июль исполниться год этот случай решить провести конкурс признание любовь игра наш издательство классный приз участие потребоваться смартфон коробка ваш любимый игра секунда время принять участие записать выложить комментарий этот пост вертикальный видео длительность около секунда рассказывать какой игра любить начать видео тот держать коробка вытянутый рука вплотную камера затемнить экран будто передать эстафета другой настольщик прислонить коробка себя начать обращение фраза любить название игра быть центр объектив желательно расстояние метр камера видео получиться органичный конец видео забыть снова прислонить коробка камера затемнить экран эффектно завершить съёмка мочь решить какой игра любимый мочь прислать несколько видео каждый отдельный комментарий смотреть пример видео тут видео приниматься июнь включительно июль наш день рождение наградить автор самый креативный душевный видео вручить игра наш издательство сумма рубль доставка приз бесплатный полный правило конкурс наш группа здесь после окончание конкурс получить материал смонтировать опубликовать видеоролик который быть оооочень много любовь настолочь ваш признание стать хороший подарок день рождение участвовать быть здорово конкурс,3,colloquial,Разговорный
александр лукашенко призвать защищать право белорусский спортсмен международный суд это президент беларусь сказать ход совещание итог участие белорус олимпиада перспектива развитие зимний вид спорт что ждать какой международный суд обратиться опротестовать решение особенно паралимпийский движение наш ребята инвалид перед кто провиниться тишина должный гвалт кричать везде колокол бить тот число международный суд ждать какой указание пускай бах прочий отмазываться потом передавать слово лукашенко минск новость ссылка бёлтый,3,colloquial,Разговорный
знать поехать лето калининградский область открыть новый парк аистовый подойти любитель вейк сапбордовый кто просто хотеться ленивый отдых проводить выходной отпуск,3,colloquial,Разговорный
даниил медведев матч против максим кресси остаться недовольный качество подача соперник допустить ошибка приём закричать скучно тот гейм счёт россиянин дойти брейк пойнт кресси отыграть выход сетка после который медведев кричать возможно бить обод конец гейм медведев настаивать кресси должный получить предупреждение затяжка время говорить судья после двойной нужно много время ждать семь секунда запустить таймер потом подавать время остаться медведев утверждать несправедливый это судья отпустить туалет кресси давать поблажка счёт кресси отыграть брейк пойнт второй подача боковой линия после который медведев закричать небо везти никогда жизнь такой видеть поверить мочь какой везучий,3,colloquial,Разговорный
пятничный поступление новинка дополнение карточный ужас аркхэма игра про развитие джунгли новый детектив серия zoom ночь фанатичка возвращение специальный дополнение большой коробка позволять новый взглянуть первый кампания карточный ужас аркхэма возвращение найти новый карта способный разнообразить знакомый поворот игра коробка дополнение вмещаться несколько сотня карта специальный разделитель позволить удобно отсортировать амазония красочный семейный игра сбор сет который быть выращивать лес плодородный амазонский низменность победитель стать смочь хороший образ соблюсти тонкий баланс необходимый экосистема собрать самый эффективный комбинация карта убийство париж новый карманный детектив серия zoom который сыщик нужно изучать сложить карта место преступление любой элемент можно рассмотреть близкий перевернуть соответствовать карта получить новый информация чем маленький подготовка понадобиться ответ хороший быть итоговый результат выпуск мёртвый сердце зина завершать серия приключение расколоть звезда первый редакция нри кроме сам приключение выпуск материал продолжение кампания история семь рунный властитель тассилон завершение дневник искатель четыре новый монстр предзаказ амазония ужасаркхэмакарточнаяигро,3,colloquial,Разговорный
желать видеть свой реклама здесь писать животное pets дикий экзотический животное мяу чься котик мой любовь кот кошка породистый собака кошка список ещё наш группа контакт админ,3,colloquial,Разговорный
никита крюков мочь стать тренер мужской сборная россия биатлон олимпийский чемпион лыжный гонка никита крюков мочь войти тренерский штаб мужской сборная россия биатлон глава юрий каминский это исключить завершение работа сборная китай пока вопрос я никакой информация думать китаец знать сказать крюков продолжение работа китай какой вариант россия говорить юрий каминский никуда ничего мочь пойти он мочь просто годик поваляться отдохнуть после китай надо восстановить сила хотя биатлон интересный много общий лыжа последний два сезон крюков возглавлять спринтерский группа сборная китай готовиться игра пекин контракт сборная истечь февраль год,3,colloquial,Разговорный
друг мой спасибо весь каждый сходка неделя через два три замутить кайфовыя движ природа музыка весь ночь гашлык танец общение кайфовой времяпровождение короче диско открытый небо,3,colloquial,Разговорный
шишкин хороший игрок матч версия болельщик завершиться голосование хороший игрок урал матч нефтяник болельщик выбрать владимир шишкин отдать он процент голос либеро показать позитивный отличный приём достать множество сложный мяч защита,3,colloquial,Разговорный
обзор матч флорида пантёрзнуть тампа бэй лайтнинга второй раунд нхл плей офф,3,colloquial,Разговорный
ночной эндурый прохват лес кататься нибыть ночью присылать фото видео комментарий,3,colloquial,Разговорный
сми флойда мейвезер конора макгрегор почти договориться реванш сообщать издание the флойда мейвезер конора макгрегор близкий организация реванш анонимный источник близкий лагерь мейвезер сообщить сторона согласовать личный условие ещё вести спор повод количество раунд макгрегор хотеть раундовый поединок конора согласиться бой тот случай флойда захотеть поставить кон профессиональный рекорд поединок быть выставочный официальный состояться вес сейчас знать флойда последний раз выйти ринг нельзя пропустить сделка очень близкий завершение оба сторона согласовать личный условие быть финальный шоу рекорд флойд быть стоять кон флойда видеть завершение эра мейвезер начало эра джервонт дэвис верить быть крупный вечер бокс либо увидеть сказать человек хороший приготовиться что захватывать данный момент спор количество раунд команда конора хотеть раунд сделка однозначно близкий завершение сказать собеседник the напомнить поединок мейвезер макгрегор состояться год завершиться победа флойд технический нокаут десятый раунд mma ufc спорт лето июль ufc москва,3,colloquial,Разговорный
день россия поздравлять россиянин праздник желать здоровье благополучие счастие,3,colloquial,Разговорный
искать тёплый куртка яркий свитшота мочь часы украсить твой рука тогда отличный качество предоставить товар минимальный процент брак индивидуальный подход каждый клиент постоянный акция доставка весь россия создать тот сиять написать сиять получить скидка ещё проходить розыгрыш,3,colloquial,Разговорный
уилла смит запретить посещать оскар течение год первый слово актёр после бан киноакадемия,3,colloquial,Разговорный
смотреть матч триколор телеканал хоккейный номер центр сибирь бесплатно авторизация онлайн плеер наш спорт приложение триколор кино мобильный устройство планшет телевизор функция smart онлайн сервис,3,colloquial,Разговорный
представлять ваш внимание репортаж первый история молодёжный команда баскетбольный клуб астана медиа день состояться январь столица арена республиканский велотрек сарыарка главный тренер команда деянный парежанин рассказать важность подобный мероприятие игрок поделиться свой эмоция получить ход съёмка помимо классный фотография наш парень доступный наш сайт раздел медиа рамка медиа день отснять много годный контент ожидать близкий время страница молодёжка instagram баскетбольный клуб астана выражать благодарность фонд поддержка индустрия туризм спорт sport qory содействие развитие клуб поддержка создание фарма команда астана pbcastana nbf nbfkz kazakhstan astana sportqory пбкастан нфб нфбрк единаялигавтб казахстан астана нурсултан баскетбол самрукказын спорт ор,3,colloquial,Разговорный
прийти среда она ворваться день монстр сегодня меню два представитель неблагой двор всадник рок избранный воин король скелет подмёныш существо жить шпионаж дипломатия напомнить переводить книга monsters,3,colloquial,Разговорный
волков бой розенструйкий мочь скучный бой российский тяжеловес ufc александр волков высказаться сильный сторона свой соперник предстоящий бой суринамец жаирзиньо розенструйка который сразиться ночь июнь главный поединок турнир ufc vegas себя это обойти внимание мой соперник довольно опасный он рука много мощь хороший стойка раз драться боец такой тип уверенный хороший стойка постараться показать способный сомневаться мой технический умение намного хороший чем он мочь хватать мощь удар точно техничный определённо обладать большой мощь удар нога ещё чувствовать превосходить борьба грэпплинг общий хороший я бой увидеть сложиться сложно делать прогноз иногда октагон встречаться два больший ударник бой мочь получиться скучный поскольку оба немного опасаться друг друг вроде тот отметить россиянин стать скрывать хотеть завершить бой скорый конечно постараться изыскать возможность нокаутировать стать загадывать он крепкий подбородок многие я бить голова ничего происходить быть пытаться бить рука нога посмотреть,3,colloquial,Разговорный
решение всемирный совет автоспорт касаться всякий эфодин недопущение дискриминация какой либо признак параллельный про ралли спортивный регламент уточнить время починка гибридный машина сойти итог день увеличить час возможность разбить два часть исходить потребность ремонт разный узел разъяснить процедура безопасный работа гибридный техника находиться напряжение исходить опыт получить ход соревнование прошедшее это год цель экономия средство дорожный книга деталь маршрут ралли должный доступный цифровой вид начало соревнование вместо практика распечатка рассылка обычный почта важный изменение технический регламент видимо свет успех тойота один область чем ещё успеть выложить небольшой заметка касаться вентиляционный отверстие задний окно крыша якобы цель борьба повышенный температура салон теперь весь разрешить использовать такой отверстие сам дело соперник тойота попросту справляться задача обеспечить нормальный охлаждение свой гибрид это чуть поздний,3,colloquial,Разговорный
гайгера готовый защитить титул чемпион мир полёт лыжа выходной халвор эгнер гранеруда получить возможность отплатить карл гайгера балл поражение предыдущий чемпионат мир полёт лыжа выходной немец быть защищать титул завоевать декабрь год планица чемпионат гора нетерпение ждать это событие сложный трамплин который выступать очень хорошо очень плохо справляться хорошо один трамплин приносить столько удовольствие оценивать летний баварец индивидуально никогда попадать топ соревнование серия кубок мир викерсундбаккен гайгера год вести ожесточённый борьба норвежец хальвор эгнер гранерудый после четыре полёт немец оказаться хороший норвежец весь пол очко стартовать качество защитник титул больший привилегия нетерпение ждать это хотя я новый ситуация подчёркивать занимать второе место общий зачёт кубок мир отставать рей кобаяша очко благодаря золотой призёр немец смочь выставить квалификация пять прыгун тренер штефан хорнгахер решить взять себя норвегия зеверин фройнд штефана ляйя константин шмид андреас веллингер маркус айзенбихлер бронзовый призёр прошлое чемпионат особый трамплин перед мы один самый больший самый большой трамплин мир ценить событие прошлый чемпионат выиграть два медаль вспоминать айзенбихлер команда чемпионат мир занять второе место ещё незаконченный дело говорить командный соревнование чемпионат мир полёт лыжа год норвежец победить немец разница менее очко нетерпение ждать полёт надеяться стабильный погода добавлять штефан хорнгахер главный тренер немец,3,colloquial,Разговорный
искать баскетбольный кросс топ кросс здесь твой тиммейт быть шок,3,colloquial,Разговорный
летний хоккеист умереть остановка сердце нижегородский область летний хоккеист умереть время матч любительский хоккейный лига нижегородский область трагедия произойти сентябрь время встреча клуб гармония криоген матч проходить фок волжский берег город кстово защитник гармония константин моруга упасть лёд сознание минута матч трансляция матч вестись соцсеть попасть момент игра остановиться лёд выбежать медик лежать лёд хоккеист проводить массаж сердце спасти удаться поздний федерация хоккей город нижний новгород сообщить игрок скончаться остановка сердце,3,colloquial,Разговорный
победа важный матч медаль шея радость спортсмен,3,colloquial,Разговорный
нарисовать древний выиграть набор карточный ужас аркхэма выбор август день рождение отмечать мастер ужас говард лавкрафт честь великий писатель запускать новый творческий конкурс участие подписаться группа games поставить лайк этот запись нарисовать любой монстр вселенная лавкрафт указать рисунок хэштег приветизаркхэм выложить рисунок конкурсный альбом сентябрь включительно сентябрь назвать пять победитель выбрать подарок набор ужас аркхэма карточный игра получить приз случайный участник выбрать приложение рандомайзеро смочь выбрать набор общий сумма участник чей рисунок набрать большой весь лайковый альбом зрительский симпатия набор сумма ещё три победитель выбрать помощь жюри место набор место место про приз карточный ужас аркхэма настольный игра про отважный сыщик расследовать жуткий тайна сражаться невыразимый ужас этот настолочь отличать множество разнообразный сценарий возможность тонкий эффективный настройка колода игрок требование работа рисунок можно нарисовать рука помощь графический редактор тот число необычный метод например выжечь доска вытатуировать рисунок должный уникальный создать конкурс сам участник допускаться опубликовать интернет работа участник мочь выложить любой количество уникальный работа случайный победитель быть выбрать среди участник вне зависимость количество рисунок жюри быть выбирать среди работа зрительский симпатия быть выбираться среди работа рисунок нужно указать хэштег приветизаркхэм стиль работа приз бесплатно доставить россия конкурс проводиться соответствие правило конкурс games принимать участие конкурс давать разрешение использование выложить рисунок ресурс games предотвращение нечестный действие организатор оставлять себя право исключать работа конкурс решать соответствовать условие выбрать качество приз набор должный наличие склад интернет магазин работа конкурс год можно посмотреть работа год конкурс ужасаркхэмакарточнаяигра лавкрафт,3,colloquial,Разговорный
мочь скрыть радость этот новость почти выплата призовой сезон комуса фест завершить остаться весь пара человек должный получить приятный смска банк близкий время вопрос выплата принимать почта,3,colloquial,Разговорный
поздравлять день тренер представитель этот сложный профессия желать достижение поставить цель,3,colloquial,Разговорный
