text,label,style,style_ru
В продаже Успешный кейс компактная и динамичная карточная игра на дедукцию и расчет Это простая в освоении настолка с большим количеством возможностей для планирования и комбинаций. В свой ход вы можете либо сыграть карту либо использовать свойство уже сыгранной а победить сможет игрок который так воспользуется возможностями карт чтобы полностью лишить оппонентов карт. Правила прикрепляем к посту Новинки Hotokenoid УспешныйКейс,3,colloquial,Разговорный
Макгрегор VS Ислам Хороший бой. Хорошее выступление. Я создал все инструменты чтобы победить этот стиль сейчас по сравнению с тем что было раньше. Опыт против. Сокрушительные удары в клинче и маленькие удары исподтишка. И весь остальной мой репертуар вы знаете. Стальная левая нога. Пушечная задняя рука. Контроль пульса написал МакГрегор. Ирландец даже дразнил Хабиба. У меня есть система чтобы повредить этому стилю боя парней я тебе говорю. Братан они гребаные спортсмены. План отца еще не закончен друг. Ты знаешь. Твои люди знают и говорят о тебе.,3,colloquial,Разговорный
Выиграет ли Медведев борьбу за лидерство в рейтинге? Готов ли побеждать Надаль? Превью мужского US Open Превью мужского US Open уже на нашем сайте.,3,colloquial,Разговорный
Неподскажете какой нибудь хороший рацион на соревнования у меня в первый день 5 борье и истофета а во второй 3 км,3,colloquial,Разговорный
Алексей Ягудин считает гениальным старт карьеры Анны Щербаковой в качестве ведущей шоу Ледниковый период. Гениально 33 Хотя такое слово можно говорить упоминая только Пушкина и Лермонтова. Высокопрофессионально сказал Ягудин РИА Новости Спорт. tokentokenoid,3,colloquial,Разговорный
Зеленый цвет очень идет этому кузову Porstokenoid 33 Согласны?,3,colloquial,Разговорный
придет и наш черед упасть лишившись сил услышав голос пойдем со мной я Азраил,3,colloquial,Разговорный
‼ ПОСЛЕДНЯЯ РАСПРОДАЖА ЛЕТА ‼ Самая большая распродажа уходящего лета 33 Только с 5 по 18 августа. Количество товара ограничено ТОВАРЫ СО СКИДКОЙ tokentokenoid ТОВАРЫ СО СКИДКОЙ tokentokenoid ТОВАРЫ СО СКИДКОЙ tokentokenoid,3,colloquial,Разговорный
Петербургский Зенит на своей площадке принимает сербскую Войводину в ответном матче ЛЧ В первой встрече команда Туомаса Саммелвуо без труда обыграла соперника Ждем сегодня того же результата. Прямая трансляция в 19 30 на Матч Страна и Старт,3,colloquial,Разговорный
️Абаскаль в Спартаке – это прорыв 33 Может прорыв в футболе может – водопровода. А может и канализации Дмитрий Губерниев.,3,colloquial,Разговорный
Вспомогательное упражнение от системы Вестсайда на развитие устойчивости штанги в жиме 33,3,colloquial,Разговорный
У Поултер украли золотую олимпийскую медаль Токио Американская связующая Джордин Поултер сообщила что золотая медаль которую она завоевала в составе сборной США на прошлогодних Олимпийских играх в Токио а также ее паспорт были украдены из ее открытого гаража в Анахайме штат Калифорния. Детективы полиции ищут зацепки. 24 летняя связующая в прошлом сезоне игравшая в Италии за Бусто Арсицио попросила преступников вернуть медаль потому что она имеет для нее большое значение. Я не думаю что это имеет для вас такое же сентиментальное значение как для меня моих друзей семьи товарищей по команде. Если она у вас есть пожалуйста верните ее сказала Поултер которая была признана лучшей связующей на Олимпийских играх в Токио. Она была самым молодым игроком команды. USAWtokentokenoid Otokenoid,3,colloquial,Разговорный
Первенство России среди юношей. Регион Поволжье 2007 г. р. Торос Ижсталь 5 3 2 1 ОТ,3,colloquial,Разговорный
Да епт. . . Из за проблем со здоровьем не связанных с COVID 19 и сгонкой веса Родолфо Виейра не сможет провести поединок с Веллингтоном Турманом. Бой был отменен.,3,colloquial,Разговорный
ЭТО. БУДΕТ. ЭΠИЧΗО Φинaл Лиги чeмпиoнoв СΕΓОДΗЯ Стapтуeм в 22. 00 пo ΜСΚ Ювентус CR7,3,colloquial,Разговорный
Каждому 3 м случайным подписчикам скину по 300р на QIWI карту Переходи в источник,3,colloquial,Разговорный
22 24 июля в Крыму в г. Алушта состоялся межрегиональный турнир по абсолютно реальному бою Кубок Черного моря. В соревнованиях приняли участия более 200 спортсменов из Москвы Московской Ростовской Воронежской области Краснодарского и Ставропольского края а также Севастополя и р. Крым 33 На торжественном открытии с приветственным словом к участникам и гостям обратилась Министр спорта республики Крым Ольга Торубарова Глава города Алушта Сотов Игорь Иванович а также ветераны боевых действий 33 Соревнования прошли на высоком уровне а в завершении состоялся праздничный концерт от творческого объединения СТАЯ,3,colloquial,Разговорный
Обновленный рейтинг WTA. 1 августа 1 1. Ига Швентек Польша 8 396 очков 2 2. Анетт Контавейт Эстония 4 476. 3 3. Мария Саккари Греция 4 190. 4 4. Паула Бадоса Испания 4 030. 5 5. Онс Жабер Тунис 4 010. 6 6. Арина Соболенко Белоруссия 3 267. 7 7. Джессика Пегула США 3 087. 8 8. Гарбинье Мугуруса Испания 2 886. 9 9. Даниэль Коллинс США 2 743. 10 10. Эмма Радукану Великобритания 2 717. 12 12. Дарья Касаткина Россия 2 635. . . 19 19. Вероника Кудерметова Россия 2 090. . . 28 28. Екатерина Александрова Россия 1 691. . . 48 59. Анастасия Потапова Россия 1 136. . . 60 57. Людмила Самсонова Россия 1 000,3,colloquial,Разговорный
Сегодня с днем рождения мы спешим поздравить Сергея ЛОГАЧЕВА 33 С ДНЕМ РОЖДЕНИЯ НАШ ЧЕМПИОН 33 Поздравляем тебя от всей души 33 И пожелаем всего самого самого 33 Счастья любви БОГАТЫРСКОГО ЗДОРОВЬЯ 33 ПУСТЬ ТРАВМЫ ОБХОДЯТ ТЕБЯ СТОРОНОЙ 33 И конечно же УДАЧИ как в жизни так и на треке 33 НИКОГДА НЕ УНЫВАТЬ и оставаться таким же позитивным 33 Трудолюбия и упорства в покорении новых высот и пьедесталов 33 ТЫ настоящий боец 33 ВСЕ БУДЕТ 33 Спасибо ТЕБЕ за эмоции которые ты даришь нам свои болельщикам 33 Продолжай в том же духе 33 33 33 МЫ ЛЮБИМ ВЕРИМ И БОЛЕЕМ ЗА ТЕБЯ 33 С ДНЕМ РОЖДЕНИЯ 33 Speetokenoid HappyBtokenoid,3,colloquial,Разговорный
ОксанаДомнина МаксимШабалин ТатьянаТотьмянина МаксимМаринин,3,colloquial,Разговорный
его профиль будьте аккуратней и не порежьтесь когда наткнетесь на этот пост 33,3,colloquial,Разговорный
Авангард не только выиграл Лига Ставок Sotokenoid Hotokenoid Open 2022 но и организовал крутую движуху И она оказалась не хоккейной а футбольной Вчера тренеры и персонал омичей зарубились в мяч со сборной журналистов Организация была по омски топовой. Матч который проходил на стадионе Фишт судил реф РПЛ Павел Кукуян В основное время Авангард уверенно победил 3 0 благодаря дублю босса клуба Александра Крылова Сборная СМИ ответила в серии пенальти – 4 3. 11 метровые реализовали корр КХЛ ТВ Антон Климанов и ведущий Матч ТВ Дмитрий Лукашов. Маэстро Павел Лысенков подсказывал – куда бить В итоге все получили кайф,3,colloquial,Разговорный
Летняя Лига была жаркой А вам понравился этот сезон в Летней Лиге?,3,colloquial,Разговорный
Ростов Лада. Пресс конференция Валерий Белов главный тренер Лады Встреча была конечно очень важная поэтому всех кто за нас болел поддерживал переживал благодарим. Тем не менее серия не закончена и мы понимаем что завтра будет игра еще сложнее. Есть некоторые особенности помимо площадки местной. Игра завтра в час поэтому очень мало времени на восстановление. Но тем не менее соперник в таких же условиях поэтому будем готовиться к серьезной очень тяжелой игре. А как там будет как Бог даст. Григорий Пантелеев главный тренер Ростова Соперника с победой серия продолжается. Готовимся к следующей игре.,3,colloquial,Разговорный
За кроссовками в Баскетбольный магазин Ghetto Basket Shop Консультация tokenoidtokenoid Стрельский,3,colloquial,Разговорный
Будет 3 победителя Принять участие Включить уведомления о новых записях Оставить комментарий Лайк Результаты в 18 00,3,colloquial,Разговорный
Алекс Стэйлок – стартовый вратарь Чикаго в сегодняшнем домашнем матче против Айлендерс 3 30 мск Сочетания Блэкхокс на утренней тренировке выглядели так Атанасиу – Доми – Кейн Курашев – Тэйвз – Рэддиш Энтуисл – Дикинсон – Лафферти Катчук – Хайра – Р. Джонсон Д. Джонсон – МакКейб Тинорди – Мерфи К. Джонс – Роос ️Джуджхар Хайра заменит в составе Коллина Блэквелла больше никаких изменений в составе по сравнению с прошлым матчем не будет ️Петр Мразек травма паха приступил к тренировкам с командой на льду,3,colloquial,Разговорный
Дорогие Атлеты представляем Вам нового партнера наших забегов 33 POWERUP – отечественный производитель высококачественного спортивного питания и аксессуаров для бега и других циклических видов спорта. Участники дистанций Crazy Owl 50 на 50к и 20к получат в качестве вложения в стартовый пакет по гелю POWERUP из новой коллекции с легкими летними вкусами клубничного дайкири или вишневой колы. Эти гели содержат все три необходимых спортсменам углевода мальтодекстрин глюкозу и фруктозу в точно просчитанной пропорции и дополнены столь важными для организма электролитами. И все это в компактном и удобном формате 35 мл который придется очень кстати на предстоящем забеге экономя место и вес. Юные же спортсмены дистанции Совенок 1к найдут в стартовых пакетах вкусные и питательные батончики POWERUP на финиковой основе. И конечно же на всех пунктах питания участников будет ждать освежающий изотоник POWERUP содержащий полный набор необходимых электролитов и дополненный фирменной углеводной матрицей. POWERUP ПочувствуйЧтоНетПредела tokenoid rtokenoid rhrtokenoid,3,colloquial,Разговорный
17 сентября 1951 года родился мастер спорта СССР международного класса Владимир Петрович Девятов. Владимир Девятов воспитанник команды Металлург Челябинск за которую он начал играть в 1964 году. В сезоне 1969 1970 годов он выступал за команду мастеров Трактор Челябинск. За один сезон выступлений за команду Трактор Владимир Девятов забросил 14 шайб в 41 матче чемпионата СССР. В 1970 1981 годах Владимир Девятов выступал за команду Динамо Москва забросив 126 шайб в 363 матчах чемпионата СССР. За это время в составе своей команды он шесть раз становился серебряным призером и три раза бронзовым призером чемпионата СССР два раза в 1975 и 1976 годах был включен в список лучших хоккеистов сезона. Его партнерами по тройке нападения в разные годы были Евгений Котлов Михаил Титов Анатолий Белоножкин Сергей Меликов Владимир Семенов и Николай Варянов. В составе московского Динамо Девятов принимал участие в Суперсерии 1979 1980 годов в рамках которой ЦСКА и Динамо встречались с клубами Национальной хоккейной лиги. Сыграв во всех четырех матчах Динамо он забросил две шайбы и сделал две голевые передачи. Выступал за вторую сборную СССР. Достижения Серебряный призер чемпионата СССР 1971 1972 1977 1978 1979 1980. Бронзовый призер чемпионата СССР 1974 1976 1981. Обладатель Кубка СССР 1972 1976. Финалист Кубка СССР 1974 1979. Обладатель Кубка Стеклодувов 1970. Обладатель Кубка Торонто 1971. Обладатель Кубка Ахерна 1975 1976.,3,colloquial,Разговорный
Ни на что не намекаем просто держим в курсе Худшие показатели в команде Ивица Зубац tokenotokenoid Маркус Моррис 19 Лучшие показатели в команде Роберт Ковингтон 20 Айзея Хартенштайн 25,3,colloquial,Разговорный
МАЛЕНЬКИЙ ТЕХНАРЬ Плотная комбинация с идеальным соотношением трушки и акробатики от юного Артема Кислий,3,colloquial,Разговорный
news LampPost warhammer mertokenoid И не отнекивайся по глазам вижу что вы ждали этого. Пошли новые фоточки будущих фигурок от джойтой 1 байк примарисов. 2 огнеметчик орков коммандос из банды килл тима возможно будет и остальная шайка.,3,colloquial,Разговорный
ФОТО ИЗ АРХИВА. Этот снимок сделал корифей российской фотожурналистики Сергей Киврин ровно лет назад. На ковре – асы борьбы Абдусалам Гадисов и Хаджимурат Гацалов. Где они встретились? Кто победил?,3,colloquial,Разговорный
Сохраняем расписание 33 PARI Кубок Содружества стартует 25 августа Трансляции пяти гонок – на Матч ТВ а женский пасьют смотрим на канале Матч 33 Арена,3,colloquial,Разговорный
95 августа за бортом 0. На кофр срут уже синички. Какады улетели на юг,3,colloquial,Разговорный
Назван лучший тренер АПЛ в апреле. И это не шутка 33 Вот пруф tokentokenoid,3,colloquial,Разговорный
Кто хочет золото? Узнаем сегодня Бабиков и Алимбекова первыми уйдут со старта гонок преследования PARI Кубка Содружества в Сочи. Трансляцию мужской гонки смотри – в 10 55 мск на Матч ТВ а женский пасьют – в 12 55 мск на канале Матч 33 Арена или в ютубе,3,colloquial,Разговорный
Слева экс чемпион Ftokenoid Ntokenoid ныне боец ACA Магомедсайгид Алибеков 12 3 Справа Джастин Гейджи 1 номер легкового дивизиона UFC,3,colloquial,Разговорный
Итак разбираемся с ситуацией когда оба игрока ОДНОВРЕМЕННО касались мяча. Если контакт действительно одновременный непосредственно над сеткой где оба соперника имеют право играть с мячом и мяч приземляется за пределами площадки это ошибка команды находящейся на противоположной от места приземления мяча стороне. Команда А получает подачу. Правило 9. 1. 2. 2 9. 1. 2. 3 komtokenoid,3,colloquial,Разговорный
Технические записи матчей ЧМ по волейболу Япония Куба Польша США,3,colloquial,Разговорный
MotoGP Видео Dtokenoid Lenovo Team представила новые цвета команды 2022 года Несмотря на перенос официальных съемок и презентации Dtokenoid Lenovo Team на 7 февраля из за сложностей с вылетом в Европу у Джека Миллера сегодня заводская команда из Борго Панигале показала новые ливреи своих мотоциклов образца 2022 года.,3,colloquial,Разговорный
1998. На матче Atokenoid Stars NHL сыграли 8 российских звезд Валерий Каменский Дмитрий Миронов Вячеслав Фетисов Павел Буре Сергей Зубов Игорь Кравчук Николай Хабибулин и Игорь Ларионов.,3,colloquial,Разговорный
Ник Кирьос запускает NFT коллекцию Это был удивительный турнир полный незабываемых моментов. Я постоянно забочусь о фанатах поэтому такой вариант кажется мне еще одним отличным способом взаимодействия с ними. NFT это будущее коллекционирования а я всегда хочу быть в авангарде и продвигать наш вид спорта.,3,colloquial,Разговорный
Набранными очками отметились забросившие по шайбе Сергей Теряев Валерий Поляков и сделавшие по передаче Евгений Астанков Даниил Ердаков Максим Кицын. С положительным показателем полезности встречу завершили защитники Николай Глухов Марк Лыпкань и форварды Евгений Астанков Александр Шевченко 1. Самым активным стал нападающий Даниил Ердаков сделавший 5 бросков в створ. Максимальное игровое время получил форвард Максим Кицын 22 42 у защитников Кирилл Маслов 22 15. Вратарь Денис Синягин отразил 83 3 бросков 20 из 24.,3,colloquial,Разговорный
ESIC Esports Integrtokenoid Commtokenoid отправили в VALVE отчет об возможном мошенничестве со ставками с участием команд Projetokenoid X Aktokenoid. Все ставки связаны с Александром Шишко который значился как CEO Projetokenoid X в том числе им был сделан и прогноз на исход матча Aktokenoid vs Vtokenoid. pro. Пока VALVE не дали свой ответ ESIC порекомендовали турнирным операторам которые являются членами ESIC не приглашать на свой турнир команду состав которой состоит из 3 игроков Aktokenoid либо связан с именем Александр Шишко. И что дальше? ДА НИЧЕГО 33,3,colloquial,Разговорный
Денвер обменял Бол Бола в Пистонс на Родни Макгрудера и будущий пик второго раунда,3,colloquial,Разговорный
ENCE одерживают победу над BIG и зарабатывают путевку на следующий мейджор в Рио 33 IEM,3,colloquial,Разговорный
‼ Магомед Исмаилов ответил на обвинения в постановочном поединке У них все что я выигрываю постановочное а то что проигрываю реальность. Я хочу сказать – где я проиграл это было постановочно а сейчас это все реальность Да во втором раунде но я этого не показал. Мы работаем над вестибуляркой но был момент что он меня потряс,3,colloquial,Разговорный
Жюльен Рамирес канадская футболистка чилийского происхождения. Выступает за литовский клуб Жальгирис. . .,3,colloquial,Разговорный
Зенит СПб обыграл Локомотив и занял первое место в группе Волейболисты петербургского Зенита в Казани в матче группового этапа Финала шести со счетом 3 1 обыграли новосибирский Локомотив и вышли в полуфинал с первого места. У Локомотива впервые в Финале шести на площадке появился диагональный Дражен Лубурич. У Зенита – связующий Игорь Колодинский который накануне доигрывал матч с Динамо ЛО 3 2 из за рецидива травмы попал в заявку лишь в качестве либеро. Решающий рывок в первой партии Локомотив совершил на подачах Константина Абаева 15 14 – 20 14 который избрал своей мишенью Федора Воронкова и вынуждал того ошибаться. Аварийные атаки Зенита раз за разом упирались в блок. Питерцы реализовали всего 25 атак за сет. Во втором сете у Зенита полетела подача 4 эйса. Хорошая серия удалась Егору Клюке 16 13 – 19 13 а в атаке нашел свою игру Виктор Полетаев 6 9 который в концовке не дал сопернику шансов приблизиться в счете. Два эйса Максима Космина а также подача навылет и одиночный блок Полетаева на Сергее Савине принесли питерцам большое преимущество на старте сета 7 2 но оно было утеряно. В том числе стараниями Ильяса Куркаева который был неудержим в атаке 7 8. В концовке Полетаев вновь выдал хорошую серию подач Женя Гребенников спасал мячи в защите а Иван Яковлев забил и закрыл блоком Лубурича 20 20 – 24 20. В середине четвертого сета Космин сделал очередной эйс а Дмитрий Лызик скинул мяч в аут – 18 15 в пользу Зенита. После блока Игоря Кобзаря на Савине питерцы нарастили преимущество до 5 и уже его не упустили. Зенит СПб накануне обыграл Динамо ЛО 3 2. Вторая победа принесла команда Андрея Толочко победу в группе. 9 мая в полуфинале турнира она сыграет с проигравшим в сегодняшнем матче Зенит Казань – Динамо. Чемпионат России. Финал шести. Группа Б. 2 й матч Локомотив – Зенит СПб – 1 3 25 21 20 25 21 25 21 25 Лубурич 18 Куркаев 14 Савин 11 – Полетаев 23 Клюка 12 Космин 10 Положение команд 1. Зенит Санкт Петербург – 2 игры 2 победы 5 очков сеты 6 3 2. Локомотив Новосибирск – 2 игры 1 победа 3 очка сеты 4 4 3. Динамо ЛО Сосновый Бор – 2 игры 0 побед 1 очко сеты 3 6 Сайт tokentokenoid Tetokenoid tokentokenoid Товары для волейбола со скидкой tokentokenoid Волейбольный чат Вконтакте tokentokenoid Tetokenoid tokentokenoid Tetokenoid каналы клубов tokentokenoid Поддержите сообщество tokentokenoid Волейбол Votokenoid ПляжныйВолейбол Пляжка ВолейболНовости ВолейболРоссии ДержиМячВИгре Первоисточник Волейбол Votokenoid,3,colloquial,Разговорный
Быстрый дебютант VL65 Ratokenoid Team Владимир Злобин с первой попытки оказался в ТОП 6 В финале чемпионата России команда в качестве подарка на день рождения презентовала воспитаннику VL65 Ratokenoid Stokenoid Владимиру Злобину участие в гонке Roatokenoid 600 где новобранец показал впечатляющий результат.,3,colloquial,Разговорный
Торонто озвучили детали контракта с новичком Кристианом Колоко контракт рассчитан на 3 года и сумму в 5 24 миллиона долларов также контракт полностью гарантирован на первые два сезона 2022 23 036 1. 5 млн 2023 24 036 1. 7 млн 2024 25 036 2. 0 млн,3,colloquial,Разговорный
Даниил Медведев Путь к финалу АО ️Первый круг Лааксонен ️ Второй круг Кирьос ️Третий круг Ван де Зандхульп ️Четвертый круг Кресси ️ Четвертьфинал Оже Альясим ️Полуфинал Циципас Финал,3,colloquial,Разговорный
Антон Шипулин Перед Олимпиадой и ЧМ появляются шарлатаны которые предлагают разные вещества. А потом спортсмены попадаются на ЭПО Чемпион мира по биатлону депутат Госдумы Антон Шипулин рассказал что перед крупными стартами посторонние лица предлагают спортсменам допинг. Он выступил на круглом столе комитета Госдумы по физической культуре и спорту Медицина спорта высших достижений история и развитие. К счастью или сожалению я прошел три олимпийских цикла и своими глазами видел проблему которая на самом деле имеет очень большое значение. Перед Олимпиадой чемпионатом мира и другими крупными стартами перед спортсменами появляются шарлатаны которые предлагают разные вещества хорошие аминокислоты и так далее. А потом мы сталкиваемся с тем что спортсмены попадаются на ЭПО и так далее. Я говорю по личному опыту я видел как это происходит. Крайним в таких случаях всегда остается Минспорт хотя в данном случае они не имеют к этому отношение. Врачи ФМБА должны брать здесь ответственность не допускать в расположение команд сборных России никаких посторонних лиц и далее иметь ответственность по всей антидопинговой ситуации. Чтобы Минспорт потом не огребал по полной – сказал Шипулин. Источник Матч ТВ,3,colloquial,Разговорный
В Ktokenoid Sports недовольны Робом Пелинкой Агентство Ktokenoid Sports Grotokenoid не устраивает работа генерального менеджера Лейкерс Роба Пелинки. Сообщается что недовольство достигло апогея когда Пелинка отказался обменивать Рассела Уэстбрука и пик 1 раунда на Джона Уолла. Ktokenoid представляет интересы Уолла. Основателем агентства является Рич Пол близкий друг лидера озерников Леброна Джеймса. Stokenoid робпелинкаtokentokenoid нбаtokentokenoid лейкерсtokentokenoid,3,colloquial,Разговорный
Порой хочется снять стресс после бурных каток и заняться tokenoid travel 39 ом по любимой карте вместе со своими друзьями. Ctokenoid,3,colloquial,Разговорный
Московское Динамо победило Тюрк Хава Йоллары со счетом 3 2 16 25 26 24 25 19 18 25 15 13 в домашнем матче четвертого тура группового этапа Лиги чемпионов. СТАТИСТИКА Динамо Москва Тюрк Хава Йоллары Стамбул Турция 3 2 16 25 26 24 25 19 18 25 15 13 Динамо Гончарова 28 атака 27 62 1 блок Кроткова 12 Симоненко 9 Фетисова 9 Енина 7 Халецкая 4 Полякова 3 Пипунырова 2 Ануфриенко 2 Романова 1 Бибина л Поспелова л Любушкина. Тюрк Хава Йоллары ван Рик 32 Кингдон Ришель 15 Диксон 10 Эркан 8 Калач 7 Карлини 5 Унвер 1 Эркюл 1 Йылдырым л Онал л Гюнеш Токсой Гвидетти Кор Озтюнали Гермен. Набранные очки – 100 106 атака – 63 66 блок – 7 11 подача – 7 2 ошибки соперника – 23 27. Прием позитивный отличный – 47 29 59 38 Источник,3,colloquial,Разговорный
Роберт Уильямс может пропустить 1 ю половину сезона Центровой Бостона Роберт Уильямс испытывает трудности с восстановлением после операции на левом колене. По информации инсайдера НБА Шэмса Чарании в понедельник Уильямсу сделали биологическую инъекцию чтобы стимулировать заживление поврежденных тканей. Отмечается что 25 летний баскетболист рискует пропустить целый сезон. Селтикс надеются что он вернется на площадку во второй половине регулярного чемпионата. В марте Уильямс перенес операцию по поводу разрыва мениска в левом колене. Он пропустил семь матчей плей офф и играл через боль. После окончания сезона было принято решение обойтись без повторного хирургического вмешательство и положиться на стандартные реабилитационные процедуры. В августе сообщалось что игрок полностью восстановился. Однако в сентябре клуб объявил что Уильямс перенес операцию и пропустит 8 12 недель. Stokenoid нбаtokentokenoid бостонtokentokenoid робертуильямсtokentokenoid,3,colloquial,Разговорный
Приятно чувствовать себя здесь я люблю Дубай и всегда люблю приезжать сюда и я добился здесь большого успеха. Честно говоря я просто рад вернуться на корт в понедельник я соскучился по теннису Медведев написал мне через 45 минут после финала. Содержание сообщения является личным но оно было полезным для нас обоих Я хочу вернуться в Австралию в будущем и снова сыграть на Rod Laver Arena.,3,colloquial,Разговорный
Кто не в курсе в Турции сейчас проходит чемпионат и первенство Европы по тайскому боксу. Поддержка сборной России Все подробности здесь,3,colloquial,Разговорный
Всем привет 33 Представляем вашему вниманию новую экспериментальную рубрику скутербилд интервью 33 2022 год начался совсем недавно но уже обещает быть очень непростым для самокат сообщества и индустрии. Лишь объединившись мы сможем выстоять и продолжить развивать наше общее любимое дело 33 В связи с этим пришло время познакомиться и познакомить вас с новыми персонажами отечественной самокат сцены вне нашей команды первым из которых стал Андрей Нафеев. Андрей и tokenoidtokenoid собрали для вас обалденный кастом в московском магазине на Красносельской а также как следует пообщались на самые разные темы. Понравился ли вам подобный формат? Понравился ли вам получившийся самокат? Кого еще следует пригласить в наш магазин на сборку и беседу? Поделись своим мнением в комментариях 33,3,colloquial,Разговорный
Наколдовали вместе с художницей Настей Горшковой стильный дизайн для Ttokenoid Btokenoid и много кэшбэка До 30 у партнеров До 15 в выбранных категориях Оформить карту,3,colloquial,Разговорный
Women 3 A. Награждение. Победителем в номинации Лучший игрок турнира стала Любовь Гвоздева ВК ЗБС и получила значок лучшего игрока с логотипом NVL и волейбольную статуэтку. Поздравляем 33 Фото Дмитрий Забелин. 02. 04. 2022. nvtokenoid,3,colloquial,Разговорный
У вас бывало такое? Пишите в комменты. . . . . rtokenoid. . . . . . . . rtokenoid sport бег забег зож ла легкаяАтлетика наспорте всембег,3,colloquial,Разговорный
Марк Андре Флери 14 й раз в своей карьере одержал 20 побед в регулярных чемпионатах,3,colloquial,Разговорный
8 февраля отмечает свое 100 летие старейший гроссмейстер мира Юрий Львович Авербах.,3,colloquial,Разговорный
Всем владельцам v max доброго времени суток 33 Хотелось бы узнать какую резину предпочтительно ставить на кувалду производитель и т. п. посоветуйте пожалуйста.,3,colloquial,Разговорный
ВЕСЕННИЕ СКИДКИ УЖЕ В РАЗГАРЕ 33 33 33 Оригинальный перкуссионный пистолет массажер фирмы Xtokenoid Ytokenoid Pro Bastokenoid. Поставка от официального дилера Xtokenoid в России. Сегодня скидка 40 от первоначальной цены Бесплатная доставка по России Защита покупателя от Atokenoid Кейс в комплекте 4 насадки Металлический корпус. Успей сделать заказ по выгодной цене 33 33 33,3,colloquial,Разговорный
Икер Касильяс Лучший вратарь в мире? Определенно Куртуа.,3,colloquial,Разговорный
Он отлично играет пик н ролл и бросает с получения. Это игрок который умеет набирать очки со всех трех уровней. Также он хорошо защищается против пик н ролла. Он преодолевает заслоны как маленький жук и продолжает опекать атакующего игрока. Главный тренер Дэрвин Хэм отдал должное Кендрику Нанну ️,3,colloquial,Разговорный
Настя Поршнева 1. Вся любовь в одном фото ️. 2. Мальчик или девочка?,3,colloquial,Разговорный
Компания Irtokenoid крупнейший поставщик мототехники скутеров снегоходов и экипировки из Юго Востойной Азии. Она существует на рынке более 20 лет и зарекомендовала себя как производитель снаряжения с оптимально сбалансированными безопасностью прочностью и стоимостью. ⠀⠀ При изготовлении мотоэкипировки Irtokenoid марка использует японские технологии придерживается международных стандартов экологичности. Компания производит аксессуары для средств передвижения кофры из эстетичного мягкого пластика фонари разнообразные запчасти. Мотоэкипировка Ирбис выбор тех кто хочет получить качественные товары придерживаясь среднего уровня цен. Аксессуары кейсы для хранения точно подходят к технике от данного бренда. Мотоэкипировка Irtokenoid это различные защитные элементы для рук руля двигателя и самого гонщика. Компания производит различные линейки аксессуаров для эндуро мотоциклов пит байков и так далее. ⠀⠀ Заказать снаряжение можно на сайте магазина Ftokenoid. Мы доставляем товары по всем регионам России и близлежащим странам проводим оплату различными способами. Звоните и наши консультанты всегда помогут сделать оптимальный выбор. ⠀⠀ Наш сайт интернет магазина tokentokenoid ⠀ Оформи заказ по телефону 7 800 555 34 96 ⠀ ftokenoid мотоэкипировка ftokenoid motoektokenoid motoektokenoid motoektokenoid байкер защита мотошлем шлем мотоцикл,3,colloquial,Разговорный
BLAST удалил страницу с расписанием Турнирный оператор BLAST удалил страницу с расписанием турниров на 2022 год. Вместо расписания показывается 404 я ошибка с фотографией Николы Ntokenoid Ковача. На планы турнирного оператора мог повлиять рост числа заболеваний коронавирусом связанный со штаммом омикрон Первым турниром BLAST в сезоне должен был стать Sprtokenoid Grotokenoid который планировали провести перед IEM Katowtokenoid 2022 в конце января или начале февраля. Последний турнир 2021 года BLAST Premtokenoid Wortokenoid Ftokenoid 2021 прошел без зрителей. newstokentokenoid tokenoid,3,colloquial,Разговорный
️ Полуфинал турнира ATP 1000 в Майами Каспер Рууд ‐ Франсиско Черундоло – 6 4 6 1 ️Следующий соперник победитель матча Алькарас Гарфия Гуркач.,3,colloquial,Разговорный
Британский боксер Тайсон Фьюри 32 0 1 23 КО защитил титул чемпиона мира в супертяжелом весе по версии WBC. Поединок состоялся в Лондоне против соотечественника Диллиана Уайта 28 3 19 КО. Бой завершился в шестом раунде а после досрочной победы Фьюри объявил о завершении карьеры.,3,colloquial,Разговорный
Новый Сошников Почему Сарвер отделался штрафом кто будет претендовать MVP и как так вышло что Шрудер нужен только тем кому нечего терять.,3,colloquial,Разговорный
Несмотря на счет но своих болельщиков иногда тоже нужно радовать красивыми действиями.,3,colloquial,Разговорный
Издательство Hotokenoid Wortokenoid подготовила полезные материалы для всех поклонников карточного Ужаса Аркхэма FAQ список ответов на частые вопросы и список карт табу. FAQ это ваша путеводная нить которая поможет выбрать из самых темных уголков лабиринта правил. А в списке табу перечислены карты которые были изменены для достижения лучшего баланса. Эти материалы рассчитаны на опытных сыщиков. Начинающие могут воспользоваться ими освоившись с игрой Купить карточный Ужас Аркхэма УжасАркхэмаКарточнаяИгра,3,colloquial,Разговорный
Тишина – это искусство воина а медитация – его меч. Воин использует медитацию умело и с глубоким пониманием. С ее помощью он рубит свой ум на части иссекая мысли вдоль и поперек чтобы открылось отсутствие их существенности. Дэн Миллмэн. Путь мирного воина.,3,colloquial,Разговорный
Все разногласия позади? Хэндшейк Дрэймонда Грина с Джорданом Пулом перед матчем 33,3,colloquial,Разговорный
Празднование от Янниса Адетокумбо после забитой тре в клатче,3,colloquial,Разговорный
Минуточка рекламы на волнах Старого Фонаря Эй парень хочешь узнать все про Кровавый Договор? Заходи в Шкаф 33 Где расскажут про Скватов? У Вовы в Шкафу 33 Кто выпускает пересказы кампаний на полтора часа? Вовин Шкаф 33 Где тебя никогда не осудят за аниме на аватарке? Угадал тоже в Шкафу 33 Так что заглядывай в Шкаф за прохладными историями по бэку Вахи каждую неделю 33 Захватывающее повествование и шутки категории Б гарантированы 33,3,colloquial,Разговорный
Продолжаем делиться с вами переводами великолепного Станислав Иванов которые он сделал для tokenoidtokenoid and Stokenoid одного из интереснейших сообществ про НРИ. С его любезного разрешения теперь эти статьи об игровом дизайне можно прочитать и у нас. Сегодня вторая часть статьи Джейкоба Хьюбша Анализируя ошибки ДМ а.,3,colloquial,Разговорный
На ИЗИ меняй старые скины на новые 33 Чем меньше разницы в цене тем выше шанс на успешный АПГРЕЙД,3,colloquial,Разговорный
formtokenoid f1 grantokenoid motorsport Atokenoid Гасли в третьей практике теряет правый надколесник. Тот в свою очередь пробивает правое переднее колесо.,3,colloquial,Разговорный
Информация Центр технических видов спорта Свердловской обл Сюжет Вести на канале Россия1 о выступлении нашей команды в Суперлиге в Вятских Полянах плюс интересное интервью с Хансом Вебером p. s. небольшая неточность перевода у ведущих Дмитрий Колтаков пригласил в гости не в Тольятти а в Курган,3,colloquial,Разговорный
Куда катится этот мир. . . . НА СПОРТЕ Тренировки Самооборона ‍ ЛЮТЫЙ СПОРТ,3,colloquial,Разговорный
Валерий Карпин продолжит работу в сборной России – контракт продлен до конца 2022 года 33 Также РФС согласовал совмещение работы в сборной и ФК Ростов для Валерия Георгиевича. Прекращение данной опции возможно после возвращения национальной команды к международным соревнованиям. СборнаяРоссии ФИФА,3,colloquial,Разговорный
БИАТЛОН Российские биатлонистки Светлана Миронова и Ирина Казакевич представляющие Свердловскую область получили от региона по 2 5 миллиона рублей за серебряные медали Пекина 2022 в женской эстафете.,3,colloquial,Разговорный
Поддержать наших парней в поединке с ЦСКА пришел легендарный тяжелоатлет Илья Ильин 33 Спасибо чемпион 33,3,colloquial,Разговорный
Пауло Дибала Хотел бы познакомиться с другими лигами такими как АПЛ но я счастлив в Италии. Я здесь уже 10 лет ко мне относятся как к итальянцу Нападающий Ювентуса покинет клуб этим летом в качестве свободного агента. В Италии мне очень комфортно. Я все еще хотел бы познакомиться с другими лигами такими как Премьер лига но я счастлив в Италии. Я здесь уже 10 лет я знаю турнир и ко мне относятся так как если бы я был итальянцем. Я сосредоточен на сборной я должен со спокойной головой думать о своем будущем. Я еще ничего не решил мой агент думает об этом я должен думать о сборной Аргентины – сказал Дибала ESPN.,3,colloquial,Разговорный
Rotokenoid после провальной GTA The Deftokenoid Etokenoid отказалась от планов браться за переиздание GTA 4 и Red Dead Retokenoid. Изначально сборник должен был запустить череду ремастеров но теперь их уже не стоит ждать.,3,colloquial,Разговорный
Тем временем в воскресение 25 сентября Берлинский марафон 2022 33 Самый быстрый именно там бьются личные и мировые рекорды. И один из марафонцев настроен оптимистично говорит что чувствует себя отлично и собирается побороться за личный рекорд. А личный рекорд у Элиуда Кирчоге 2 01 39 показан именно в Берлине в 2018 м. И это кстати мировой рекорд Ждем 33 всембег,3,colloquial,Разговорный
СПОРТИВНАЯ ПЕНСИЯ КИТАЙСКИХ ПЕНСИОНЕРОВ Как тренироваться пожилым Даже минимальная физическая активность лучше сказывается на организме чем ее полное отсутствие свидетельствуют результаты многочисленных исследований. Бездействие связано с изменениями в составе тела увеличением процента жира в организме и сопутствующим снижением безжировой массы тела. А атрофия скелетных мышц часто считается признаком старения. Умеренные тренировки являются защитным фактором от неинфекционных заболеваний таких как сердечно сосудистые расстройства инсульт диабет также они способны отсрочить начало деменции и улучшить самочувствие. rtokenoid. . . спорт зож бег наспорте спортики всемспорт sport rtokenoid беганутые,3,colloquial,Разговорный
Сможете угадать любимую тачку Роналду? у нас не получилось Какой автомобиль ты бы купил если бы у тебя было много денег? А если бы было очень много денег? Выбор определенно сложный. Криштиану Роналду выбрать один автомобиль тоже не смог – в сети появилась информация о том что коллекция знаменитого футболиста состоит из 18 машин общей стоимостью более 20 миллионов евро. Самая дорогая из них Btokenoid Centotokenoid. Тачка невероятно крутая восьмилитровый двигатель W16 здесь форсирован до 1600 лошадиных сил трансмиссия с семиступенчатым преселективным роботом постоянный полный привод. Впечатляет? Но фишка машины даже не в этом а в том что гиперкаров Btokenoid Centotokenoid всего десять штук и Криштиану является одним их тех самых счастливчиков. Centotokenoid скромное дополнение в гараже Роналду где есть Btokenoid Veyron Grand Sport Vtokenoid Btokenoid Chtokenoid Ferrari Monza SP1 Ferrari 599 GTO Maserati GranCatokenoid Lamtokenoid Aventatokenoid Benttokenoid Conttokenoid GT Speed а еще Mtokenoid Senna и Rotokenoid Roytokenoid Phantom Drophead. На повседнев чаще всего использует Chevrotokenoid Camaro ZL1 на которой катает свою маму. Есть в его гараже и машины попроще Range Rover Sport и Mertokenoid Benz S65 AMG. Девушка подарила Криштиану Mertokenoid G Wagon Bratokenoid. В общем мы уже сбились со счета а новую машину Роналду покупает раз в год а то и чаще так что сейчас у него наверняка еще больше тачек. Ну и как вы считаете какая тачка его любимая? Может Skytokenoid или Stokenoid? Хотя скорее всего 34 GTR он себе скорее всего позволить не может уж больно цены на них выросли в последнее время Завтра расскажем о любимом аппарате CR7 а пока попробуйте его угадать 33,3,colloquial,Разговорный
Ласкер Эйве 1936 год. Последним ходом Кре2 tokenoid белый король 2 го чемпиона мира по шахматам атаковал черного коня 5 го чемпиона мира. КАК поступить черным?,3,colloquial,Разговорный
Новороссийская разборка В магазине Магнит на Коммунистической улице произошла серьезная потасовка. Трое молодых девушек сначала попытались украсть селедку но их заметили и заставили вернуть товар. Затем одна из дам включила камеру а двое других пошли разбираться с сотрудниками магазина на кулаках. Первым под раздачу попал молодой парнишка стоявший на входе в супермаркет. Он совсем не ожидал сильных и подлых ударов от милых девушек. Получив свою порцию тумаков молодой человек сбежал внутрь магазина. Немножко помявшись девушки проследовали внутрь торгового зала где решили испытать терпение администратора. Вызвав на рандеву женщину администратора амазонки решили накостылять и ей. Сначала ее оскорбляли а затем все же перешли к активным действиям. Драку разнимали местные парни. А кто хотел бы посмотреть видео где они все втроем извиняются?,3,colloquial,Разговорный
Взвешивание Тревора Брайана и Дэниэла Дюбуа Регулярный чемпион WBA в супертяжелом весе Тревор Брайан и обязательный претендент на его титул Дэниэл Дюбуа прошли взвешивание перед боем который пройдет 11 июня во Флориде. 32 летний американец Тревор Брайан показал на весах 259 6 фунта 117 7 кг 24 летний британец Дэниэл Дюбуа 241 6 фунта 109 6 кг.,3,colloquial,Разговорный
Японцы такие японцы. Рекламируют свою портативную аэродинамическую трубу. В основном для велосипедистов. Но и одну из моделей Судзуки там продували. Что может указывать на размеры этой машинки. Суть не в том. Суть в том что повышенная лохматость конечностей на скоростях под 50 км ч добавляет 7 7 воздушного сопротивления. Так что вихрегенерация вихрегенерации рознь. Да собственно отчасти из за этого мы тут особо велогонки и не освещаем.,3,colloquial,Разговорный
От администрации сообщества Тверской движухи Поздравляем всех девочек с 8 марта,3,colloquial,Разговорный
WSBK Чемпион MotoAmertokenoid 2021 года Джейк Ганье получил шанс вернуться в Wortokenoid Stokenoid Джейк Ганье выступавший в Wortokenoid в 2017 2018 году за официальную команду Hontokenoid получил возможность вернуться в чемпионат мира по линии Yamaha он выйдет на старт португальского этапа 7 9 октября 2022 вместе с Attatokenoid Performantokenoid Fresh N Lean Progresstokenoid. Кампания Джейка Ганье с Hontokenoid в WSBK была не слишком успешной. Но возвращение в MotoAmertokenoid после двух лет практики в мире сделало уроженца Колорадо одним из главных претендентов на титул в Американском Супербайке. В 2021 году Ганье выиграл 17 из 20 гонок став абсолютным Чемпионом. Но в 2022 году вступление в MotoAmertokenoid Данило Петруччи стало для Ганье настоящим челледжем Данило и Джейк меняются позицией лидера с начала года и после этапа в Брейндерде Петруччи снова вернулся в лидеры серии. Несмотря на большую аварию Джейка Ганье в Брейнерде он считает что первая половина сезона прошла неплохо и возможность выйти на старт в Wortokenoid Stokenoid это хорошая идея. Yamaha Etokenoid и Yamaha Motor Corporattokenoid U. S. A. поддержат Ганье и команду Attatokenoid Performantokenoid Fresh N Lean Progresstokenoid. Портимао классный трек мне он нравится. Здорово будет вернуться туда сказал Ганье. У меня будет лучший байк и команда которые только можно представить. Как минимум я получу от этого большое удовольствие. Идея привлечения быстрейших пилотов национальных чемпионатов по Супербайку это официальная политика Yamaha Ratokenoid по поиску новых потенциальных звезд.,3,colloquial,Разговорный
Джиджи радуется непростой победы над Фрозиноне после матча.,3,colloquial,Разговорный
Кавасаки ПСЖ 13 00 мск Комментатор Виталий Ошовский РОЗЫГРЫШ БИЛЕТОВ НА ФИНАЛ ЛИГИ ЧЕМПИОНОВ ОТ НАС ДОНАТ 4276400029670024 Сбербанк Белгазпромбанк VISA 4641320034271022 для беларусов Для Украинцев Все матчи с комментарием Виталия можно посмотреть ТУТ,3,colloquial,Разговорный
Эдди Хирн рассказал когда состоится реванш Канело Бивол если Дмитрий победит Рамиреса,3,colloquial,Разговорный
Член совета директоров Динамо Сергей Степашин Тюкавин еще забьет свои мячи 33 Косте всего 20 лет о чем можно говорить? Динамо не рассматривает вариант расставания с Тюкавиным да и Зениту он не нужен. Пусть они мучаются со своими бразильцами или с Чистяковым. С уважением Ваш Зенит. Зенит МирРПЛ,3,colloquial,Разговорный
Овечкин забил 775 й гол в НХЛ. До Хоу – 26 шайб В 70 играх текущего сезона Овечкин набрал 83 45 38 очка.,3,colloquial,Разговорный
Пресс конференция Дирка накануне вывода его номера из обращения ntokenoid tokenoid mavs nowtokenoid goat,3,colloquial,Разговорный
Магазин Hotokenoid Games открылся в Ярославле по адресу Московский проспект 82А Как всегда у нас хороший выбор настольных игр и приветливые консультанты отлично разбирающиеся в своем деле. Время работы с 10 00 до 21 00 7 485 260 95 93 Открытие Hotokenoid,3,colloquial,Разговорный
Алекс Волкановски ответил фанатам которые критикуют Адесанью за скучное выступление в бою с Каннонье Чемпион UFC в полулегком весе австралиец Алекс Волкановски решил вступиться за своего товарища обладателя аналогичным титулом только в среднем дивизионе новозеландца Исраэля Адесанью который поддался критике из за не зрелищного выступления в последнем бою с американцем Джаредом Каннонье. Дело в том что люди должны понять когда у вашего соперника есть шанс победить только нокаутом то почему чемпион должен идти на риск? Почему он должен идти вперед когда знает что можно пропустить фатальный удар? Я не собираюсь критиковать Каннонье но претендент должен делать больше. Каждый боец знает что ему нужно добраться до Иззи. Так что если претендент сидел сложа руки и позволял Адесанья размазывать его с дистанции то здесь все претензии к Джареду. Скажем так если бы Каннонье попытался обострить и пошел вперед то это был бы совершенно другой бой и все говорили как Исраэль здорово нокаутировал своего соперника. Люди быстро забывают сказал Волкановски. Напомним что Адесанья и Каннонье провели бой 2 го июня на T Motokenoid Arena в Лас Вегасе штат Невада США в главном событии турнира UFC 276. Победу единогласным решением судей одержал Исраэль. ftokenoid. tokenoid,3,colloquial,Разговорный
‼Вниманию всех игроков пляжного волейбола в турнире Самара Open Комус Fest ‼ На странице мероприятия анонсированы списки игроков с проверенным уровнем мастерства и гандикапом Прокрутите страницу вниз до раздела Документы и нажмите стрелочку вправо. Если вы не согласны с начисленным вам или другому игроку гандикапом то до 24 июня включительно заполните форму для оспаривания Все заявки будут обработаны гандикапной комиссией. С ответами и решением можно будет ознакомиться по ссылке Данные игрока который заявил о неверном гандикапе не разглашаются komtokenoid,3,colloquial,Разговорный
Масштабный турнир главной кулачной лиги России мощный кард заряженные бойцы и сразу два главных боя. Тяжелые удары и яркие размены будет все 33 Трансляция 16 июля суббота в 19 00 по Москве Смотри TOP DOG на Кинопоиске. Нет подписки? Лови промокод TOPDOGFC15 и получи первые 45 дней Плюс Мульти в подарок. Активируй тут до 17 июля Для лиц старше 18 лет.,3,colloquial,Разговорный
Реал вдруг получил от Райо – это первое важное поражение сезона. Пропустили Барсу в лидеры. По делу. Реал неожиданно оступился в пригороде Мадрида – проиграл Райо Вальекано. Мадридцы пропустили первыми вроде бы перевернули и забили два – но Райо забрал контроль забил дважды и довел матч до заслуженной победы. Да да особенность в том что андердог победил по делу. Победный пенальти Райо пришлось перебивать – из за выхода Тибо Куртуа с линии ворот. Я не знаю дело тут в Куртуа или в ком то кто вбежал в штрафную. Но нечто подобное происходит в каждом матче. И подход должен в таком случае быть одинаково строгим ко всем – заключил Лукас Васкес. Реал проиграл впервые в этом сезоне Ла Лиги – и во второй раз в сезоне. Кстати РБ Лейпциг тоже обыграл мадридцев со счетом 3 2 но это было уже после того как команда Карло Анчелотти забронировала место в плей офф. Так что именно сейчас первое настоящее важное поражение Реала. Барселона благодаря этому стала лидером у нее 34 очка и впечатляющая разница 31 4 у Реала – 32. Отрыв двух топов уже большой дальше идут Атлетико и Бетис с 24 очками. Райо забил три гола Реалу в Ла Лиге впервые с октября 1977 го. И это всего второй раз в Примере. У Реала всего два сухих матча в 13 турах Ла Лиги – это худший показатель за девять лет такой же был в сезоне 2013 14 когда команду как раз тренировал Карло Анчелотти. Из плюсов – Реал забил уже девять мячей из за штрафной повторив достижение Барселоны сезона 2012 13 по итогам первых 13 матчей. Еще из минусов – у Реала только одна победа за четыре последних матча. Проиграли Лейпцигу сыграли вничью с Жироной в предыдущем туре победили только Селтик в ЛЧ. У Карло есть объяснения что пошло не так против Райо Соперник чаще выигрывал единоборства. Это был скверный вечер вот и все. Нам следовало поменять стратегию но мы не сделали этого и поплатились. И мы проиграли почти все дуэли. Винисиус не реализовал два или три момента которые обычно использует. Это был не лучший наш матч. Насчет рефери у меня нет мнения. Для этого существует ВАР. Нам не хватает свежести но это нормально после стольких матчей. Теперь нужно проанализировать первую половину сезона выделить хорошее. Мы в плей офф Лиги чемпионов и успешно выступаем в Ла Лиге. Нужно удачно провести матч с Кадисом отдохнуть и возвращаться к работе – резюмировал Анчелотти. До перерыва на чемпионат мира Реалу осталось 10 числа сыграть дома с Кадисом.,3,colloquial,Разговорный
Волейбольный клуб САМОТЛОР накануне летних каникул пошел в народ. Волейболисты и сотрудники клуба привели в порядок дворовую площадку одного из микрорайонов нанесли разметку и повесили новую игровую сетку. Ребятня с удовольствием опробывает обновку. самотлор,3,colloquial,Разговорный
Ванвлит Сиакам и Ануноби лидируют в НБА по среднему игровому времени за матч Баскетболисты Рэпторс Фред Ванвлит Паскаль Сиакам и О Джи Ануноби занимают три первых места в списке лидеров сезона по среднему игровому времени за матч. Ванвлит проводит на площадке в среднем 38 6 минут за встречу Сиакам – 37 5 Ануноби – 37 1. В топ 10 есть и еще один игрок Торонто – новичок Скотти Барнс 36 2 занимает в списке девятую строчку. Очевидно немаловажную роль в таком распределении мест в рейтинге сыграл гостевой матч Рэпторс с Майами 30 января где канадский клуб сумел победить только во втором овертайме 124 120 а все игроки стартовой пятерки Торонто провели на площадке более 53 минут. Также в первой пятерке лидеров сезона по игровому времени – разыгрывающий Бруклина Джеймс Харден 37 0 и форвард Лейкерс Леброн Джеймс 36 6,3,colloquial,Разговорный
RSD Битва Городов 2022 Нижний Новгород Райдеры Иван Нестеров Артем Вильнитс Роман Федякин Роман Быстров Ярослав Жариков Съемка монтаж Кирилл Клыгин,3,colloquial,Разговорный
РОЗЫГРЫШ IMMORTAL GIFT НА 60 000₽ 1 канал по Dota 2 запустил розыгрыш. Для участия подпишись на Tеtokenoid канал и получи ID участника 33 Забирай призы за подписку tokentokenoid,3,colloquial,Разговорный
А вот и последний ролик снятый сотрудниками нашего издательства для вас. Желаем вам и дальше любить настолочки и друг друга и обязательно находить время на хобби и любимых людей,3,colloquial,Разговорный
Краснодарская зима полном разгаре 33 Завтра 16°С 33 Игра на полигоне Теплицы карта проезда ниже ЧЕТВЕРГ 6 января регистрация с 10 00 Аренда страйкбольного снаряжения tokentokenoid пишите бронируйте 33 Поиск попутчиков На игру привезет товары мастерская магазин Protetokenoid по спецзаказам обращаться в сообщения группы tokenoidtokenoid адрес в Краснодаре ул. Совхозная д. 18 КАРТА ПРОЕЗДА полигон Теплицы 45. 061451 38. 880704 Карта дороги Фото проезда к полигону Карта проезда по Яндексу Карта проезда по Гуглу Фото полигона Еще раз по поводу QR кодов. Эту игру мы согласовываем с властями поэтому на нее будут строго проверяться QR коды о наличии вакцинации или перенесенного заболевания. Возраст игроков только 18 Это не наша прихоть а требование властей просим понять и простить. Если у вас НЕТ кода приезжайте на закрытые игры 33 Все вопросы пишите Фризу tokenoidtokenoid,3,colloquial,Разговорный
Ткачев о зарплате в АХЛ В месяц тебе приходит 6 тысяч долларов. За аренду квартиры я платил 6 5 тысячи Нападающий Авангарда Владимир Ткачев выступавший в АХЛ за Онтарио Рейн фарм клуб Лос‑Анджелеса рассказал как жил в США на небольшую зарплату. Как жить в Лос‑Анджелесе ведь Калифорния чуть ли не самый дорогой штат США? Вряд ли вы вышли в плюс по итогам того сезона. У меня был двусторонний контракт. И если ты играешь в НХЛ то тебе нормально хватает 0 925 миллиона долларов в год. А если ты в АХЛ то нет. Там у меня было 80 тысяч долларов в год. И со всеми процентами и налогами тебе приходит шесть тысяч долларов в месяц. И что можно сделать в США на шесть тысяч долларов? У меня аренда квартиры была шесть с половиной тысяч. Зачем вы такое дорогое жилье сняли? Когда я разговаривал с генменеджером Кингз в клубе хотели чтобы я жил именно в этом районе. Там коттеджный поселок где дома у игроков первой команды. Рядом океан тренировочная арена. А до самого Лос‑Анджелеса ехать 40 минут. Ну я и снял там. У меня был даже не коттедж а обычная двухкомнатная квартира на втором этаже. Что‑то дорого. Зато три минуты до океана. Бывало ходил туда купаться приводит слова Ткачева Матч ТВ.,3,colloquial,Разговорный
Самая последняя часть новостей из мира настольных игр за декабрь 2021 от канала Boartokenoid Vtokenoid Вспомним Рюрика Прагу и другие игры которыми порадовал ушедший год Boartokenoid,3,colloquial,Разговорный
Техника переводчика была починена а значит мы возвращаемся к переводам и постараемся нагнать предыдущую неделю 33 Сегодня вас ждет две заметки из книги Unearthed Ttokenoid and Trtokenoid рассказывающих о концептах по отыгрышу для игроков и ПМ. Эпизод 8 Падший дворянин Вы получили ужасную новость ваша дворянская семья была казнена в столице по приказу самого короля. По слухам их обвинили в государственной измене за попытку переворота. Вы уверены что это неправда и поэтому отправились в путешествие по королевству намереваясь заручиться поддержкой подполья против несправедливого режима действующей власти убившего ни в чем не повинных людей и оклеветавшего благородное семейство с прекрасной родословной 33 Однако ваша семья действительно пыталась совершить государственный переворот и приговор короля был исполнен по закону. Узнаете вы это в начале вашего путешествия или только в конце долгой дороги полной политических интриг? Возможно вы захотите обговорить с вашим Мастером не только факт раскрытия этой ужасной правды но и договориться о том что эта ваша настоящая предыстория будет оставаться втайне от остальных игроков до момента окончательного раскрытия. Это может потребовать от вас обоих большой подготовки но такой поворот может дать уникальную возможность раскрыть персонажа с типичной предысторией Благородный. hetokenoid hetokenoid,3,colloquial,Разговорный
Российских спортсменов могут не допустить до турниров в Великобритании без письменного подтверждения что они не поддерживают Путина Министр спорта Великобритании Найджел Хаддлстон заявил что для участия в соревнованиях на территории страны спортсмены из России и Беларуси должны будут доказать что являются независимыми и нейтральными. Речь идет о представителях индивидуальных видов спорта. Мы хотим получить письменное подтверждение что они не получают деньги от Путина России или Беларуси. Что они не будут высказываться в поддержку Путина России или Беларуси. Мы просим руководящие органы или отдельные турниры заранее заручиться такими гарантиями если они собираются разрешить участвовать нейтральным спортсменам. Если спортсмены называют себя нейтральными мы хотим получить гарантии что они действительно нейтральны и следовательно никак не связаны с Путиным. Если какие то виды спорта или организации решат полностью запретить участие российским или белорусским спортсменам мы это тоже поддержим. Но если они решат пойти по пути нейтралитета то мы попросим таких гарантий. В частности эти правила могут коснуться участия второй ракетки мира Даниила Медведева и других российских и белорусских теннисистов в Уимблдоне.,3,colloquial,Разговорный
MotoGP Квартараро Двигатель очень похож на прошлогодний Во второй половине первого дня официальных тестов MotoGP на мотоцикле Фабио Квартараро появились новые аэродинамические крылья чему пилот Yamaha обрадовался поскольку аэродинамический обвес YZR M1 уже давно не менялся. В целом новая форма аэрокрыльев очень похожа на предыдущую версию но спойлеры теперь больше и выступают за край ветрового стекла. Лучше ли новинка? Так сразу и не скажешь После трех лет с одинаково аэродинамикой пришло время для чего то нового. Новинка не лучше и не хуже. Сепанг не лучшая трасса для проверки этого обновления потому что здесь крылья немного снижают максимальную скорость. Мы должны были протестировать новинку на такой трассе как Херес чтобы получить больше полезной информации. Не знаю подходит ли Мандалика для подобных тестов. FQ20 в основном работал с M1 2022 года. Основная цель новинки – повысить максимальную скорость. Но насколько в Yamaha справились с этим? У нас теперь та же мощь что у Dtokenoid смеется 33 Если серьезно сложно сказать. Сегодня у меня не было хорошей обратной связи с мотоциклом я не мог действительно хорошо управлять им даже на горячем круге. Для меня двигатель очень похож на прошлогодний. Завтра мы попробуем кое что новое в области электроники но не думаю что мы добьемся большого прогресса за счет этого. Фабио закончил день с 6 м лучшим временем уступив чуть более 0. 3 сек. быстрейшему гонщику Алейшу Эспаргаро. И все же чемпион 2021 года недоволен собой. Я впервые не мог ездить в своем стиле. Наматывал круги с задней покрышкой средней жесткости которая прожила 26 кругов затем выехал на трек с мягкой резиной и совсем немного улучшил время. Я не мог воспользоваться мой силой – скоростью прохождения поворотов. Также стоит отметить для того чтобы быть очень быстрым на этой трассе нужно достигать предела в некоторых участках и сегодня был неподходящий день для этого. Однако я доволен нашим гоночным темпом – проехал круг 2’00 на изношенной резине но на горячем круге сегодня было тяжело.,3,colloquial,Разговорный
Друзья на ваших глазах рождается новый промоушен RAGE ARENA Здесь вы не увидите и не услышите ужасных оскорблений пресс конференций где льется грязь и драки никаких фриков 33 Только спорт 33 Организаторы промоушена могли выбрать легкий путь но они выбрали верный и трудный 33 Поэтому друзья пожалуйста поддержите RAGE Смотрите в прямом эфире только на телеканале UDAR сегодня в 20 00 по Москве 33,3,colloquial,Разговорный
добрый день 33 подскажите пожалуйста с 88 метров когда ближайшее мероприятие? мы с коллегами планируем нас 4 6 человек,3,colloquial,Разговорный
Приглашаем провести громкий день. . . EMMA Россия Место проведения г. Тверь на площадке ТРЦ Рубин Адрес проведения г. Тверь проспект Калинина д. 13 А. Открыты следующие классы для регистрации Качество звука SQ все классы Мультимедиа ММ все классы ESPL все классы ESQL все классы EMMA Тюнинг все классы 7 00 сбор судей на площадке. 7 15–9 00 заезд участников соревнований. 7 30–9 00 регистрация участников. 9 00 время с которого прекращается допуск и регистрация участников на этап соревнований 9 10 брифинг для судей 9 20 брифинг для участников 9 30 начало судейства всех категорий. . 11 00 официальное открытие этапа ХХIII Чемпионата России по автозвуку и тюнингу 14 00 начало судейства ESPL. 17 00 судейство категории ESQL 21 00–22 00 церемония награждения победителей.,3,colloquial,Разговорный
Продам наклейки Брюс Ли 50шт. Кому нужно пишите в личку.,3,colloquial,Разговорный
кэндзюцу самураи иайдо будо будзюцу боевыеискусства япония,3,colloquial,Разговорный
Швентек – Жабер Ты еще меня обыграешь. Так что не переживай Первая ракетка мира Ига Швентек прокомментировала победу на US Open. В финале она обыграла Онс Жабер – 6 2 7 6. Ее спросили за счет чего ей удается так уверенно проводить важнейшие матчи – она выиграла 10 финалов подряд не отдав в них ни сета. Если честно я не знаю смеется. Я просто не очень многого жду. Особенно перед этим турниром. У меня был непростой период. Возвращаться после победы на Большом шлеме непросто – хотя на Ролан Гаррос я и взяла уже второй титул. Но мне нужно было оставаться собранной сосредотачиваться на своих целях. Турнир получился непростым потому что это Нью Йорк тут так громко так безумно. В городе столько соблазнов. Я познакомилась со многими вдохновляющими людьми. Это просто сумасшествие. Горжусь тем что психологически со всем справилась. Онс ты провела прекрасный турнир и проводишь прекрасный сезон. У нас уже классное соперничество и я уверена что мы еще много раз встретимся. И ты еще меня обыграешь. Так что не переживай.,3,colloquial,Разговорный
Лига наций 2022. Мужчины Болгария Сербия Подробнее о турнире,3,colloquial,Разговорный
Денис Спицов бежал скиатлон на лыжах Непряевой – оба взяли серебро Олимпиады 2022 Российский лыжник Денис Спицов рассказал что выступал в скиатлоне Пекина 2022 на лыжах Натальи Непряевой. На этой паре он бежал классическую часть гонки. По итогам скиатлона Спицов завоевал серебро. Накануне Непряева на этих же лыжах тоже финишировала второй.,3,colloquial,Разговорный
Тренировочная база Челси после назначения Поттера на пост главного тренера,3,colloquial,Разговорный
КРЕЙЧИКОВА И СИНЯКОВА ВЗЯЛИ УИМБЛДОНСКИЙ ТИТУЛ В ПАРЕ Чешские теннисистки Барбора Крейчикова и Катерина Синякова стали победительницами Уимблдона в парном разряде. В финале они обыграли бельгийку Элисе Мертенс и китаянку Чжан Шуай 6 2 6 4. newstokentokenoid,3,colloquial,Разговорный
В матчах Швейцарии скучно не бывает. Вот и сегодня парни и сами забили достаточно и Италии позволили немного порадоваться. Лучшие моменты 33,3,colloquial,Разговорный
Тэйлор Фритц впервые в карьере сыграет в 1 4 турнира Большого шлема,3,colloquial,Разговорный
Я действительно не знаю что сказать. Эти девушки эта энергия Хочу поблагодарить всех кто нас поддерживал. Особая благодарность моей семье которая приехала поддержать меня. Я получила большое удовольствие это самое главное. Мне нравится играть в волейбол. Капитан сборной Сербии Тияна Бошкович после победы в финале ЧМ 2022,3,colloquial,Разговорный
Новый год все понятно мандарины елка оливье очень быстро и много ассоциаций можно подобрать А с чем у вас ассоциируется Зимний полумарафон? Делитесь в комментариях,3,colloquial,Разговорный
Роман Сафиуллин прокомментировал победу над греком Стефаносом Циципасом в Марселе. Роман впервые победил соперника из Топ 10 и впервые вышел в полуфинал турнира ATP. Это совершенно точно моя лучшая победа. Я очень рад что смог показать такой теннис. На этой неделе я впервые вышел в четвертьфинал ATP а теперь и в полуфинал. Это здорово. Сегодня я очень хорошо принимал особенно некоторые его классные первые подачи. Кажется он не ожидал что ему придется играть розыгрыши. И в розыгрышах я был чуть лучше цитирует Сафиуллина Okko.,3,colloquial,Разговорный
Тренировка мышц кора в домашних условиях Как изменится тело если регулярно тренировать мышцы кора? Желающим обрести королевскую осанку подтянутый живот и легкую походку важно иметь сильный и функциональный кор. Бич нашего времени гиподинамия пониженная подвижность это следствие сидячего образа жизни. Она влечет за собой ряд проблем со здоровьем негативно влияет на форму тела и жиромышечный компонент. Когда человек сталкивается с набором веса зачастую он начинает бросаться во все тяжкие выбирая максимально интенсивные тренировки со сложными упражнениями. Но не оценивает самое важное состояние мышц кора и наличие дисбалансов. Кстати сильное недовольство внешностью как у мужчин так и у женщин вызывает форма живота. И начинаются скручивания подьемы корпуса диеты Порой это не решающий фактор. Представьте ослабленный кор это слабый пресс и пассивные ягодицы. Что мы имеем? Передний наклон таза и вываливающийся живот вечно болящая поясница невозможность активно тренироваться. Стоит правильно расположить таз и грудную клетку относительно друг друга укрепив кор и сразу появится осанка живот не будет вываливаться а от прогулок спина не будет болеть. Визуальный эффект налицо 33 rtokenoid офп физо мышцыкора спорт зож забег rtokenoid sport,3,colloquial,Разговорный
Хочешь скидку 20 на крутой экип и спортивные товары от Спортмастер PRO? Держи 33 Приходи в самый большой магазин Спортмастер PRO по адресу Варшавское шоссе 129А в Москве шепни на кассе наш промокод SMPRO5 и получи скидку 20 на всю одежду и обувь а еще на лыжную и сноубордическую экипировку 33 Акция действует до 20 февраля включительно. Не упусти свой шанс 33,3,colloquial,Разговорный
3 й батальон 1 го полка 1 ой дивизии морской пехоты на учениях в Кэмп Пендлтоне Калифорния 12 мая 2020 года.,3,colloquial,Разговорный
UFC Марвин Веттори о своем отношении к Федору Емельяненко Я как то увидел документалку где он тренируется в лесу вместе со своим братом спаррингует. То как он дрался с каким смертельным хладнокровием выходил на поединки. . . Помню видео где он смотрит как Крокоп отправляет в нокаут его брата. Я не понимал что Федор говорил в тот момент но явно что то очень жесткое типа Я убью тебя. Я посмотрел пару 40 минутных документалок на ютубе о нем и был впечатлен. Этот парень был чем то особенным. Для меня он всегда будет лучшим тяжеловесом всех времен последним императором.,3,colloquial,Разговорный
Спартачи молодцы 33 Давите Ротенберга как только можете,3,colloquial,Разговорный
МЕДВЕДЕВ БЕЗ ПРОБЛЕМ ВЫШЕЛ В 3 Й РАУНД АСТАНЫ Во втором круге казахского турнира Даня переиграл представителя Испании Альберта Рамоса Виноласа 6 3 6 1 33 Медленные хардовые корты Астаны в зале не стали помехой для россиянина tokentokenoid,3,colloquial,Разговорный
Лучший способ сделать детей хорошими это сделать их счастливыми 33 С Днем Защиты детей 33 цсп8мо атлант ЖивуСпортом СпортивноеПодмосковье НашеПодмосковье МХЛ ЛигаСильных Хоккей hotokenoid,3,colloquial,Разговорный
Итог матча поражение 1 2. Единственный мяч в составе Торпедо Миасс заил Сергей Чистяков во втором тайме В конкурсе прогнозов победу одержал Рамазан Абзгильдин. Просим с нами связаться. миасс спорт торпедомиасс футбол сезон2021 2022 сбор2022 лоо,3,colloquial,Разговорный
Чемпионы минувшей недели Пабло Карреньо Буста Монреаль Симона Халеп Торонто Подводим итоги мужского и женского турниров в Канаде,3,colloquial,Разговорный
Помните как вы когда то глупо ответили на вопрос? Не переживайте кроме вас этого больше никто не запомнил. И вообще вы тогда просто готовились играть в Кучу вопросов ведь в ней можно получать очки даже за самые глупые ответы 33 Как проходит игра в Кучу вопросов смотрите в летсплее от канала Твой Игровой. А чтобы взять игру к себе на вечеринку переходите по ссылке Цена 1 490 руб.,3,colloquial,Разговорный
Наконец то мы дома 33 Сегодня и завтра нас ждут очень интересные и непростые матчи все же помнят как мы в первом раунде плей офф с Крыльями бились? Готовимся и начинаем как и водится с нашего превью,3,colloquial,Разговорный
Воскресная игра на полигоне Знаменский завершена 33 Спасибо всем участникам 33 Альбом с игры 000000000000000 Делитесь в коментах как прошла игра 33,3,colloquial,Разговорный
Сборная Словакии объявила свой состав на зимние Олимпийские игры 2022 года.,3,colloquial,Разговорный
Плей офф НБА 21 22. Трансляции матчей русские комментаторы 02 00 мск. Атланта – Майами Счет в серии 0 2 03 30 мск. Чикаго – Милуоки Счет в серии 1 1 04 30 мск. Нью Орлеан Финикс Счет в серии 1 1,3,colloquial,Разговорный
Первенство России U20 Чебоксары 5 7 июля Подводим итоги первого дня. Сегодня у нас золото серебро и бронза. И новый рекорд Свердловской области на 3000м. Егор Колотилов стал победителем на дистанции 100м показав в финале 10. 61. После финиша в интервью телеканалу Матч 33 Егор отметил что недоволен результатом что работа этим летом продолжится. Спортсмен представляет СШ Юность СК Луч Екатеринбург тренеры Ясников Владимир Иванович Масаева Елена Владимировна Масаев Евгений Робертович Хаустов Александр Владимирович Зыков Александр Иванович. Виктория Болдырева выиграла серебро в беге на 100с б 13. 97. На этом первенстве спортсменка показывает лучшие результаты за последних три лета. Виктория выступает за СШ Юность СК УрФУ тренируется у Сыроешкиной Светланы Владимировны. Даниил Прокушев стал бронзовым призером на 3000м 8 15. 15. Финишировал с личным рекордом минус одиннадцать секунд. И это новый рекорд Свердловской области. Предыдущий 8 21. 6 продержался 35 лет. Он был установлен 19 летним Вячеславом Кошелевым в 1987 году. Даниил Прокушев представляет спортшколу Росток СК Луч Екатеринбург тренеры Галашов Николай Владимирович Терентьев Леонид Александрович. Состоялись предварительные забеги на 400м Анастасия Гентух 57. 30 финал закрылся 56. 41 Иван Чистых 51. 20 закрылся 48. 79. Результаты на 400с б финал закрылся 55. 50 Семен Лубский 56. 46 Василий Козиянчук 56. 62 Выступивший в полуфинале на 110с б Даниил Келин показал 15. 27 он на одиннадцатой строчке протокола. В финал на 800м отобралась Мария Рыбинская 2 11. 07 у нее шестое время среди участников. Борьба на дорожке была достаточно жесткой Мария сравнила свой забег с боями без правил. Финал состоится во второй день. Также 800м бежала Елизавета Быкова 2 13. 17. Милана Садовская прошла в финал на длине. Квалификационный норматив здесь был 5. 80 его выполнили восемь спортсменок остальных добрали по результату. Первые две попытки у Садовской были неудачные заступ и когда она начала разбег на последнюю третью тренеры больше всего хотели увидеть даже не результат а поднятый судьями белый флаг. Попытка была засчитана и оказалась очень приличной 6. 08 Милана вышла в финал со вторым результатом. У юниоров в финал отобрался Вячеслав Злобин он выполнил норматив 6. 90 во второй попытке. Завершили выступление Василий Попов 6. 69 и Никита Винников 6. 13. На высоте борьбу в финале продолжит Ярослав Козырев он прыгнул на 2. 00 с первого раза и судьи уверенно включили его в число двенадцати сильнейших. Никита Широбоков не взял начальные 1. 75. Посмотреть рекорды Свердловской области,3,colloquial,Разговорный
Волнительный момент стрельбы на огневом рубеже. Каждый раз с замиранием сердца смотрите,3,colloquial,Разговорный
Юдзуру на сегодняшнем шоу отрезки выступления под живой вокал и прыжки на закрытии. Наслаждайтесь 33 ytokenoid ptokenoid 羽生結弦 team hanyu FaOI tokenoid,3,colloquial,Разговорный
Альберт Вагайцев Каждый кто начинает играть в волейбол стремится в суперлигу Воспитанник нижневартовской СШОР Самотлор о большом спорте дрожи в коленках и доверии связующего. Читать,3,colloquial,Разговорный
Всем привет. Подскажите есть ли аналоги на ручку сцепления с машинкой может кто ставил?,3,colloquial,Разговорный
Так нужны новые чехлы для зимних шин парочка фильтров для автомобиля а еще неплохо бы сэкономить. Решение? Испытать удачу в розыгрыше от MAXXIS. Поторопись принять участие 33 Условия розыгрыша и сроки проведения ищи здесь,3,colloquial,Разговорный
Тик так тик так. . . Часики тикают а успеть надо так много 33 Проверь себя и своих друзей на многозадачность в новом патигейме Не бомбани 33 В этой веселой и немного безумной игре игроки должны одновременно отвечать на вопросы одного соседа и крутить ответы на кубиках для другого. Звучит не слишком сложно? Да вот только время поджимает нужно успеть сделать все как можно скорее 33 Времени на раскачу нет пора взрывать эту вечеринку Не бомбани 33 рассчитана на 3 7 игроков от 12 лет Новинки Hotokenoid НеБомбани,3,colloquial,Разговорный
Всем Добра 33 Мужики Кувалдоводы подскажите если нет нигде шины 150 90 15 какую можно купить какая другая подойдет. На перед купил вот заднюю не успел и найти не могу ни где.,3,colloquial,Разговорный
ЮридическиеГрани Друзья за время нашего сотрудничества с tokentokenoid. tokenoid поступало крайне много интересных вопросов на тему авторского права и настольных игр 33 Поэтому мы решили собрать их с вас а впоследствии сделаем цикл постов с самыми сложными и популярными из них Как это сделать? 1 Перейти по ссылке 2,3,colloquial,Разговорный
Я вернулся новый друг весь в оригинале и года не прошло как я себе после не приятного ДТП купил снова кувалду,3,colloquial,Разговорный
Новинка 33 Игра для веселых компаний Правдец 18 Больше не нужно долго придумывать интересные вопросы и задания для Правды или действия они уже есть в этой коробке 33 Каждый ход выбирайте карточку Отвечай или Действуй выполняйте попавшееся задание и получайте победные очки Цена 490 руб.,3,colloquial,Разговорный
Шарль уже в Джидде занимается прогулкой по трассе Satokenoid,3,colloquial,Разговорный
Королевские особы тоже были Вчера вечером в эфире канала TV2 транслировалась праздничная программа Sommerfest fra Tetokenoid. Ее участниками стали известные спортсмены и музыканты. Публику развлекали в том числе лыжный король Петтер Нортуг и норвежская принцесса Марта Луизе.,3,colloquial,Разговорный
Одежда королевских размеров 48 Оплата при получении заказа 33 Каталог А для заказа и по всем вопросам пиши tokentokenoid,3,colloquial,Разговорный
Отчаянные герои и посторонние ужасы способные свести с ума и уничтожить людей слабее духом и телом. Миниатюры из Особняков безумия база и дополнения Зловещие путешествия Путь змеи Улицы Аркхэма. Покрас от GRENKEEN sttokenoid. Подробнее про игру настольныйфэшн ОсобнякиБезумия,3,colloquial,Разговорный
У вас есть яхта но нет пресса? Эти упражнения специально для вас 33. . rtokenoid. . . . . rtokenoid rtokenoid спорт зож пресс наспорте бег всембег легкаяАтлетика,3,colloquial,Разговорный
Будро не терпится увидеть как у Кузьменко получится в НХЛ,3,colloquial,Разговорный
Когда Олейник дебютировал в ММА UFC было 3 года Конор МакГрегор ходил в школу Первый айфон выйдет только спустя 10 лет Билл Клинтон был президентом США,3,colloquial,Разговорный
Пользователь retokenoid Несколько дней назад я загрузил свой новый скин FAMAS в мастерскую и хотел бы услышать ваше мнение,3,colloquial,Разговорный
В AEW официально анонсированы командные титулы среди трио 33 Первые чемпионы определятся посредством турнира финал которого состоится на PPV Atokenoid Otokenoid 4 сентября.,3,colloquial,Разговорный
Правила возврата билетов I Неделя Звезд Хоккея 2022 и перенесенные матчи Трактора ⠀ Неделя Звезд Хоккея 2022 Возврат денежных средств за электронные билеты приобретенные на официальном сайте Трактора на Фонбет Неделю Звезд Хоккея 2022 осуществляет КАССИР. РУ. Правила возврата на сайте tokentokenoid ⠀ Деньги за билеты купленные в кассе Ледовой арены можно получить там же ежедневно с 10 00 до 19 00 при наличии билетов и чека об оплате. ⠀ Перенесенные матчи Трактора С правилами возврата электронных билетов можно ознакомиться на сайте клуба. Билеты купленные в кассе также можно сдать в клубных кассах ежедневно с 10 00 до 19 00. Обращаем ваше внимание что билеты на матчи с Торпедо и рижским Динамо действительны на новые даты игр которые КХЛ определит чуть позже. хктрактор толькочернобелый,3,colloquial,Разговорный
Друзья напоминаем что у нас доступны для заказа ретро джерси с нанесением игроков тех времен. Если Вы не нашли в каталоге джерси которая Вам нужна напишите нам возможно она у нас есть. Цена от 1 650 ₽ Размеры S 3XL ⭐Отзывы сетка Подробнее,3,colloquial,Разговорный
Мобильный сервисный центр ОКР направляется в Калужскую область. С 19 по 25 сентября Мобильный сервисный центр ОКР направление Беговые лыжи будет находиться на выездном мероприятии в Калужской области городской округ Калуга село Пригородного Лесничества ГАУ КО СШОР Орленок. Напомним что Мобильные сервисные центры ОКР являются наследием зимних Олимпийских Игр в Сочи. На технологической базе полученной в рамках реализации проекта Олимпийского комитета России Штайншлифт при поддержке компании Газпром специалистами производится станочная обработка скользящей поверхности беговых лыж горных лыж и сноубордов.,3,colloquial,Разговорный
Завели монстра Сколько может быть сил в таком аппарате и будет ли он мощнее альфы?,3,colloquial,Разговорный
Ожидали ли вы что то подобное когда сезон только начинался? NASCAR Camptokenoid,3,colloquial,Разговорный
Летом ожидаем дополнение Остров духов Гиблый край Дополнение Гиблый край добавит в игру сразу 10 новых духов возможность играть впятером и даже вшестером новых противников и сценарии но главное значительно разнообразит игровой процесс. Альтернативные режимы игры различные варианты раскладки острова новая колода событий и карты развития для уже знакомых духов все это позволит вам попробовать свои силы в более серьезных испытаниях и раскроет игру с новой стороны. Это не самостоятельная игра а дополнение. Вам понадобится база Остров духов Новый тираж базы тоже будет этим летом. Новости для участников кампании на tokentokenoid По техническим причинам производство игры Остров духов и дополнения Гиблый край переносится на конец июня. Следите за новостями проекта на странице кампании Новинка Hotokenoid ОстровДухов,3,colloquial,Разговорный
Всем привет 33 подскажите пожалуйста первый мотоцикл 250 кубов.,3,colloquial,Разговорный
Не забываем что у нас в группе проходит розыгрыш скинов и ковриков,3,colloquial,Разговорный
Помните Ника Стаускаса? Ему 28 лет и он пытается перезапустить свою карьеру в G Лиге В последних двух матчах канадец набрал в сумме 100 очков. Ранее подобное не удавалось ни одному игроку в истории G Лиги. Стаускас выступает за Грэнд Рэпидс Голд фарм клуб Денвер Наггетс. новостиtokentokenoid,3,colloquial,Разговорный
Джастиса Уинслоу снова обменяли. Хорошо что не стали подписывать с ним контракт в межсезонье. Клипперс отправили Эрика Бледсоу Джастиса Уинслоу Кеона Джонсона и драфт пик 2 го раунда в Портленд получив взамен Нормана Пауэлла и Роберта Ковингтона. Показатели форварда Уинслоу 25 198 в этом сезоне – 4 2 очка и 3 6 подбора.,3,colloquial,Разговорный
Маррей не сыграет в Риме из за пищевого отравления Экс первая ракетка мира Энди Маррей снялся с квалификации Мастерса в Риме стартующей в субботу. Британец еще не восстановился от пищевого отравления полученного на этой неделе в Мадриде. Маррей пока остается в заявочном списке Ролан Гаррос хотя зимой говорил что планирует пропустить грунтовый сезон.,3,colloquial,Разговорный
Дорогие любители бега свои беговые фоточки для публикации присылайте в комменты к этому посту ⬇️ А сейчас своим отличным бегом делятся наши друзья Максим Архипов tokenoidtokenoid Шелаев tokenoidtokenoid Кумпан tokenoidtokenoid Рыбас tokenoidtokenoid Волгина tokenoidtokenoid Белоусов tokenoidtokenoid Смирнов tokenoidtokenoid Vashkevtokenoid tokentokenoid Спасибо вам за великолепную бегомотивацию дорогие друзья 33 Всем бег 33 Всем жизнь 33 бегжизнь делисьбегом спорт забег rtokenoid rtokenoid sport всембег легкаяАтлетика,3,colloquial,Разговорный
Дорогие Атлеты 33 Ровно месяц назад мы были с вами в Суздале на GRUT 33 Весь этот месяц социальные сети не переставали кипеть – посты истории статьи очерки видео стихи и песни о том каким Gotokenoid Rtokenoid Utokenoid Tratokenoid 100 2022 увидели вы его участники Наша команда читала и смотрела абсолютно все. Вместе с вами и вашими текстами мы вновь и вновь переживали момент старта эмоции от бродов долгожданных пунктов питания и конечно же финиша. Мы искренне благодарим всех участников за отзывы о GRUT2022 33 Все они были очень разными – у кого то эмоциональными у кого то серьезными и рассудительными кто то просто публиковал фото потому что в моменте слова были излишни. Никаких объективных критериев для определения победителей конкурса отзывов о Gotokenoid 100 2022 не было. Каждый из участников команды выбрал отзыв который был ближе ему Призеров конкурса отзывов мы с удовольствием приглашаем на Завтрак друзей 15. 0 который состоится в октябре в Москве. Победителям вручим полезные и вкусные наборы от наших друзей из Btokenoid. Алексей Воронеж Лебедев Ксения Желудева Наташа Калашникова Александр Дунаев Atokenoid Trekhsvoyakov Елена Утина tokentokenoid tokenoid eptokenoid xkarmagtokenoid Еще раз поздравляем Спортсменов и благодарим всех за участие в гонке 2022 года 33 WeAreGRUT Rtokenoid rhrtokenoid,3,colloquial,Разговорный
Однажды ты поймешь что крылья тебе даны не для того чтобы ты летал над облаками а как пингвину просто так P. S. Розыгрыш прыжков уже сегодня вечером,3,colloquial,Разговорный
MotoGP Такааки Накагами прооперирован но надеется выйти на старт Гран При Японии Itokenoid LCR Hontokenoid сообщила что травмированный при контакте с мотоциклом Марком Маркесом из Repsol Hontokenoid пилот команды Такааки Накагами прошел обследование в Барселоне прооперирован и надеется вылететь в Японию ближайшим рейсом во вторник. Накагами получил травмы правой руки при жестком падении на 1 м круге Гран При Арагона. По предварительным данным из Мобильной Клиники в паддоке Motortokenoid Накагами мог сломать два пальца также он получил травмы мягких тканей ожоги от контакта с асфальтом и возможный разрыв связок. Но детали могло дать только тщательное обследование с аппаратурой имеющейся в Клиники Института Дексиуса в Барселоне куда Така и направился в понедельник утром. Команда сообщает что доктор Ксавье Мир провел операцию на мизинце и безымянном пальце японского гонщика чтобы стабилизировать состояние связок которые действительно оказались порваны. Пересадка кожных покровов спортсмену не потребовалась что означает относительную свободу действий в ближайшем будущем. Накагами планирует вылететь в Японию и уже на месте определить шансы участия в предстоящем в ближайшие выходные Гран При. Ему предстоит пройти полное обследование и получить допуск к Гран При Японии в четверг. Такааки Накагами продлил свой контракт с Hontokenoid Ratokenoid и LCR Hontokenoid на 2023 год буквально перед началом Гран При Арагона что ставит точку в формировании составов команд MotoGP на следующий сезон. Аи Огура которому прочили место Накагами остается с Astokenoid Hontokenoid в чемпионате Moto2 на следующий сезон и намерен бороться за титул чемпиона.,3,colloquial,Разговорный
Дорогие друзья в свете последних событий хотим вас заверить что tokentokenoid не будет блокировать счета и скины по политическим мотивам из какой бы страны ни был юзер. Балансы и скины каждого игрока останутся в полной сохранности. С уважением Команда tokentokenoid,3,colloquial,Разговорный
С праздником мужики не забывайте поздравить и своего друга танкиста 33,3,colloquial,Разговорный
Прорайдер Qtokenoid Сэмми Карлсон называет это завтрак 33 Мы называем это проверка сердечка на стойкость Хотели бы попробовать такой спуск?,3,colloquial,Разговорный
Буллит вывевший наших хоккеистов в финал Олимпийских игр,3,colloquial,Разговорный
NTOG Военно Тактическая оперативная группа морского флота Канады,3,colloquial,Разговорный
Предлагайте нам свои записи. Все что связано с легкой атлетикой. Самые лучшие мы добавим в группу 33,3,colloquial,Разговорный
Олимпийские игры 12 февраля Танцы на льду РТ 14. 00 по Мск,3,colloquial,Разговорный
Арсенал теряет Мартинеса? Будет ли Тилеманс? Дей Йонг остается в Барселоне Эриксен выбрал МЮ Ришарлисон петух. СМОТРЕТЬ,3,colloquial,Разговорный
Отличная новость 33 Кубок Губернатора Югры по волейболу возвращается. За всю его историю в этом турнире принимали участие действующие призеры Суперлиги и команды из многих стран мира. В этот раз опять состав подобрался что надо – действующий чемпион России московское Динамо вице чемпион Беларуси минский Строитель и наши соседи в рейтинге прошлого розыгрыша Суперлиги нижегородская АСК. Это не случайно еще и наши соперники по предварительному этапу Кубка России просто в этом году было принято решение совместить наш домашний этап официального турнира ВФВ со столь дорогим нам Кубком губернатора. Подробнее,3,colloquial,Разговорный
Для чего нужен студенческий? Показать на входе в университет доказать бабушке что ты реально поступил а самое главное – оформить Плюс бесплатно до конца года. Заходи скорее,3,colloquial,Разговорный
Суперкубок Франции Кубок Франции Чемпионат Франции Лига чемпионов Первый трофей у ПСЖ уже в кармане. А сколько всего их будет по итогам сезона?,3,colloquial,Разговорный
Обзор на Fatokenoid Shetokenoid игру в которой вы сможете построить собственное убежище среди суровых опасностей ядерных пустошей если конечно выдержите атаки рейдеров и мутировавших животных. Видео от клуба Any Key Обзоры Hotokenoid,3,colloquial,Разговорный
Лимитный промокод 33 Поспеши активировать секретный промокод LADNO2 который дает 0. 15 036 на баланс от CSGOUP 33 Напиши в комментариях под постом успел ли ухватить бесплатный бонус?,3,colloquial,Разговорный
Фэнтези команда симпла. Монеси и Элек в обоих вариантах.,3,colloquial,Разговорный
Всем отличных тренировок дорогие друзья rtokenoid rtokenoid спорт легкаяАтлетика ла бег заюегРФ беганутые parkrtokenoid марафон,3,colloquial,Разговорный
Лучшие по личной статистике в 11 м туре мужской российской Суперлиги БОМБАРДИРЫ 35 – Рыбаков Урал 29 – Папазов Кузбасс 28 – Яковлев Д. Нефтяник Орнб 21 – Ботин А. Нефтяник Орнб 17 – Аль Хачдади Белогорье Марокко 17 – Волков Д. Зенит Казань 17 – Ивович Динамо ЛО Сербия 17 – Пирайнен Динамо ЛО 16 – Клюка Зенит СПб 16 – Лубурич Локомотив Нс Сербия 16 – Никитин Нефтяник Орнб БЛОК 5 – Космин Зенит СПб 5 – Филиппов Белогорье 4 – Ботин А. Нефтяник Орнб 4 – Бутько Кузбасс 4 – Кранин Нефтяник Орнб 4 – Крицкий Енисей 4 – Папазов Кузбасс ПОДАЧА 4 – Маркин Кузбасс 3 – Богдан Динамо М 3 – Клюка Зенит СПб 3 – Лихошерстов Динамо М 3 – Панков Динамо М 3 – Яковлев Д. Нефтяник Орнб RUSCMtokentokenoid,3,colloquial,Разговорный
1 тур нового турнира И все таки мы очень соскучились по волейболу за эти 3 месяца Движемся по направлению к Москве и Одинцово Сайт tokentokenoid Трансляции ВФВ tokentokenoid Товары для волейбола tokentokenoid Поддержать tokentokenoid Tetokenoid tokentokenoid Яндекс Дзен tokentokenoid Yotokenoid tokentokenoid Волейбольные чаты tokentokenoid Tetokenoid каналы клубов tokentokenoid ВолейболРоссии ВолейболНовости ДержиМячВИгре Волейбол Votokenoid ПляжныйВолейбол Пляжка Votokenoid Beatokenoid,3,colloquial,Разговорный
Здорово всем 33 33 Вопрос У всех на Кувалде камеры номер не цепляют или нет? Номер большой состояние идеальное висит на своем штатном месте. Для примера короткий видос с телефона.,3,colloquial,Разговорный
САМСОНОВА УВЕРЕННО ВЫШЛА В ЧЕТВЕРТЬФИНАЛ КЛИВЛЕНДА Россиянка Людмила Самсонова вышла в 1 4 финала турнира в Кливленде выбив из борьбы немку Лауру Зигемунд 6 2 6 1. Следующей соперницей россиянки станет Магда Линетт из Польши. newstokentokenoid Samsonova,3,colloquial,Разговорный
News tokenoid warhammer40k Мы ранее уже писали о том что состав коробки утек значительно раньше поулчается 12 августа и еще ранее были просто слухи о составе новинок Гвардии. Но теперь по недавним слухам от Валрака и вправду можно ожидать еще и возвращения Маршалла Солара но не Махариуса силуэт которого очень похож на арте из трейлера. А на фоне вероятно и новый танчик Рогал Дорн хотя на таком арте какими то особыми приметами он не обладает танк как танк.,3,colloquial,Разговорный
Летсплей Рюрика свежей военно экономической стратегии посвященной междоусобной борьбе русских князей. В Рюрике вам предстоит взять на себя роль сына или дочери князя Владимира и соревноваться с остальными за гордое звание верховного правителя Руси. Видео от канала Beznatokenoid Настольные игры Рюрик,3,colloquial,Разговорный
Приглашаем всех желающих на тренировку 22 октября суббота,3,colloquial,Разговорный
Блин я не знаю как записать. Не знаю откуда только на передаче только на ходу появляется свист как от ветра чего то похожего на подшипник. частота оборотов двс напрямую влияет на скорость звука. На камеру не удаслось записать. По городу катал до 90 макс обороты до 7 крутил на езду не влияет. Заводится норм с чуть перегазовкой на 2 3 оборот стартера,3,colloquial,Разговорный
Брюс Ли считал что бег невероятно важен и вы должны продолжать бегать в течение всей вашей жизни. В какое время дня вы будете бегать неважно важнее как долго вы будете бегать. В начале вы бежите легкой трусцой затем увеличиваете дистанцию и темп в конце пробега включаете спринт для развития скоростной выносливости. Брюс бегал каждый день минимум 6 раз в неделю от 15 до 45 минут. rtokenoid бег спорт зож мотивация забег 5верст,3,colloquial,Разговорный
Торонто подписал контракт с вратарем из АХЛ Китом Петруцелли.,3,colloquial,Разговорный
Дерек Чисора хочет провести бой с Деонтеем Уайлдером 38 летний британский супертяжеловес Дерек Чисора заявил что хочет провести поединок против 36 летнего нокаутера и экс чемпиона мира в супертяжелом весе из США Деонтея Уайлдера который пока раздумывает над продолжением своей боксерской карьеры после двух подряд поражений от другого британского боксера Тайсона Фьюри. Я большой поклонник Уайлдера но пока ты не повесил перчатки на гвоздь дай мне почувствовать эту ударную мощь. Я хочу поехать в Америку и устроить битву с тобой брат сказал Чисора о бое с Уайлдером в интервью Setokenoid Otokenoid. Я собрался и готов поехать в Америку. Давай повеселимся. Знаешь я хочу почувствовать эту ударную мощь. Люди постоянно говорят о его ударной мощи но знаете. я в это не верю. Если ты услышишь мои слова дай мне знать. Лас Вегас или приезжай на Уэмбли добавил Чисора. Я дам ему настоящую битву. Чисора потерпел три поражения подряд от Александра Усика и от Джозефа Паркера но все бои были зрелищными и Чисора оправдывал свое прозвище War война в каждом из них. После второго поражения от Фьюри в октябре прошлого года тренер Уайлдера Малик Скотт говорил что экс чемпион может вернуться на ринг в мае этого года однако сам Уайлдер еще не определился со своими планами и недавно заявил что хочет спросить совета у духов Амазонии.,3,colloquial,Разговорный
Я также могу быть гарантом на турнире 33 По всем вопросам обращайтесь в лс группы,3,colloquial,Разговорный
Приветсвую. Ищу правую накладку на радиатор ориг. Заранее спасибо,3,colloquial,Разговорный
Доброе время суток 33 Может кто обращал внимание смотровое окошко уровня масла в двигателе при работающем двигателе обычно оно пустое уровень масла видно когда состояние заглушен у меня так было но теперь при работающем двигателе масло либо на половину остается либо по верхнюю риску. Кто может сталкивался? Беспокоиться уже можно или еще нет? Масло поменял и потом обратил внимание. Так и заливаю доливаю масло по верхнюю риску.,3,colloquial,Разговорный
Мы продолжаем рассказывать о партнерах Граникона 2022. Издательство настольных игр tokenoid Эврикус за прошедшие 5 лет успело закрепиться на рынке благодаря выбору качественных зарубежных проектов для локализации а также успешной работе с отечественными авторами. Издательство активно развивает детско семейный сегмент настольных игр. Среди известных игр издательства такие игры как Волк идет 33 Котоквест Квилт. Эврикус входит в большой холдинг совместно с сетью гипермаркетов для творчества Леонардо поэтому все игры из ассортимента издательства оказываются на полках офлайновых магазинов по всей стране более 130 магазинов Леонардо. Также холдинг производит на своих фабриках такие товары как карандаши пластилин краски и тп. В издательстве Эврикус работают увлеченные профессионалы своего дела которые помогут игре воплотиться от момента идеи до появления на полке магазина. Большая база дизайнеров собственные фабрики большая сеть реализации – это то что приведет классную игру в дома многих настольщиков.,3,colloquial,Разговорный
Медведев потеряет первую строчку рейтинга после US Open Первая ракетка мира Даниил Медведев проиграл Нику Кириосу в четвертом круге US Open – 6 7 6 3 3 6 2 6. Медведев впервые с 2018 года проиграл на US Open раньше полуфинала. Тогда он уступил в третьем раунде. Россиянин не защитил прошлогодний титул и по итогам турнира потеряет первую строчку рейтинга,3,colloquial,Разговорный
В продаже спецвыпуск Мир фантастики. Спецвыпуск 6 Старые добрые игры Вы с головой погрузитесь в мир знакомых всем с детства игр. Тех самых которые становились причиной бессонных ночей и прогулянных уроков которые собирали перед экраном монитора шумные компании которые взрослели и развивались вместе с нами. Вас точно накроет волной теплых воспоминаний поверьте на слово. Но лучше конечно проверьте сами 33 Также в продаже январский выпуск журнала Мир Фантастики 218 Дэвид Боуи Зеленый рыцарь и патруль времени грядущее грядущим но и про вечное тоже не стоит забывать 33 Новинка Hotokenoid МирФантастики,3,colloquial,Разговорный
20 ти зарядный револьвер HDH 1911 года. Название револьвера – это аббревиатура компании производителя являющаяся буквами из фамилий Henrtokenoid Dassy Hetokenoid. Револьвер двойного действия барабан рассчитан на 20 патронов калибра 6 35 мм. Выпускалась так же версия для более крупного калибра но и зарядов было соответственно меньше – калибр 7 65 мм и барабан на 16 патронов. Револьвер имел два ствола а каморы барабана располагались в шахматном порядке поочередно совмещаясь с верхним и нижним стволом. Ударник двойной при повороте барабана патроны поочередно попадали под удар нижней или верхней его части соответственно производился выстрел из нижнего или верхнего ствола. Револьвер производился серийно в Бельгии с 1911 года по 1928 год.,3,colloquial,Разговорный
У нашего Никиты сегодня День Рождения 33 В команде он самый молодой но зато очень ответственный надежный основательный и искренний 33 Этот скромный парень с потрясающими голубыми глазам настоящий спасатель обладает большим количеством профессиональных навыков с ним любая задача решаема любые горы покоряемы любая сложная навеска осуществима. Также он всегда умеет поддержать и приободрить нужным словами. Дружище очень рады что уже который год ты с нами в команде работаешь рука об руку 33 Мы уверены что тебя ждет большое будущее очень тобой гордимся 33 С Днем Рождения от всех Блоков 33,3,colloquial,Разговорный
Зелена Гура объявила о приостановке выступления в Единой лиге ВТБ Польская Зелена Гура официально объявила о том что прекращает выступление в Единой лиге ВТБ. Мы хотим поблагодарить Единую лигу ВТБ за исключительные три года спортивных состязаний на самом высоком уровне. Но в настоящий момент есть все же более важные вещи чем баскетбол. Мы выступаем против насилия и войны. Мы приостанавливаем наше участие в турнире – говорится в сообщении клуба. Состав участников Единой лиги ВТБ перед этим уже покинул эстонский Калев.,3,colloquial,Разговорный
Что вы сейчас чувствуете? Вопрос который может поставить в тупик или стать интересной темой для разговора В новой игре Дикие эмоции вы сможете поближе познакомиться с эмоциями друг друг. Прочитайте вслух ситуацию с карточки затем тайно выберите свою эмоцию и попробуйте отгадать эмоции других игроков Дикие эмоции выходят в следующую пятницу 10 июня Сейчас игра уже доступна к предзаказу Цена 1 490 руб.,3,colloquial,Разговорный
Подработка для инженеров 2 ая зарплата Опыт работы в 2D 3D. Занятость от 3 часов день. З п от 20 000 до 100 000 руб. месяц. Главное требование готовность к обучению. Научим создавать фотореалистичные 3D модели работать в 3tokenoid Max предоставим бесплатно делать эффектные рендеры есть рабочий алгоритм. Почему это идеальный вариант для инженеров? Во первых это не новая для тебя сфера. Задачи примерно те же оплата выше. Во вторых меньше рутины больше простора для фантазии. В третьих у тебя уже есть техническая база осталось докрутить ее парой навыков. Кто и сколько готов платить за 3D визуализацию? Архитекторы дизайнеры интерьеров производители мебели техники застройщики жилых комплексов и т. д. Все кто хочет выгодно продать свой продукт благодаря его вкусной подаче. Стоимость 1 фотореалистичной картинки начинается с 6 000 руб. На ее создание уходит 2 3 часа. То есть можно выполнять по 1 заказу за вечер в качестве подработки. Или сделать это основным источником дохода и выполнять 2 3 заказа в день. Решать тебе. Если понравилась идея подработки которая сочетает инженерное творчество свой график и высокий доход. Тогда это предложение для тебя 33 Прямо сейчас открыт набор на 7 дневный бесплатный курс по 3D визуализации в рамках которого сделаешь свою первую фотореалистичную работу сможешь сразу продать ее за 15 000 рублей спонсору курса. Успевай забронировать место по ссылке осталось 11 Что тебя ждет на курсе Освоишь топовую программу 3Ds Max скачаешь бесплатно установишь и настроишь по инструкции. Разберешься с навигацией выбором объектов текстурами светом и композицией кадра. Получишь бесплатный доступ к огромной библиотеке 3D моделей и материалов с которой начнешь легко создавать крутые рендеры интерьеров. А также научишься делать крутое портфолио и дорого продавать свои услуги. И возможно уже через 7 дней заработаешь первые деньги на 3D визуализации 33 Лучшую итоговую работу мебельная фабрика сразу выкупит за 15 000 руб. отберет еще 10 достойных вариантов для своего каталога за 1 500 руб. Чтобы занять место на курсе и узнать все подробности переходи по ссылке и жми Разрешить Сразу после регистрации в личку придет вся информация. И будет закреплен куратор который будет сопровождать тебя в течение всего курса. Важно 33 Записаться именно по ссылке это главное условие для участия в конкурсе выпускных работ Уроки проводит Семен Потамошнев 3D визуализатор с 16 летним опытом основатель школы 3D tokenoid. Работал с Норманом Фостером. Делал визуализации ЖК крупнейших застройщиков. Разрабатывал графику для первого канала. Писал скрипты для 3Ds Max. Осталось 11 мест еще успеваешь,3,colloquial,Разговорный
Обзоры сегодняшних матчей часть 2. Виннипег – Даллас Сиэтл – Нэшвилл Лос Анджелес – Миннесота NHL,3,colloquial,Разговорный
Результаты матчей третьего тура женской российской Суперлиги которые состоялись 8 октября Уралочка НТМК Свердловская обл. Заречье Одинцово Московская обл. 3 1 25 21 21 25 25 9 25 22 Ленинградка Санкт Петербург Енисей Красноярск 3 0 25 21 28 26 25 23 Расписание тура RUSCWtokentokenoid,3,colloquial,Разговорный
Трансляция квалификации Гран При Сан Паулу Ф 1 Formtokenoid Braztokenoid,3,colloquial,Разговорный
Comptokenoid прервала двухмесячный стрик поражений из за технической победы на Rootokenoid Ctokenoid 2022. Последний раз Comptokenoid обыгрывала оппонентов на PGL Major Antwerp 2022. 9 мая клуб одолел IHC ESPORTS в этапе Chatokenoid после чего проиграл три матча подряд и вылетел из турнира без призовых. После бельгийского мейджора американская организация заняла последние места на Gtokenoid Esports Totokenoid 2022 Dtokenoid и IEM Datokenoid 2022 не выиграв ни одной серии.,3,colloquial,Разговорный
Первый день Личного Чемпионата Мира 2022 в Тольятти. Для тех кому хочется посмотреть побыстрее заезды. Гонка в полном объеме с минимумом графики. Более полная версия будет на неделе Speetokenoid tokenoid Тольятти ЛЧМ2022 m17vtokenoid,3,colloquial,Разговорный
Дружище ты готов блеснуть знаниями? Если да то этот конкурс именно для тебя 33 На картинке изображен скин твоя задача рассказать историю о нем и все известные тебе факты об этом скине 33 Скорее спускайся и пиши в комментариях 33 Мы выберем 5 победителей на свое усмотрение по качеству знаний которые получат призы в размене 2 036 на баланс от CSGOUP 33 Играй с нами будь первым 33,3,colloquial,Разговорный
MotoGP Миллер уверен что вопрос с его заменой в Dtokenoid Lenovo Team решился сегодня Джек Миллер снова на подиуме в Ле Мане и он снова близок к победе стал вторым в сегодняшней гонке MotoGP. Но человек оказавшийся на финише раньше него скорее всего займет его место в команде Dtokenoid в 2023 году.,3,colloquial,Разговорный
Сегодня прошел первый этап G Drtokenoid Ctokenoid в Казани 33 В рамках 2 гоночных заездов победителем этапа в Казани стал Кирилл Кираказов 33 Начало победного викенда Кираказов заложил уже в квалификации которую он выиграл 33 В первой гонке Кирилл занял 2 место к концу заезда почти догнав лидера 1 заезда Иевлев на финише их разделило всего 0 3 секунды. Во второй гонке несмотря на массовый завал и инцидент в котором Кираказов пострадал и при этом успев заехать в боксы в режиме автомобиля безопасности вернулся в гонку и добился серебряной награды 33 2 и 3 места в общем зачете заняли Михаил Достовалов и Сергей Иевлев. Хотя последний выиграл оба заезда но получил штраф во второй гонке и по сумме набраных очков опустился на 3 место. G Drtokenoid Ctokenoid сразу же начинается с захватывающих заездов и мы уже с нетерпением ждем следующий этап 19tokenotokenoid августа на Mostokenoid Ratokenoid gtokenoid gtokenoid gtokenoid,3,colloquial,Разговорный
Разработчики читов прекратили поддержку софта для Batttokenoid 2042 из за проблем с производительностью в игре которые сказываются на чите Может Валвы стремятся к тому же? . . .,3,colloquial,Разговорный
Интервью Ferrari перед началом уик энда Карлос Гальбалли,3,colloquial,Разговорный
️ГРУБОСТЬ ️ Бретт Поллок Куньлунь и Энтони Камара Нефтехимик получили по 2 штрафные минуты за грубость хоккейбезправил хоккейныебои грубыйхоккей khtokenoid дракихоккей кхлрезультаты khtokenoid бои драка tokenoid кхлконтракт кхлштрафы кхлгрубость кхлдисквалификации хккуньлунь хкнефтехимик бреттполлок энтоникамара,3,colloquial,Разговорный
Хочешь знать какой язык ты с легкостью можешь выучить? Пройди тест и узнай 33 Ссылка на тест ниже,3,colloquial,Разговорный
Друзья привет 33 Всем любителям большого тенниса хочу порекомендовать сайт для поиска равного партнера и участия в турнирах. Это не просто сайт с турнирами а целая платформа с рейтингами силы игроков место где вы можете публиковать фото и видео с ваших игр обсуждать с участниками сообщества достижения друг друга. Ждем вас на сайте,3,colloquial,Разговорный
Сорина хотелось быть на подиуме по окончанию Тур де Ски а не в середине Российская лыжница Татьяна Сорина подвела итоги выступления на многодневке Тур де Ски. Она заняла шестое место в общем зачете. Победителем многодневки стала ее соотечественница Наталья Непряева. Немного расстроена. Но это один из этапов подготовки к главному старту поэтому будем работать дальше сделаем работу над ошибками. Хотелось быть на подиуме по окончанию тура а не в середине и потом закончить за упокой как у меня это получилось. По гонке Наталье не помогала. Только чтоб не мешать друг другу пытались не контактировать. Я думаю надо было быстрее стартовать. Впереди идущие соперницы просто тормозили пелотон. Может быть такая задумка была чтоб на горе убежать. Пришли к горе все вместе в прошлом году такого не было сказала Сорина в эфире Матч ТВ.,3,colloquial,Разговорный
МОК добавил восемь новых дисциплин в программу Олимпиады 2026 Международный олимпийский комитет МОК добавил восемь новых дисциплин в программу зимних Олимпийских игр 2026 года в Милане и Кортина д 39 Ампеццо сообщает Twtokenoid МОК. В программу вошли соревнования по лыжному альпинизму мужской и женский спринт а также смешанная эстафета мужской и женский парный могул во фристайле женские соревнования в прыжках на лыжах с большого трамплина смешанные командные соревнования по скелетону и женские сани двойки.,3,colloquial,Разговорный
Россиянка Екатерина Александрова добивается пока самого большого успеха в карьере выхода в полуфинал на турнире WTA 1000 в Мадриде.,3,colloquial,Разговорный
Осталось всего пять дней чтобы успеть приобрести абонемент на сезон 22 23 с максимальной скидкой Напомним что до 21 августа включительно вы можете купить абонементы по старой цене сезона 2021 22. Основные даты реализации билетной программы До 21 августа I Абонемент по ценам сезона 2021 22 С 22 августа 10 00 I Абонемент по ценам сезона 2022 23 цена соответственна 34 м домашним матчам в регулярном чемпионате 2022 23 либо 34 м домашним матчам плей офф для абонемента Сезон С 25 августа 10 00 I Cвободная реализация невыкупленных мест Подробнее хктрактор толькочернобелый,3,colloquial,Разговорный
VR ТУРНИР SUPER HOT Пиу пау 33 И ты попал в яблочко? Нет 33 В красного человечка 33 Мы объявляем продолжение турнира по SUPER HOT 33 Вход для всех желающих 300 рублей а для репостнувших эту запись 150 рублей 33 ПРАВИЛА Убей как можно больше красных человечков за максимально короткое время Чем быстрее движешься ты тем быстрее двигаются человечки Если красные человечки поражают вас выстрелом игра начинается заново 33 Победителем становится человек поразивший красных человечков больше всех 33 Приходи в Батут парк Ангар с 8 по 11 сентября участвуй в турнире и становись победителем 33 Запись на турнир в личные сообщения группы или через администратора 33 А для особо заинтересованных предлагаем посмотреть видео об игре 33 Ангар Иркутск Ангар интересное Просто тренируйся Иркутск Досуг Спорт Экстрим Паркур,3,colloquial,Разговорный
С мужем попробовали капельки возбуждающие это что то с чемто. Что я с ним делала сейчас даже в глаза ему стыдно смотреть. Но мы сейчас очень рады бежать в постель. Муж в восторге а я на 7 небе от счастья вы даже не представляете что эти капельки будут делать с вами. Я вас уверяю не откладывайте на потом вы просто обязаны это попробовать даже можно в тайне от мужа. Покапала вот тaкие капли,3,colloquial,Разговорный
Рассел Уэстбрук продает свой дом в ЛА за 30 млн. долларов. Какие мысли? Куда обменяют?,3,colloquial,Разговорный
В нашем комьюнити появляется все больше и больше девушек как думаете стоит ли развивать женский киберпорт?,3,colloquial,Разговорный
Друзья мы как и обещали продолжаем знакомить вас с самыми яркими автомобильными событиями. В прошедшие выходные в Подмосковье состоялся тематический фестиваль FITMENT WEEKEND собравший поклонников stantokenoid культуры и автомобили совершенно разных марок. Пообщаться с единомышленниками и посмотреть на уникальные проекты можно было на территории Яхт клуба Адмирал – что может быть лучше для закрытия сезона? Чтобы перенестись в атмосферу фестиваля сморите наш оперативный фотоотчет. Всем FITMENT 33,3,colloquial,Разговорный
Уверенно завершаем групповой этап на первом месте 33 Теперь небольшой отдых и время решающих матчей.,3,colloquial,Разговорный
Рецепт прекрасного вечера друзья и настолки Завариваем чай достаем любимую игру и погружаемся в ее атмосферу. Какие настолки будут в вашей команде по созданию уютного настроения?,3,colloquial,Разговорный
G Drtokenoid Ratokenoid и Московский политехнический университет запускают магистерскую образовательную программу Гоночный инжиниринг. В рамках программы студенты займутся разработкой и внедрением гибридной энергоустановки для российского гоночного прототипа. Наставником проекта станет спортивный директор G Drtokenoid Ratokenoid Роман Русинов а руководителем образовательной программы директор инженерного направления Московского Политеха Пабло Итурралде. Роман Русинов спортивный директор G Drtokenoid Ratokenoid G Drtokenoid Ratokenoid на протяжении десяти лет успешно выступала в международных гонках на выносливость сумев накопить уникальную экспертизу. Своим опытом мы в том числе делились и с коллегами из Московского Политеха. Я рад что наше сотрудничество переходит на новый уровень. Это значит что все больше студентов и молодых специалистов смогут своими руками потрогать настоящую технику поработать с ней и воплотить свою мечту – стать гоночным инженером. А практика в команде послужит должной мотивацией. В программе предусмотрены 12 бюджетных мест. Принять участие в конкурсе смогут студенты с дипломом бакалавра. После окончания I II и III семестров лучшие студенты получат возможность пройти практику в команде G Drtokenoid Ratokenoid. По окончании образовательной программы шесть обучающихся получат возможность стать членами гоночной команды. gtokenoid,3,colloquial,Разговорный
Всем отличного утра 33 Вчера мы одержали победу но сегодня новая игра 33 Вы с нами?,3,colloquial,Разговорный
Сегодня 21 марта отмечает свой день рождения доигровщица волейбольного клуба Динамо Ак Барс Татьяна Кадочкина. Спортсменке исполнилось 19 лет.,3,colloquial,Разговорный
500 от Кросби это прекрасно. Но праздник не был бы по настоящему ярким если б Крис Летанг не забил гол в овертайме. И как то так получилось что для Летанга это 30 е очко в дополнительное время. Никто в истории НХЛ сред защитников не набирал результативных баллов в овертаймах больше чем он.,3,colloquial,Разговорный
Toyota Stokenoid A90 33 Наверное одно из идеальных решений по внешнему виду 33,3,colloquial,Разговорный
Когда понял что выходные прошли с пользой и повысил свой лвл,3,colloquial,Разговорный
news LampPost mtokenoid Господи они божественны. Гв наконец то показали полностью отряд сердечников для армии Скватов.,3,colloquial,Разговорный
Приглашаем провести громкий день. . . EMMA Россия Место проведения г. Тверь на площадке ТРЦ Рубин Адрес проведения г. Тверь проспект Калинина д. 13 А. Открыты следующие классы для регистрации Качество звука SQ все классы Мультимедиа ММ все классы ESPL все классы ESQL все классы EMMA Тюнинг все классы 7 00 сбор судей на площадке. 7 15–9 00 заезд участников соревнований. 7 30–9 00 регистрация участников. 9 00 время с которого прекращается допуск и регистрация участников на этап соревнований 9 10 брифинг для судей 9 20 брифинг для участников 9 30 начало судейства всех категорий. . 11 00 официальное открытие этапа ХХIII Чемпионата России по автозвуку и тюнингу 14 00 начало судейства ESPL. 17 00 судейство категории ESQL 21 00–22 00 церемония награждения победителей.,3,colloquial,Разговорный
tokenoid mma tokenoid makamma ️ С. НУРМАГОМЕДОВА vs СТЭММЕН Бой вышел очень коротким,3,colloquial,Разговорный
Как вам сет Дека 37 5мм бокс шейп Траки прошки 34мм Колеса джерси бовлс 8х5? Что бы вы поменяли при этом чтоб сборка была не больше 3500.,3,colloquial,Разговорный
Tata Commtokenoid – стратегический партнер Формулы 1 Формула 1 и Tata Commtokenoid объявили о возобновлении стратегического сотрудничества на долгосрочной основе индийская компания возвращается в чемпионат мира в качестве официального поставщика телекоммуникационных услуг. Tata Commtokenoid предоставит Формуле 1 глобальную сеть для передачи и распределения телевизионного сигнала для чего будет задействовано 100 видео и 250 аудиоканалов соединяющих места проведения Гран При и расположенный в Великобритании Технологический медиа центр Формулы 1. Доставка сигнала будет занимать меньше 200 миллисекунд и это позволит транслировать гонки более чем на 180 стран мира. Стефано Доменикали президент и исполнительный директор Формулы 1 Мы приветствуем возвращение такого партнера как Tata Commtokenoid ведь предыдущий период нашего сотрудничества был успешным. За последнее десятилетие эта компания внесла свой вклад в развитие Формулы 1 мы полностью доверяем ее знаниям опыту и техническим возможностям. Это доверие крепло на протяжении долгих лет сотрудничества в процессе которого происходило внедрение в спорт самых современных технологий и нас радуют перспективы совместного роста. tokentokenoid Setokenoid Vettel AstonMarttokenoid AMR22 IAMF1 Mertokenoid F1,3,colloquial,Разговорный
️Артем Дзюба обьявил об уходе из Зенита на правах свободного агента.,3,colloquial,Разговорный
Ждем ваши беговые фоточки для публикации присылайте в комментарии к этому посту⬇️ А сейчас своим великолепным бегом делятся участники нашей группы наши беговые друзья Наталия Дементьева tokenoidtokenoid Павлов tokenoidtokenoid Егоров tokenoidtokenoid. zatokenoid tokentokenoid tokenoidtokenoid Капитонова tokenoidtokenoid Шнапс tokenoidtokenoid Филиппова tokenoidtokenoid. tokenoid tokenoidtokenoid Николаев Спасибо вам за ваш бег дорогие друзья 33 Вы молодцы Легких ног вам позитива и новых личных рекордов 33 бегжизнь делисьбегом спорт марафон бег rtokenoid забег забегРФ,3,colloquial,Разговорный
Women 3 A. В игре. Лучшие пасующие где? Конечно в Лиге НВЛ. Фото Дмитрий Забелин. 02. 04. 2022. nvtokenoid,3,colloquial,Разговорный
Как мы сюда попали? И почему так сложно что то вспомнить? Пять человек оказались заперты в комнате полной смертельных ловушек загадок и шифров Как они связаны друг с другом? И какое преступление привело их сюда? Это нам и предстоит разгадать в новой игре Смертельные материалы Амнезия. Внутри сплетены элементы квеста и детектива вы не только пытаетесь выбраться но и восстановить в памяти события Расследование начинается тут Цена 490 руб.,3,colloquial,Разговорный
Сейчас в такой форме редко кого увидишь в нашем время который занимается спортом 58 лет Молодец Ким очень мотивирует в свои 58. Занимайтесь физкультурой 33,3,colloquial,Разговорный
Что смотреть в четвертый день чемпионата Европы УТРО 10 00 14 30 МСК 10 25 семиборье Ж Нафи Тиам в точности повторила результаты барьеров и высоты показанные в процессе установления личного рекорда а по итогам четырех видов даже чуточку опережает свой лучший график. Так что на показанные всего четырьмя людьми в истории 7000 очков есть неплохие шансы а вот на интригу в борьбе за золото шансов нет так как Анук Веттер выступает сильно хуже чем в Орегоне. Она все равно должна брать серебро но в случае еще больших осечек к ней могут подобраться сразу 4 соперницы пока что очень плотно оспаривающие бронзу Адриана Шулек Ноор Видтс Ксения Крыжан и бравшая бронзу прошлого ЧЕ Каролин Шафер. В этом замесе могли бы быть Эмма Оостервегель и Ивона Дадич но первая упала через барьер в первом же виде а вторая умудрилась дважды заступить за дорожку на старте 200м. ВЕЧЕР 21 05 23 25 21 05 высота М Олимпийский чемпион Джанмарко Тамбери и бронзовый призер Орегона Андрей Проценко выглядят явными фаворитами хоть и не без осечек прошли простейшую квалификацию в 2. 21м. Но в отличной форме нахходятся и немцы Тобиас Потье и Матеуш Пржбылко последний защищает свой титул. 21 10 молот М Войчех Новицки брал прошлый ЧЕ Павел Файдек позапрошлый и кто то из них наверняка станет двукратным чемпионом Европы. У Файдека больше шансов так как он недавно уверенно выиграл аж пятый чемпионат мира подряд. Но все сильнейшие на месте и теоретически в эту дуэль могут вмешаться Элвинд Хенриксен Квентин Биго Бенсе Халаш или Михайло Кохан. 21 58 длина Ж Малайка Михамбо и Марина Бех Романчук такой топ 2 был на прошлом ЧЕ прошлом ЧМ и в позавчерашней квалификации. Вряд ли Малайка позволит себе проиграть домашний чемпионат где она является главным рекламным лицом. А вот Марине свойственна нестабильность и уж как минимум Ивана Вулета должна навязать ей борьбу. 22 05 1500м М Здесь интрига только в том насколько уверенно Якоб Ингебригтсен защитит свой золотой дубль 5000 1500. Если он делал это еще в 17 лет находясь далеко от своих будущих рекордов Европы то сейчас вряд ли сильно напряжется. Но напрячь его постараются три испанца три британца и уверенно выигравший свой полуфинал Михал Розмус. 22 25 5000м Ж Ясмин Джан Эйлиш МакКолган и Констанц Клостерхалфен уже вошли в топ 4 на десятке причем Джан оторвалась на 9 секунд от второго места а Клостерхалфен на 19 от пятого. Но здесь эту троицу наверняка разбавит лидер европейского сезона Каролина Гровдаль побившая рекорд Норвегии на БЛ в Осло. Вполне вероятно что она снялась с десятки именно ради победы на пятерке но с Джан будет очень сложно бороться. Еще стоит отметить талантливейшую итальянку Надю Баттоклетти ставшую седьмой на Олимпиаде. 22 55 развязка семиборья. Расписание 1ч стартлисты и результаты Трансляции тут Приятного просмотра 33,3,colloquial,Разговорный
Французская марка часов Bovet поздравила Даниила с восхождением на 1 ю строчку рейтинга ATP⭐️,3,colloquial,Разговорный
MotoGP Пит Байер KTM не думает об уходе из MotoGP После ухода из чемпионата мира MotoGP заводской команды Stokenoid Etokenoid запланированного на конец сезона 2022 года возникает вопрос а может ли эта процедура иметь сигнальный эффект? Не заставит ли эта ситуация задуматься других производителей об уходе хотя Hontokenoid Yamaha Dtokenoid KTM и Aprtokenoid уже имеют подписанные пятилетние контракты до конца 2026 года. Директор KTM Motorsport Пит Байер Я надеюсь что после Stokenoid ни один другой производитель не снимется с чемпионата мира MotoGP. Но конечно я не могу говорить за другие команды. Я могу только подтвердить для KTM что благодаря участию в MotoGP мы получили огромный отклик во всем мире и MotoGP дал нам огромную позитивную энергию. Мы рады что у нас есть такой профессиональный партнер как Dorna и что гонки MotoGP теперь блестяще транслируются в гостиных наших болельщиков с привлекательными телевизионными картинками. Я не знаю о каких либо обсуждениях у других производителей об их уходе в KTM их тоже нет.,3,colloquial,Разговорный
Начинаем очередные рабочие выходные в Pari Суперлиге Предлагаем представлять составы на матчи именно таким образом,3,colloquial,Разговорный
Последнее время так лениво выходить на утреннюю пробежку но приходиться переступать через себя засовывать свое не хочу в жопу и выходить на пробежку. Самое сложное это одеться и выйти на улицу а дальше все как по маслу Бежится легко и самочувствие отличное но вот с выходом из дома проблема Кто нибудь из вас сталкивается с подобной борьбой? Или один я такой ленивец который не любит зиму и все мечтает переехать в теплые края. . но возможно уже совсем скоро моя мечта осуществиться и с утра меня будут будить чайки и кричать пссс. . парень вставай сегодня отличный день чтобы начать свою тренировку возле моря а закончить в горах Всем бег 33 делисьбегом бег спорт забег всембег беганутые rtokenoid parkrtokenoid,3,colloquial,Разговорный
ПОГНАЛИ НА НОЧНУЮ ТУСОВКУ? НОЧНАЯ ТУСОВКА это место энергии где каждый желающий может как следует оторваться на батутах в кругу друзей послушать топовую музыку и выиграть множество призов 33 Тусовка пройдет с 8 по 9 октября с 22 00 до 04 00 на базе Батут парка Ангар 33 ЦЕНА ЗА ВХОД 1 ЧЕЛОВЕКА 800 рублей Для девушек скидка по предварительной записи 10 Запись по телефону 8 924 6 033 330 или в сообщения группы Все участники прошлой Ночной Тусовки получают скидку 15 33 Также чекни наш предыдущий пост где мы разыгрываем БЕСПЛАТНЫЙ БИЛЕТ НА ТУСУ КОЛИЧЕСТВО МЕСТ ОГРАНИЧЕНО 33,3,colloquial,Разговорный
Men 39 S 5 A. Награждение. Победителем в номинации Лучший игрок команды стал Алексей Маковкин ВК NOS и получил приз билет в Музей Николая Рериха. Поздравляем 33 Подробнее о музее на сайтах tokentokenoid tokentokenoid Фото Елена Павлова. 15. 05. 2022. nvtokenoid,3,colloquial,Разговорный
По словам инсайдера The Athtokenoid Сэма Эмика Хьюстон готов расстаться с некоторыми игроками перед дедлайном в надежде обрести нового лидера команды. Ходит много слухов о том что Рокетс еще более открыты для обменов чем мы возможно думаем. По словам руководителя одного из клубов Хьюстон все еще находится в поиске игрока который достоин стать лицом клуба и готов рассмотреть все возможные варианты. Считается что Джейлен Грин будет играть важную роль для клуба в будущем тем не менее место Хардена остается вакантным – пишет Эмик,3,colloquial,Разговорный
Пи эн си Арена. Роли Северная Каролина США. Восток. 2 й раунд Кубка Стэнли. 1 й матч. 19. 05. 2022 02 00 мск. Каролина Рейнджерс,3,colloquial,Разговорный
Хочу пожелать всем кто хочет такого же улыбашку такого же малыша 33 Анон,3,colloquial,Разговорный
Как будто это было вчера 33 Серебряный финиш Натальи Непряевой,3,colloquial,Разговорный
Согласны? Ваше мнение в коммент. . . rtokenoid rtokenoid rtokenoid бег забег бегун марафон,3,colloquial,Разговорный
Дарья Домрачева высказалась об уровне организации Олимпиады 2022 в Пекине Четырехкратная олимпийская чемпионка бывшая белорусская биатлонистка Дарья Домрачева оценила организацию прошедших зимних Олимпийских игр – 2022 в Пекине Китай. Напомним перед стартом Игр 2022 девять стран во главе с США объявили Олимпиаде дипломатический бойкот из за политики КНР в отношении уйгуров нарушающей права человека. Мне кажется Игры были проведены на высочайшем уровне. Тем более учитывая ту ситуацию в которой находится мир в ситуации пандемия. На мой взгляд наверное только Китай и справился бы с такой задачей. Думаю большинство выступавших здесь спортсменов и сопровождающих их лиц вернется домой с позитивными впечатлениями сказала Домрачева в инстаграме Федерации биатлона Беларуси.,3,colloquial,Разговорный
Как описать всю осеннюю гамму в горах? Как описать всю полноту цветовых оттенков звуков природных явлений? . . Всю эмоциональную картину может передать только особое сочетание нот отражающих спокойную и проникновенную задумчивость природы. Автор фотографий Безенгийский октябрь 2022 года.,3,colloquial,Разговорный
Всем приветы В поисках ротора под один датчик за адекватный ценник И кто уже переводил кувалду под один датчик какие есть подводные камни при переделке Заказал мозги 3tokenoid 11 подойдут ли они? Так как вычитал что они вроде как с овоща Также взял косу проводки с того же мота По словам продовца все с полносила Всем ровных дорог и незаметной зимы,3,colloquial,Разговорный
Смотрим вчерашние фоточки от Александра Лукина и предвкушаем холодный но нескучный финальный день BetBoom Кубка России на Водном стадионе в Москве,3,colloquial,Разговорный
В продаже появилось долгожданное дополнение для карточного Ужаса Аркхэма и комикс по Мрачной гавани 33 Война внешних богов это самостоятельный сценарий который можно разыграть в эпическом совместном режиме то есть несколькими группами сыщиков. Его сюжет повествует о большом конфликте между тремя культами способном потрясти весь мир. Все они желают призвать на Землю своего Древнего и с каждым убитым врагом приближаются к этой цели. Сможете ли вы выжить на поле этой потусторонней битвы? Падение льва комикс про героев легендарного отряда Челюсти льва знакомых всем поклонникам Мрачной гавани. История расскажет о сложном задании лорда Седогрива которое оказалось не по зубам даже матерым приключенцам. Впрочем об этой истории лучше они расскажу сами 33 Новинки Hotokenoid УжасАркхэмаКарточнаяИгра Gtokenoid,3,colloquial,Разговорный
Результаты Гран При Великобритании Moto3 Удача любит подготовленных 33 Итальянец Деннис Фоджиа из Leopard Ratokenoid стабильно провел гонку и одержал победу в Гран При Великобритании Moto3. Результаты.,3,colloquial,Разговорный
ОбзорыГрани Предлагаем к просмотру летсплей игры Письма призрака которая стала изданной благодаря Граникону. tokenoidtokenoid с канала tokenoidtokenoid провел партию этой увлекательной детективной игры на дедукцию блеф и ассоциативное мышление. Добро пожаловать в Сайдвуд – тихий и умиротворенный город. . . до недавнего времени. Полиция уже сбилась с ног в попытках разгадать загадочное убийство но тут вмешались потусторонние силы. Один из игроков станет призраком жертвы и будет помогать детективам раскрыть дело.,3,colloquial,Разговорный
Спешел фор Серега Лысый Буряк. Разбор боя парнишки с ником Стэн против бугая. Цель боя была доказать превосходство прикладной техники над спортивной. Легковеса прикладника над тяжеловесом спортсменом. Условия боя были такими 1. Противник тяжеловес. Выше на голову тяжелее на 20 30 кг. 2. Противник не лох а опытный боец. Спортсмен. Примерно равный по возрасту. 3. Бой без правил. Но и без оружия. 4. Бой в полный контакт. 5. Без протекторов бинтов перчаток кроме использования капы. 6. Бой на улице. 7. В обычных одежде и обуви. 8. Без ограничения по времени и пространству без раундов. Видно что удары наносятся быстро сильно правил нет так как тяжеловес пытался бить в пах. Но Стэн подкован в теме грязных приемов и тяж не смог вырубить его ногами в пах. В один из моментов Стэн духовито пошел на бугая это мне понравилось больше всего. Сила духа самое главное в драке. ️ Атаки спортсмена были не слишком успешными благодаря возможности свободно маневрировать. Позже Стэн смог нанести точный удар пальцами в глаза спортсмена. И на этом бой закончился. Ты все увидел лысый? Я думаю что да. Вот и попробуй повтори такой бой если не очкуешь.,3,colloquial,Разговорный
А ты едешь на третий этап Дрифт Юг Matstokenoid 2022 31 июля?,3,colloquial,Разговорный
Бег по хребту ‍ ️ rtokenoid tratokenoid бег спорт зож бегВгорах легкаяАтлетика,3,colloquial,Разговорный
MotoGP М. Маркес Физически все ок у меня просто не было скорости Вчера в Катаре мы не увидели классического Марка Маркеса – перед нами предстал предельно сосредоточенный гонщик старающийся не допустить непоправимых ошибок. Наградой для него в первом Гран При сезона стало пятое место – необычный результат для восьмикратного чемпиона мира. Марк хорошо стартовал затем старался не отставать от своего напарника по команде Поля Эспаргаро но когда его атаковали Биндер и Бастианини сразу стало ясно что он не ответит соперникам обычной для него дерзостью. Должен сказать в гонке у меня не возникло никаких проблем. Я счастлив что чувствовал себя нормально в физическом плане. Конечно под конец гонки я устал но так у всех. Перед гонкой я был более оптимистичен касательно результата но только потому что надеялся на более медленный темп в гонке. В итоге четыре гонщика сегодня были быстрее нас. Темп был невероятным. У меня не было такой скорости. Не было уверенности в передке но мы знали об этом еще до начала Гран при. Я старался выкладывался на 100 но когда понял что не способен на большее решил что пятое место – это нормально. Я провел солидную гонку пусть и не самую лучшую. У нового RC213V другая философия. Это правда с каждым выездом на трек мы открываем для себя что то новое в мотоцикле. Здесь мы мало работали с настройками мотоцикла я просто сконцентрировался на траекториях и управлении байком. Мотоцикл сильно изменился и у него большой потенциал. Конкретно на этой трассе мы часто испытываем трудности но будут и другие более благоприятные трассы Мандалика Рио Ондо Остин Сегодня я хотел закончить гонку и после аварии во время разминки предпочел не рисковать.,3,colloquial,Разговорный
Даниил Медведев оценил игру Романа Сафиуллина с которым они выступают в паре на АТР Ctokenoid. Сегодня Роман играл просто потрясающе. Наблюдал за его матчем в раздевалке. Волновался страшно. Мы знаем друг друга лет с 10 или 12. В юниорах Сафиуллин демонстрировал шикарную игру. Однако затем ему очень не повезло с травмами. Буду невероятно рад если в России появится еще один игрок высокого уровня цитирует Медведева Tenntokenoid TV.,3,colloquial,Разговорный
Результаты онлайн жеребьевки. Х тур регулярных соревнований Команды Х ФИЕСТА СМД SPECTRUM PRtokenoid 4х2 Прогресс 5х1 Датка Women. Олимп Men 39 S Команды Y Btokenoid Да. Bro NEON Градус 4х2. Олимп 5х1 ВЕСТА Градус Men 39 S Команды Z ИК СО РАН Karthago Экипаж ОРДА Градус 5х1 ZENA Альянс Энерго Men 39 S Результаты жеребьевки являются рекомендованными. При согласии всех трех команд группы жеребьевка может проводиться офлайн на турнире либо команды сами могут договориться о последовательности матчей до турнира. nvl nvtokenoid волейбол,3,colloquial,Разговорный
Дорогие любители бега а у вас много беговых наград? Присылайте в комменты опубликуем. . . rtokenoid. . . . . . бег легкаяАтлетика забег зож rtokenoid parkrtokenoid sport награда медаль,3,colloquial,Разговорный
Видеть красоту во всем это одно из уникальнейших качеств всех сгибателей стали. . . Bentokenoid,3,colloquial,Разговорный
Яркие и разнообразные пришельцы из Космического контакта нарисованные художницей Фелицией Кано. За какую из рас обычно играете? ХудожникиНастольныхИгр КосмическийКонтакт настольныйфэшн,3,colloquial,Разговорный
Четвертая ракетка мира Арина Соболенко из Беларуси оказалась сильнее 121 й теннисистки рейтинга WTA Бьянкой Андрееску из Канады во втором раунде турнира в Штутгарте 6 1 3 6 6 2.,3,colloquial,Разговорный
Реальный бот который находит интимные фотки любой девушки в общей базе ВК ИНСТ⁉,3,colloquial,Разговорный
news LampPost aos Пришло время поговорить об аосе и о том какого это быть крысой. В этом посте будут лежать две статьи Первая рассказывает нам о самых бэковых правилах скавенов из всех существующих правил. А вторая просто напоминает о том что в некствике лежит пара вангвардов о которых гв решили рассказать в отдельной статье. С начала года сидим и ждем комбат патруль генокульта,3,colloquial,Разговорный
Аркадий Петрович показывает как правильно делать бернаут на Весте 33,3,colloquial,Разговорный
Уралочка НТМК вырвала победу у Локомотива в четвертом матче финала. Чемпион России определится в Калининграде Волейбольная команда Уралочка НТМК сумела сравнять счет в финальной серии чемпионата России. Команда Михаила Карполя в невероятном по напряжению матче сломила сопротивление Локомотива в четвертой игре серии – 3 2. Подробнее,3,colloquial,Разговорный
Здравствуйте опубликуйте пожалуйста удары руками и ногами в кекушине.,3,colloquial,Разговорный
Авангард представил новую форму на предстоящий сезон КХЛ Как тебе обновленное джерси Ястребов?,3,colloquial,Разговорный
Сегодня был отличный матч с Ютой с овертаймом треха от Вуда с сиреной. В ОТ чуть чуть не хватило,3,colloquial,Разговорный
Ссылка для заказов GOALIE MOTYA BALL это мячи для вратарей всех уровней подготовки 1️⃣Мяч высоко отскакивает 2️⃣Удобно лежит в руке 3️⃣Водонепроницаемый 4️⃣Износостойкий 5️⃣Используется для тренировки реакции ловкости зрительно моторной координации внимания так же мячи можно использовать в качестве нейротренажера,3,colloquial,Разговорный
Шоу в честь юбилея Татьяны Тарасовой Sveta29 wetokenoid,3,colloquial,Разговорный
я утверждаю что добро всегда побеждает зло а терпение сильнее самурайского меча. Виктор Цой,3,colloquial,Разговорный
Серхио Перес Сегодня мне не удалось найти ритм. Отчасти это связано с погодой отчасти – с небольшими проблемами с задним антикрылом. Пришлось на какое то время вернуться в боксы но мы решили проблему. Сегодня не удалось показать хорошее время из за погоды особенно на быстром круге на шинах Soft во второй тренировке поскольку у тому моменту трасса стала уже достаточно влажной. В мокром повороте сразу теряешь баланс – в таких условиях сложно чему то научиться. Мы проанализируем собранную информацию но я считаю что мы можем быть конкурентоспособными но для этого все нужно сделать правильно в квалификации и в гонке. На этой трассе всегда приятно пилотировать поэтому я жду продолжения уик энда. F1 Perez Retokenoid Betokenoid,3,colloquial,Разговорный
Сегодня день рождения отмечает великолепная Валентина Шевченко,3,colloquial,Разговорный
Очередной комплекс из кроссфита проверка на прочность Необходимо выполнить 3 упражнения без отдыха. Каждое в течении 2 минут на максимум. 2 минуты строгих подтягиваний 2 минуты приседаний с выпрыгивания и 2 минуты строгих отжиманий После приседаний с выпрыгиваниями неплохо просел в функционалке но добил комплекс. Моя сумма 32 45 65 142 Считаю что для первого раза неплохо но уверен что перебью результат выполнив его повторно. P. S. Берегите себя и своих близких друзья,3,colloquial,Разговорный
Грин в четырех матчах после травмы все матчи были проиграны,3,colloquial,Разговорный
Подскажите а где можно посмотреть прогноз по XG? а то смотрю после окончания матчей некоторых лиг показывают показатели XG у вас на сайте.,3,colloquial,Разговорный
Стала известна цена за выход Stokenoid из MotoGP и выгода завода от завершения программы Участие Stokenoid в чемпионате мира по MotoGP не имеет смысла поскольку технологии которые там разрабатываются уже вряд ли смогут дойти до потребителя эра ДВС подходит к концу считают в Хамамацу. Зачем переплачивать?,3,colloquial,Разговорный
22 августа печальная дата в истории донского туризма. В это день в 1986 году поблизости от вершины Гестола на Центральном Кавказе разряд молнии поразил группу Валентина Гайдучека. Мемориальная доска на Баран коше. Фотография Андрея Марковича Иванова. 1988 год.,3,colloquial,Разговорный
Командный чемпионат России 2022 г. Speetokenoid СпидвейКЧР Bashktokenoid MegaLatokenoid 23. 06. 2022 г. БАШКИРИЯ Октябрьский МЕГА ЛАДА Тольятти Начало в 17 00 мск. 19 00 местн. времени Предварительные составы команд БАШКИРИЯ 9. Марат Гатиятов 10. Александр Богомолов 11. Никита Зубарев 12. Рустам Мухтаров 13. Владимир Богма 14. Павел Нагибин 15. Денис Гизатуллин МЕГА ЛАДА 1. Евгений Сайдуллин 2. Даниил Визгирд 3. Ренат Гафуров 4. Евгений Антипов 5. Семëн Зуев 6. Иван Беляев 7. Роман Лахбаум Информация OKTSPEEDWAY Октябрьский спидвей,3,colloquial,Разговорный
Доброго утра всем кто любит гонки 33 Рассказывайте в комментариях о своих впечатлениях от прошедшего уик энда. NASCAR Camptokenoid,3,colloquial,Разговорный
Господа добрый день Подскажите пожалуйста размер переднего баллона который встает в стоковое колесо без доработок крепления переднего крыла Стоковые 110 90 18 понято а есть кто ставил 120 80 или 70 18? Плюсы минусы такой резины интересуют и есть ли смысл вообще запариваться когда можно просто воткнуть сток? 33,3,colloquial,Разговорный
Идеальный подарок на любое событие 33 Порадуйте своих близких 33 Подробнее tokentokenoid,3,colloquial,Разговорный
Добрый вечер разместите пожалуйста. Идеальная трасса уникальная природа радушный прием ждем всех лыжников в Архангельске,3,colloquial,Разговорный
Всем привет 33 Представляем вашему вниманию новую экспериментальную рубрику скутербилд интервью 33 2022 год начался совсем недавно но уже обещает быть очень непростым для самокат сообщества и индустрии. Лишь объединившись мы сможем выстоять и продолжить развивать наше общее любимое дело 33 В связи с этим пришло время познакомиться и познакомить вас с новыми персонажами отечественной самокат сцены вне нашей команды первым из которых стал Андрей Нафеев. Андрей и tokenoidtokenoid собрали для вас обалденный кастом в московском магазине на Красносельской а также как следует пообщались на самые разные темы. Понравился ли вам подобный формат? Понравился ли вам получившийся самокат? Кого еще следует пригласить в наш магазин на сборку и беседу? Поделись своим мнением в комментариях 33,3,colloquial,Разговорный
️ Анхель Корреа Нам нужно опасаться Криштиану Роналду. Он уже доставлял нам проблемы.,3,colloquial,Разговорный
Большое пополнение BMX запчастей с доставкой по России 33 Переходите в Дом BMX райдера и заказывайте 33 Ассортимент,3,colloquial,Разговорный
Rtokenoid warhammer40k У Валрака опять те самые дни дни повторения и пережевывания старых слухов про примархов и 10 й редакции. По его информации есть следующие слухи они не из самого лучшего источника но он ему доверяет tokenoid 39 t ask why. При этом сами слухи по большей части повторяют эту информацию Итак стартер 10 й редакции по этим слухам подтверждается Блады против Тиранидов по размерам примерно как Индомитус. Это будет тематичная коробка Битвы за Баал точнее Осады Опустошения Баала по событиям. При этом да сами космодесантники будут просто покрашены в красный сам скульпт будет дефолтным типа как серия героев космодесанта. Будет представлена и классика в виде варианта терминаторов за Бладов и обновленных генокрадов за Тиранид. Но несмотря на красных десантников в стартере масштабное примарис обновление а ля Храмовники получат таки Темные ангелы Лев Азраил и остальные юниты Дарков на очереди в релиз. О чем уже тоже неоднократно жевали пережевали. Как мы и сами писали возвращение Льва самый простой логичный и ничему не противоречащий вариант развития событий из которого можно потенциально выжать максимум новых событий. Далее кодексы Скватов и Имперской гвардии планируются после кодекса Демонов будут первыми кодексами в которых будут некие экспериментальные детали от 10 й редакции. Также у него есть некая информация по продолжению пластиковых наборов Ереси но он расскажет об этом в отдельном видео. В общем ничего нового толком нет просто подтверждение уточнение старых слухов.,3,colloquial,Разговорный
ОлесяУсова Металлург – Трактор 1 4 Первая победа Трактора в этом межсезонье Гарипов – один из лучших матчей за команду с учетом прошлого сезона Хохряков – первый гол за Трактор. Исаев все таки умеет делать пасы под синюю линию Связка в действии Бывальцев дважды организовал голы для Калинина Уже второй гол Потапова в межсезонье. Помог еще мощный выстрел Блажиевского Ведущее звено Тертышный – Хохряков – Бурдасов все не может проявить себя Гол на последних секундах матча – будто привет с минувшего плей офф,3,colloquial,Разговорный
Ольга Смородская поделилась мнением о будущем нападающего Фиорентины Александра Кокорина.,3,colloquial,Разговорный
Уважаемые райдеры наша команда 757Team совместно с FURIA командой видеоографов сообщает вам о том что 5. 08 ПЯТНИЦА в 23 50 мы организовываем QUEST OF THE STREET. Это будет киллстрит с определенными квестами на местах где мы будем останавливаться. ИТАК 5. 08 В 23 50 МЕСТО ВСТРЕЧИ МОСКОУ СИТИ. Заряжайте свои мопеды 33,3,colloquial,Разговорный
Бывают времена когда тебе тяжело надо просто преодолеть эти времена вот это характер.,3,colloquial,Разговорный
Себастьян Феттель объявил об отставке Себастьян Феттель решил покинуть команду Aston Marttokenoid и Формулу 1 после окончания сезона 2022 года Себастьян Феттель За последние 15 лет мне посчастливилось работать со многими фантастическими людьми в Формуле 1 – их слишком много чтобы упомянуть и поблагодарить каждого. Последние два года я был пилотом команды Aston Marttokenoid и хотя наши результаты были не так хороши как мы надеялись сейчас создается все необходимое чтобы в будущем команда могла выступать на самом высоком уровне. Мне очень понравилось работать с этими замечательными людьми. Все – Лоуренс Лэнс Мартин Майк старшие менеджеры инженеры механики и остальные члены команды амбициозные способные опытные преданные и дружелюбные люди. Я желаю им всего наилучшего. Я надеюсь что моя работа в прошлом и в этом году окажется полезна для развития команды которая в будущем сможет побеждать. В последних десяти гонках я как и прежде буду в полную силу работать на пользу команды. Решение уйти в отставку далось нелегко я много думал об этом. В конце года я возьму еще немного времени чтобы подумать чем я займусь дальше но мне совершенно ясно что я хочу проводить больше времени со своей семьей. Но сегодня речь не о прощании. Скорее речь о том чтобы сказать спасибо всем и не в последнюю очередь болельщикам без страстной поддержки которых Формула 1 не могла бы существовать. Лоуренс Стролл председатель совета директоров Я хочу от всего сердца поблагодарить Себастьяна за ту огромную работу которую он проделал для нашей команды за последние полтора года. Мы дали ему понять что хотим чтобы он продолжал работать с нами в следующем году но в итоге он поступил так как считает нужным для себя и своей семьи. Мы уважаем его решение. Себастьян провел для нас несколько фантастических гонок а за кулисами его опыт и знания наших были очень важны для инженеров. Он – один из величайших гонщиков Формулы 1 всех времен для нас было честью работать с ним. Он продолжит выступать за нас до Гран При Абу Даби 2022 года включительно где проведет свой 300 й Гран при. Мы устроим ему потрясающие проводы. Майк Крак руководитель команды Себастьян превосходный гонщик – быстрый умный способный мыслить стратегически. Нам будет не хватать этих его качеств. Мы многому у него научились эти знания будут приносить пользу нашей команде еще долгое время после его ухода. Команда Aston Marttokenoid – это большой проект с неограниченным потенциалом и та работа которую Себастьян проделал в прошлом году и продолжает делать в этом имеет решающее значение. Когда мы станем полностью конкурентоспособными а мы станем одним из архитекторов этого успеха будет Себастьян. Мы благодарны ему за это.,3,colloquial,Разговорный
Анчелотти удaчно вернулся в Реал но за последних 5 сезонов ни один тренер не набрал стoлько очков сколько Вальверде,3,colloquial,Разговорный
Чем живет стихия ветра расскажут звуки. Так легко в пространстве струны находят руки. Шаткий мост над бездной цель подниматься выше. Неспроста качанье чтоб неземное слышать. Чтоб язык небесный вольно потек по венам Шаг за грань и чудо произойдет мгновенно Ты живой и нежный нет у тебя границы Будто сам исчез тобой видят небо птицы. Ты вкусивший Бездну плавно легко и сразу Берега забыв ворвался в поток экстаза НТ То что происходило с нами там большинству тяжело описать но у нашей любимой Гостьи всегда найдутся прекрасные слова 33,3,colloquial,Разговорный
Бесконечно можно смотреть на то как горит огонь течет вода считают деньги и на бесконечные розыгрыши пляжного волейбола 33 Милости прошу,3,colloquial,Разговорный
Зацени и пробегись по лучшим местам планеты с паркуром от первого лица прежде чем встать с кровати Всем заряженного дня 33,3,colloquial,Разговорный
Армейский клуб покинули тренер Дмитрий Быков тренер вратарей Алексей Жигарев и тренер по физподготовке Виктор Петров 33,3,colloquial,Разговорный
О победе Бабикова и Буртасовой в смешанке на ЧЕ 2022 Наш ГИМН 33 Минута вновь настала 33 И ФЛАГ 33 Торжественный подъем 33 На главном месте пьедестала Непобежденный наш тандем 33 Антон Евгения спасибо 33 Вы отстояли честь страны 33 Вы так прекрасны вы красивы 33 Вы биатлону вновь нужны 33 Вас не сломала непогода Не испугал сигнал флажков Вы мастерски сражались оба И результат вот он таков 33 Еще скажу спасибо шведам 33 За благородство в этот раз За тот контакт нелепый вроде Но с неприятностью для нас. А вам героям эстафеты 33 От нас болельщиков салют 33 Пусть вам вперед удача светит 33 Победы новые вас ждут 33 Автор на сайте Русбиатлон Захаров Александр Иванович задать вопросы автору или поблагодарить его можно на сайте по ссылке ниже биатлон rtokenoid,3,colloquial,Разговорный
Приветствую всех 33 Напишите кто знает номерок оригинальных манифольд. движок 3UF одинаковые с полносильными или нет не знаю.,3,colloquial,Разговорный
Увидимся завтра на стримах Титульного вторника в 18 00 мск для всех и в 00 00 для подписчиков клуба ChessCtokenoid Вступай в клуб по ссылке,3,colloquial,Разговорный
Школа шахмат tokenoid tokenoid разбирает 2 шахматные партии венгерского шахматиста Андраша Адорьяна. 1 00 шахматная партия Джон Нанн Андраш Адорьян 10 33 шахматная партия Дьюла Сакс Андраш Адорьян. В рассматриваемых партиях Андраш делал ставку на интересные дебюты за черных защита Пирца Уфимцева и современная защиту развивая своего чернопольного слона на g7. Он жертвовал материал фигуру качество ради захвата инициативы.,3,colloquial,Разговорный
RZD Gotokenoid Rtokenoid Utokenoid Tratokenoid 100 2022 Официальный тизер большого фильма Презентация главного фильма состоится на традицонном мероприятии Завтрак друзей в середине октября 2022 года. Да пребудет с вами сила друзья 33 Never gtokenoid tokenoid 33,3,colloquial,Разговорный
Вероника Кудерметова и Дарья Касаткина выбрали Мальдивы для своего отпуска,3,colloquial,Разговорный
За кого будет этот дельфин если Гэджи победит Оливейру.,3,colloquial,Разговорный
В мегакрутых зрелищных разборках будет участвовать ХХХ 33 ХХХ получает Эпичные схватки боевых магов Крутагидон 33 Просим ХХХ связаться с нами через сообщения сообществу Hotokenoid Wortokenoid Скриншоты из программы рандомайзера выложим в комментариях. Впереди еще 15 подарков 33 Подробности в посте ХХХХ Всем удачи 33 Конкурс Hotokenoid HW21год,3,colloquial,Разговорный
Приветствуем коллеги 33 А во что вы играли на прошедшей неделе? По понедельникам у нас регулярная рубрика вочтоиграютавторы 33 В ней мы предлагаем вам поделиться о сыгранном за прошедшую неделю. Мы хотим взглянуть на уже изданные настольные игры глазами геймдизайнеров 33 Удалось ли познакомиться с чем то новым? Какие механики запомнились больше всего? Делимся и обсуждаем гильдияразработчиковнастольныхигр,3,colloquial,Разговорный
Рональд Араухо хочет продолжить карьеру в Барселоне. Барселона улучшила свое предложение и хотя оно далеко от предложений некоторых английских клубов Араухо предпочитает остаться в клубе который дал ему шанс зарекомендовать себя. Существует оптимизм в отношении продления контракта Араухо до 2027 года. На этой неделе был достигнут прогресс и обе стороны надеются закрыть этот вопрос в ближайшие дни. На следующей неделе состоится еще одна встреча на которой вопрос о продлении будет окончательно закрыт md. news 2977 Aratokenoid,3,colloquial,Разговорный
Как говорится уступили во всех элементах ‍ ️ Самый результативный в нашей команде – Назар Литвиненко 12 очков. Самый результативный в матче – Егор Клюка Санкт Петербург 15 очков.,3,colloquial,Разговорный
Витьки обыгрывают Ог и выходят в стадию легенд 33 Абдул с командой покидают мейджор. .,3,colloquial,Разговорный
От лица фанов ВП и Аутсайдерс. . . . Будет ли Тимспик в РИО?,3,colloquial,Разговорный
Нападающий Джеймс Нил подписал просмотровый контракт с Коламбусом.,3,colloquial,Разговорный
Лцт АК Москва перешлю 24000 Мотор торковый трассерка в хопе доработанная проводка нозл shs шимминг выхлоп 142,3,colloquial,Разговорный
Трактор презентовали команду на новый сезон и встретились со своими болельщиками,3,colloquial,Разговорный
️Хотите стать мастером или гроссмейстером? Приглашаем на онлайн лекции для шахматистов от 1 разряда ~1900 на tokentokenoid Для кого подходят? для тех кто застрял на месте и хочет быстрый рост вместе с тренером сборной страны Что получите? 4 занятия концентрат мощной шахматной теории и практики. возможность задавать вопросы лучшему тренеру гроссмейстеру Фарруху Амонатову. видео запись каждого занятия. рост уровня игры и рейтинга. Все что нужно программа zoom и 120 минут внимания. Встречаемся по вс в 15 00 мск Самые быстрые уже заняли места. Регистрируйся здесь,3,colloquial,Разговорный
Никита Кацалапов Мы сделали это 33 Мы в Пекине 33 Сегодня высыпаемся и – ВПЕРЁД 33 Сегодня кстати Новый год в Китае 33,3,colloquial,Разговорный
Андрей Рублев рассказал какие цели ставил на этот сезон. Никаких целей не было потому что я не люблю ставить себе задачи с точки зрения результатов. Если я намереваюсь выиграть турнир но у меня не получается в этом нет ничего страшного потому что ты не можешь побеждать каждую неделю. Когда я был юниором и чего то хотел то все получалось наоборот. Как только я стал играть естественно и не задумываясь результаты пришли приводит слова Рублева Martokenoid.,3,colloquial,Разговорный
Приветствую. Очень нужны фото или номера 2х реле на схеме ниже stokenoid retokenoid starter tokenoid. . . старая схема до 1989 выпуска. Также рассмотрю к приобретению данные реле или может есть информация чем заменить. Всем добра.,3,colloquial,Разговорный
Английский журналист и телеведущий Пирс Морган сказал это сразу после проката Камилы,3,colloquial,Разговорный
А в Приисковом а в Приисковом Сезон ребята открыли новый 33,3,colloquial,Разговорный
Что бы ни случилось верь в себя верь в жизнь верь в завтрашний день верь во все что ты делаешь всегда 33,3,colloquial,Разговорный
Дорогие любители бега продолжаем наш зимний беговой челлендж делисьснегом Для участия присылайте свой зимний снегоБеговой контент в комментарии к этому посту. . . опубликуем ваш бег в ближайшее время с активной ссылкой на вашу страничку vk А сейчас наши беговые друзья участники нашей группы делятся своим великолепным зимним бегом Ростислав Панюков tokenoidtokenoid Юркин tokenoidtokenoid Yakovtokenoid tokenoidtokenoid Иванова tokenoidtokenoid Шалыгина tokenoidtokenoid Шутова tokenoidtokenoid Тарабрина tokenoidtokenoid Балабаев tokenoidtokenoid. s. zatokenoid tokenoidtokenoid Смирнова Спасибо дорогие беговые друзья 33 С наступившими вас праздниками 33 Легких вам ног и отличной бегомотивации в 2022 году rtokenoid parkrtokenoid спорт бег бегЗимой зимнийБег бегВмороз бегВхолод,3,colloquial,Разговорный
Лидером по набранным очкам стал нападающий Олег Ломако оформивший хет трик – 3 3 0. Максимальный показатель полезности заработал форвард Роман Опалев 2. Лидер по числу бросков в створ – нападающий Илья Авраменко – 5. Наибольшее игровое время получил защитник Кирилл Маслов – 19 03 у нападающих Олег Ломако – 17 30. Вратарь Владислав Сухачев отразил 93 5 бросков 29 из 31.,3,colloquial,Разговорный
Сборная России завоевала серебро в женской эстафете на этапе Кубка мира по биатлону в Антхольце Источник видео,3,colloquial,Разговорный
За кроссовками в Баскетбольный магазин Ghetto Basket Shop Консультация tokenoidtokenoid Стрельский,3,colloquial,Разговорный
Лавина из мотоэкипировки 33 Цунами из скидок 33 ⠀ Последний шанс купить экипировку по сниженной цене 33 Осталось всего три дня самых выгодных цен 33 ⠀ Любимые бренды стали доступнее 33 Не упускай возможность обновить экипировку к сезону 33 ⠀ А так же напоминаем что во Ftokenoid на Лиговском можно получить скидку 15 по промокоду весна22 33 ⠀ Наш сайт интернет магазина tokentokenoid ⠀ Оформи заказ по телефону 7 800 555 34 96 ⠀ ftokenoid мотоэкипировка ftokenoid motoektokenoid motoektokenoid motoektokenoid байкер защита мотошлем шлем мотоцикл,3,colloquial,Разговорный
‍ ️ Андрей Кузьменко сделал хет трик в двусторонке сборной. Но в составе его пока не видят Сегодня сборная России провела двусторонний матч который длился три периода по 15 минут. Команда Красных победила Белых со счетом 3 0. 3️⃣ Андрей Кузьменко играл в тройке с Александром Кадейкиным и Владимиром Ткачевым и сделал хет трик а Кадейкин отметился двумя голевыми передачами сообщает обозреватель Матч ТВ Павел Лысенков. Потом команды играли овертайм и там Кузьменко отдал голевую передачу на Ткачева. Напомним что второй бомбардир КХЛ Андрей Кузьменко не попал в основной состав сборной России оставшись только в числе запасных – как и Кадейкин. Вчера в последний момент Ткачев заменил Артема Анисимова в основном составе. ФХР,3,colloquial,Разговорный
Солнечная майская погода вовсе не повод откладывать просмотр фильмов и сериалов 33 Okko – зарегистрируйтесь по уникальному промокоду 31835574 и получите 35 дней подписки Оптимум всего за 1 руб. Ссылка для активации Преимущества – Доступно качество изображения до 4K – Возможность скачивать контент и смотреть их без доступа к интернету – Доступны фильмы с оригинальной звуковой дорожкой на языке оригинала и с субтитрами. Акция доступна для всех клиентов которые ранее не совершали покупок в сервисе на сайте и на мобильной версии сайта по всей России.,3,colloquial,Разговорный
Пора отдохнуть продолжим волейбольные баталии завтра Поддержите сообщество tokentokenoid Сайт tokentokenoid Tetokenoid tokentokenoid Волейбольный чат Вконтакте tokentokenoid Tetokenoid tokentokenoid Tetokenoid каналы клубов tokentokenoid Спонсор сообщества tokentokenoid Волейбол Votokenoid ПляжныйВолейбол Пляжка НовостиВолейбола KeepTheBatokenoid ДержиМячВИгре ВолейболСМИ Первоисточник Мужская волейбольная Суперлига,3,colloquial,Разговорный
Первенство России U23 Казань 12 14 июля У Свердловской области два призера на 800 метров Серебро у Алексея Ломакина 1. 50. 14. Бронза у Семена Ионова 1 50. 21.,3,colloquial,Разговорный
НБА представила подборку лучших данков звездных игроков Селтикс Джейсона Тейтума и Джейлена Брауна в сезонеtokenotokenoid 22. Тейтум в минувшем сезоне набирал 26 9 очка 8 0 подбора и 4 4 передачи в среднем за игру. Средние показатели Брауна – 23 6 очка 6 1 подбора и 3 5 передачи.,3,colloquial,Разговорный
‍ ️ ‍ ️ЗАНИМАЙТЕСЬ БЕГОМ ВМЕСТЕ rtokenoid rtokenoid rtokenoid бег марафон забег пробежка,3,colloquial,Разговорный
НХЛ обновила логотип плей офф. Старый дизайн использовался с 2013 года. Было стало,3,colloquial,Разговорный
Статистика сегодняшнего матча Не сильно уступили в приеме и подаче но вчистую проиграли атаку и блок. Самый результативный в нашей команде – Денис Кочнев 9 очков. Самый результативный в матче – Никита Кулешов Динамо 11 очков.,3,colloquial,Разговорный
Себастьян беседует со SkyGermany после гонки. Мы видели что борьба между вами и Миком на трассе в самом начале стала немного напряженной не могли бы вы рассказать нам как это было с вашей стороны? Себ Я дал ему достаточно пространства и он им воспользовался и в тот момент я чувствовал себя не очень комфортно в машине мы потеряли так много времени на пит стопе и мы не должны были быть там с самого начала мы должны были быть намного дальше. Но да сегодня все пошло не по нашему сценарию. На другой остановке появились синие флаги и именно там вы получили 5 секунд штрафа вы не видели флагов? Или вы не знали где освободить место? Себ Да очевидно но я также знаю что в трех поворотах я был быстрее и я не знаю за кого я вообще получил штраф. Но мне кажется странным что для принятия решения о штрафе требуется половина гонки. Как вы думаете это повод снова поднять этот вопрос перед стюардами? Себ Нет. . . . Я не вижу в этом смысла. Я ничего не выиграл от этого и это никому ничего не стоило это нормально потерять немного времени если ты обгоняешь кого то. Это три или пять поворотов я также потом очень честно ушел в сторону в месте где они не теряли время и оба обогнали меня. Может быть немного здравого смысла было бы неплохо. . . но да. Неважно. Vettel Setokenoid SV5 AstonMarttokenoid F1 Dtokenoid,3,colloquial,Разговорный
В этот день семь лет назад в 2015 году наша команда одержала яркую победу за океаном – экипаж Романа Русинова Сэма Берда и Жюльена Каналя не только оказался лучшим на американском этапе чемпионата мира по гонкам на выносливость в техасском Остине в классе LMP2 но и по итогам шести часов борьбы финишировал пятым в абсолютном зачете марафона уступив только заводским командам LMP1. Этот успех приблизил G Drtokenoid Ratokenoid к титулу в FIA WEC который был завоеван по итогам того сезона. Успех нашей команды в Штатах одинокой звезды дополнил второй экипаж Густаво Якаман Пипо Дерани Рикардо Гонсалес завоевавший бронзу 33 GDrtokenoid,3,colloquial,Разговорный
Машина для трицепса Веннинга убийственная вещь делающая ваши руки очень сильными. Weststokenoid Bartokenoid,3,colloquial,Разговорный
А что еще может означать этот жест судьи? Тем более если общаться с ним бегут игроки без капитанской повязки. . .,3,colloquial,Разговорный
artokenoid Когда ты просыпаешься и слышишь что FPX тестят ntokenoid.,3,colloquial,Разговорный
Кирза уникальный объект и вот почему Во первых находится в черте города 15 минут пешком от метро. Во вторых простой подъем отличные виды с крыши. В третьих единственный объект где можно прыгнуть тандем то есть вдвоем с другом подругой. В четвертых с него можно прыгнуть солдатиком лицом вперед или спиной с доски. Прыгаем в это воскресенье. Запись тут,3,colloquial,Разговорный
Древние уже у порога 33 Ужас Аркхэма Мир игры в предзаказе На страницах этого артбука вы найдете портреты легендарных сыщиков сцены сражений с легендарными монстрами интерьеры и ландшафты локаций из вселенной Лавкрафта и информацию о всем этом которая раскроет для вас новые тайны этого страшного и прекрасного мира. Рассылка для участников кампании на Crowtokenoid начнется на следующей неделе 33 Новинка Hotokenoid УжасАркхэма,3,colloquial,Разговорный
Смотрим квалификацию Гран при Нидерландов 33 Ссылки на группы с трансляцией Формула 1 голосом наших комментаторов tokenoidtokenoid ФОРМУЛА 1 tokenoidtokenoid on Etokenoid автоспорт без границ Ф1 Ф2 Инди Автоспорт tokenoidtokenoid Dtokenoid F1 Formtokenoid Формула1,3,colloquial,Разговорный
Инсайд В Мариуполе более 500 та солдат ВСУ теробороны волонтеров и даже есть представители Азова которые попали в плен к армии ДНР и РФ. Цифры точно не называются но они неутешительные для Азова и украинской армии. Уже сейчас стало известно что в плен попала атошница Юлия Паевская которая воюет на Донбассе с 2014 года.,3,colloquial,Разговорный
Еще одна расцветка Ntokenoid LeBron 20. Что думаете об этой модели?,3,colloquial,Разговорный
Такие красивые моменты мы любим Либеро Урала Владимир Шишкин добыл очко для команды своей игрой в защите Больше крутых моментов 19 тура Суперлиги Partokenoid yotokenoid. tokenoid tokenoid,3,colloquial,Разговорный
Болиды 80 х испытывали проблемы как и нынешние пилоты а именно эффект галопирования. Его решение крылось в использовании умной активной подвески но это сложное решение многим не нравилось а по злой иронии судьбы ее отмена привела к смерти Айртона Сенны в Имоле 94 го. . .,3,colloquial,Разговорный
Бегаете? Еще не бегаете? Много и давно бегаете? Хотите бегать? Все что нужно знать о беге чтобы бегать быстро правильно и с пользой для здоровья – в настенном календаре 33 Вместо множества книг один красочный настенный календарь. Если вы начинаете бегать или только хотите начать этот календарь незаменимая инструкция чтобы разобраться в основах и научиться бегать. Если вы бегун с опытом этот календарь поможет дополнить и структурировать ваши знания. Умный календарь 2023 – Бег на 100. Все что нужно знать о беге в инфографике 12 инфографик формата А2 по самым важным темам связанным с бегом 33 Заказать на Озон Не забудьте промокод на скидку SMRTRDNGVK действует только до 24 ноября 33,3,colloquial,Разговорный
Лицо Роналду в FIFA04 когда он переходил в МЮ и лицо Роналду в FIFA22,3,colloquial,Разговорный
Поиграем? Если вы сами организуете игротеки добавьте свое мероприятие в афишу через форму tokentokenoid Оно попадет в последующие анонсы. Игротека Hotokenoid,3,colloquial,Разговорный
Спортбайки VOGE 525RR и 250RR официально представлены на выставке в Чунцине На ежегодной осенней выставке флагманов китайской промышленности в Чунцине мотоциклетный бренд VOGE представил ряд серийных новинок которые в скором времени появятся и на российском рынке два спортбайка и электроскутер Btokenoid Real 5T.,3,colloquial,Разговорный
1 этап Гран при России 2022 Аннабель Морозов и Дэвид Нарижный Фото Михаила Шарова,3,colloquial,Разговорный
ПРЫГАЙ В КАЙФ ДОЛГО и БЕЗ БОЛЕЙ Как прыгать долго многие годы хоть до самой старости без болей и дискомфортов? Многие атлеты да почти все задаются подобными вопросами но ответов очень мало находят или не там ищут не знаю Короче томить долго не буду Поехали 33 Лайк ставь ️ и читай до конца Если ты хочешь разом закрыть все вопросы касательно развития вертикального прыжка хочешь достичь высоты лбом до баскетбольного кольца легко в кайф и безопасно при этом сохранив ГОДЫ своей жизни десятки HP здоровья и тысяч рублей ️ То просто заказывай свой индивидуальный тренировочный план и обучающий курс прямо тут А чтобы прыгать долго безопасно и без болей Нужно ГРАМОТНО и МЯГКО приземляться ️ Внимательно посмотри видео запомни и напиши основные моменты в комментариях Посмотрим на твою внимательность В одном из следующих постов расскажу про все тонкости и нюансы,3,colloquial,Разговорный
Отвлекитесь от текущих событий и окунитесь в атмосферу крупнейшего турнира этого лета Самара Open Комус Фест 2022 komtokenoid,3,colloquial,Разговорный
4х2Mtokenoid 5 A. Награждение. За 1 е место команда KRAFT получила приз – подарочный сертификат на интеллектуальную битву Квиз Мозгобойня 33 Поздравляем 33 Почетное первое Подробнее tokentokenoid Фото Елена Павлова. 15. 05. 2022. nvtokenoid,3,colloquial,Разговорный
Тренер Team Vtokenoid Дэнни zontokenoid Соренсен рассказал о форме команды и прокомментировал результаты BLAST Premtokenoid Sprtokenoid Ftokenoid 2022 по CS GO. Наставник пообщался с журналистами Btokenoid после поражения в финале.,3,colloquial,Разговорный
Крис Джерико может расстаться с волосами Вполне возможно что Крис Джерико уже совсем скоро представит новую прическу а точнее ее отсутствие. На прошедшем Dynamtokenoid для Джерико был назначен матч который пройдет через две недели и в котором на кону будут прически. Противником Криса станет его экс товарищ по группировке Ортис. Залысины Джерико стали заметны уже достаточно давно а на прошедшем Dotokenoid or Nothtokenoid в некоторых кадрах это выглядело еще более очевидно. Ну и Джерико не раз охотно проигрывал матчи с вроде как позорными условиями для себя что в AEW что раньше. Матч пройдет на тематическом шоу Road Rager 15 июня. новости AEW Chrtokenoid,3,colloquial,Разговорный
реклама tokenoid CS GO Matokenoid 2 Играй и Побеждай 33 Общий призовой фонд серии tokenoid Matokenoid 2 турниров 3 250 000 тенге Формат проведения Bo1 Stokenoid Etokenoid Финал Bo3 5х5 Регистрация на Турнир 15. 03. 2022 год К участию в турнире допускаются все страны СНГ Призовой фонд по CS GO 500. 000 тенге. Распределение призового фонда tokenoid CS GO Matokenoid 2 1 место 300 000 тенге 2 место 150 000 тенге 3 место 50 000 тенге Для регистрации на турнир переходите по ссылке Подписывайтесь на группу ВК чтобы не пропустить анонсы по турнирам 33,3,colloquial,Разговорный
Сегодня комментировать пилотаж гонщиков SMP Ratokenoid на трассе в Нижнем Новгороде будет сам Дмитрий Губерниев 33 Самый известный комментатор страны проведет на канале Матч ТВ прямую трансляцию гонки классов Туринг и Супер продакшн той самой где стартуют Егор Оруджев Кирилл Ладыгин и Ира Сидоркова. Ждем от Дмитрия ярких эмоций и новых запоминающихся эпитетов. И конечно поздравлений в адрес наших гонщиков на чьи хорошие результаты мы сегодня очень рассчитываем 33 SMPRatokenoid GDrtokenoid РоссийскаяСерияКольцевыхГонок русскиегонки ЕгорОруджев ИринаСидоркова КириллЛадыгин,3,colloquial,Разговорный
StatsReatokenoid ⭐ Символическая сборная Ла Лиги перед перерывом на Чемпионат мира.,3,colloquial,Разговорный
А ВОЛЬВО продолжает троллить всех они наняла российского статсмена Leamare в англоязычную студию освещения The Internattokenoid 2022,3,colloquial,Разговорный
Каспер Рууд поделился ожиданиями от встречи с россиянином Кареном Хачановым в полуфинале US Open. Больше шансов на победу будет у того кто будет агрессивнее бить с форхенда и заставлять оппонента бегать. Мы с Кареном несколько похожи хоть он и немного крупнее. Он любит подавать и бить справа приводит слова Рууда Etokenoid.,3,colloquial,Разговорный
Альваро Баутиста сравнил MotoGP и Wortokenoid Супербайк сегодня это Мото Гран При 10 лет назад Бывший пилот MotoGP планировавший совершить вояж в Wortokenoid Stokenoid а затем вернуться в паддок Гран При Альваро Баутиста заявил что перестал понимать современные тенденции в Больших Призах и что нынешний чемпионат его не впечатляет.,3,colloquial,Разговорный
Видеоправила Идеального кадра необычной игры на глазомер память и комбинаторику в которой вам предстоит стать светским фотографом и расположить гостей аристократической вечеринки в соответствии с их многочисленными и противоречащими друг другу предпочтениями. Каждый ход вы будете узнавать чуть больше о том как и куда хотят встать капризные гости и для создания идеального ракурса вам необходимо максимально полно воплотить их пожелания. Увы но учесть интересы всех не получится и чьим то удобством придется пожертвовать а победителем станет тот кто сможет свести к минимуму подобные потери. Узнайте об игровом процессе больше из подробного ролика от Boartokenoid Купить игру можно по ссылке ИдеальныйКадр,3,colloquial,Разговорный
Итоги тренировочного дня Wortokenoid в Мандалике Разгатлиоглу пытается перехватить инициативу В Индонезии завершился тренировочный день предпоследнего этапа Wortokenoid Stokenoid здесь Альваро Баутиста может стать чемпионом мира досрочно а Топрак Разгатлиоглу активно пытается этому воспрепятствовать. О том как прошла пятница читайте в этом обзоре.,3,colloquial,Разговорный
Зенит СуперКубок Гендиректор Спартака о Суперкубке России Только не в Питере. В Лужниках мне понравилось Гендиректор Спартака не хочет чтобы матч за Суперкубок России проходил в Петербурге. За Суперкубок Спартак вчера выигравший БЕТСИТИ Кубок России поборется с Зенитом выигравшим РПЛ. Матч запланирован на 9 июля. – Где бы вы хотели увидеть матч за Суперкубок? – Только не Питер. В Лужниках мне понравилось. Было бы неплохо постоянно там играть чего стадион простаивает – сказал Евгений Мележиков.,3,colloquial,Разговорный
Способности Dazztokenoid настолько хороши что ценен каждый скиллпоинт. У него теперь целых два новых ультимейта и оба – крутые. Новый Скипетр Даззла – имба в квадрате или даже в кубе но игры до него почти не доходят.,3,colloquial,Разговорный
Сказал допускает ли он что кто то из спортсменов сможет так поступить ⤵️,3,colloquial,Разговорный
Рафаэль Надаль отреагировал на то что сыграет в паре с швейцарцем Роджером Федерером на Кубке Лэйвера. Это честь и настоящее удовольствие написал Надаль в соцсетях.,3,colloquial,Разговорный
ТИМ ЦЗЮ ЗАРЯЖЕН НА ЧЕМПИОНСТВО В СУПЕРТЯЖАХ Непобежденный австралийский боксер первого среднего веса Тим Цзю 21 0 15 КО заявил о намерении завоевать титулы чемпиона в супертяжелом дивизионе. Есть Головкин в следующей весовой категории Канело Альварес во втором среднем. Затем мы можем перейти в супертяжелый вес. Это не шутка. Рой Джонс перешел из среднего веса в тяжелый из первого среднего в тяжелый еще ни кто не переходил. Это моя постоянная цель На ее создание ушло 10 лет. Моя первая цель это конечно же титул абсолютного чемпиона но после этого мой разум унесет меня в другое место. Мы здесь чтобы создавать историю создавать особые моменты всего спорта а не только моменты бокса сказал Цзю. Следующий бой Тим Цзю проведет 28 января против абсолютного чемпиона мира в первом среднем весе Джермелла Чарло 35 1 1 19 КО.,3,colloquial,Разговорный
На уровне зеленого пояса происходит первое выделение инструкторов которым разрешено обучать и аттестовывать военнослужащих на уровни ниже зеленого. Что же именно предлагается в наставлении для освоения зеленого пояса в плане техник применения оружия? Давайте посмотрим. рукопашныйбойtokentokenoid самооборонаtokentokenoid,3,colloquial,Разговорный
Кейда Каннингема удалили с площадки за то что он заданчил через Джейлена Смита и указал на него пальцем,3,colloquial,Разговорный
Чем порадовать своих любимых на 8 марта? Мы составили подборку для тех кто сейчас в поиске подарка Заходите за увлекательными настольными играми красивыми румбоксами пазлами и другими интересными подарками,3,colloquial,Разговорный
Все победители гонки на 15 км с раздельным стартом на зимних Олимпийских играх с 1972 года. . . . . . . . . . . . . . . . . . . . . . . . . . . . . . . . . . . . . . . . . . . . . . . . . . . . . . . . . . . . . . . . . . . . . . . . . . . . . . . . . . . . . . . . . . . . . . . . . . . . . . . . . . . . . . . . . . 1972 Саппоро Лундбек Свен Оке Швеция 1976 Инсбрук Николай Бажуков СССР 1980 Лейк Плесид Томас Вассберг Швеция 1984 Сараево Гунде Сван Швеция 1988 Калгари Михаил Девятьяров СССР 2002 Солт Лейк Сити Андурс Веэрпалу Эстония 2006 Турин Андурс Веэрпалу Эстония 2010 Ванкувер Дарио Колонья Швейцария 2014 Сочи Дарио Колонья Швейцария 2018 Пхенчхан Дарио Колонья Швейцария 2022 Пекин Йиво Нисканен Финляндия с 1992 г. по 1998 г. три олимпийских цикла гонка с раздельным стартом на 15 км не проводилась.,3,colloquial,Разговорный
Друзья 33 Мы понимаем что Вам нужно еще чуть чуть времени для подготовки к чемпионату 8х8 и кубку 7х7. Старт двух соревнований переносится на 23 24 апреля чтобы все команды смогли доукомплектовать свои составы и подойди к первому туру во все оружия 33,3,colloquial,Разговорный
Прямые трансляции всех сессий Гран при Мексики вы сможете увидеть в нашей группе Mextokenoid ГПМексики Смотреть в записи все Гран при 2022 года вы можете на сайте По возможности помогайте группе донатами.,3,colloquial,Разговорный
За неделю Валера с инопланетянами посетили так много разных мест что решили остаться чиллить с капибарами и наслаждаться жизнью Работа Наталии Ракитенок покорила наши сердечки А счастливый номер от рандомайзера попался tokenoidtokenoid Кирилловой. Поздравляем с победой 33 Напишите в сообщения группы куда отправить приз Мы были в восторге от всех участников 33 Ваши работы получились очень креативными и забавными. Валера и инопланетяне передают вам спасибо и мы присоединяемся к ним,3,colloquial,Разговорный
Последние приготовления перед стартом US Open Тем временем до матча Даниила Медведева и Стефана Козлова остается менее 2 х часов tokentokenoid,3,colloquial,Разговорный
️ Хави Мы были лучше чем Бавария. Однако слишком много им прощали. А они нас не простили вот в этом вся разница. У нас было 6 7 голевых моментов но нам не удалось забить Первый тайм остался полностью за нами. Результат не отражает того что произошло в матче. Но такова Лига Чемпионов. Если прощаешь соперника то расплачиваешься за это Считаю что нам нужно взять из этого матча положительные моменты. Результат отрицательный поэтому мы должны учиться на своих ошибках Мы заслужили победу. Это незаслуженное поражение из за наших ошибок. Мы должны учиться и продолжать работать,3,colloquial,Разговорный
Уже завтра стартует Rtokenoid Major 2022 33 Esl опубликовали фильм с представлением всех команд участников турнира.,3,colloquial,Разговорный
️ Испанец Пабло Карреньо Буста обыграл британца Джека Дрейпера со счетом 7 6 4 6 1 и вышел в полуфинал турнира АТР серии Мастерс в Монреале. ️ Далее он сыграет с Дэном Эвансом,3,colloquial,Разговорный
Любимые моменты Тар 2021. Двигатель открутился и первый квадрокоптер рухнул вниз в метре от обрыва перед бущующей рекой. Проводится шаманский обряд перед отправкой второго квадрокоптера на важную миссию по проносу веревки Хорошо что в запасе еще третий Квадрокоптеры у нас очень важные работники некоторые объекты сделать без них невозможно. А этим бубном в том году мы почти идеально нашаманили погоду как только свесились начался ливень.,3,colloquial,Разговорный
WTCR Китайско шведский коллектив а на деле интернациональный Cyan Ratokenoid в полной боевой готовности к новому сезону Мирового Туринга. За гараж Cyan Ratokenoid Lynk Co поедут Иван Мюллер и Ян Эрлаше который не желает менять свой номер 68 на чемпионскую единичку. За гараж Cyan Performantokenoid Lynk Co едут Тэд Бьорк Сантьяго Уррутия и Ма Цин Хуа. К этому сезону как раз были немного переделаны правила касаемо командных составов. Теперь можно выставлять за один гараж больше двух пилотов но зачетные баллы в кубок команд набирать будут только те кого назначит команда перед этапом. Похожая ситуация есть в РСКГ где Лукоил выбирает между Лукашевичем Масленниковым и Оруджевым. Ливрея машины изменилась но незначительно.,3,colloquial,Разговорный
MotoGP Team Stokenoid Etokenoid отказалась подарить Алексу Ринсу его боевой GSX RR Алекс Ринс признался что попросил у Stokenoid оставить ему прототип с которым он выступал в 2022 году на память. Ринс всю карьеру в MotoGP выступал только с Team Stokenoid Etokenoid и прошел большой путь вместе с японской заводской командой но. . .,3,colloquial,Разговорный
Келли Олиник попал под протокол охраны здоровья. Желаем скорейшего выздоровления 33 33,3,colloquial,Разговорный
В Австралии объявили о старте продаж билетов на Гран При,3,colloquial,Разговорный
MotoGP Untokenoid уже на торрентах. Рекомендуется к просмотру. Загружать именно в оригинальном варианте без дубляжа с субтитрами. Формат mkv есть все субтитры eng fra spa и tokenoid. MotoGP Untokenoid,3,colloquial,Разговорный
На сайте tokentokenoid В платной подписке добавлен новый проанализированный матч. На сегодня будет более 10 прогнозов приобретайте подписку сейчас и зарабатывайте вместе с нами регулярно. Подписку можно приобрести на сайте,3,colloquial,Разговорный
Получи деньги на Steam геймерский монитор или ретроконсоль с кучей игр Подробнее,3,colloquial,Разговорный
Ник Кирьос Если бы в финале был не Джокович я бы выиграл этот финал Если Согласен с Ником ставь лайк,3,colloquial,Разговорный
Узнали из какого аниме персонажи? Еще больше аниме фигурок тут,3,colloquial,Разговорный
Кирилл Капризов забил 30 й гол в сезоне в игре с Коламбусом 2 3 Б.,3,colloquial,Разговорный
продам комплект документов птс стс номера. нива красная 86г. в. учет анулирован. 5000₽,3,colloquial,Разговорный
Сегодня без команд. Всем пис Для регистрации жамкай сюда сюда сюда Eventtokentokenoid,3,colloquial,Разговорный
‍ ️ ‍ ️Всем отличных беговых тренировок и неиссекаемой мотивации друзья rtokenoid sport мотивацияБег бег спорт забег,3,colloquial,Разговорный
Коллеги традиционно объявляем очередной гильдейский настольныйсубботник ГРаНИ 33 По аналогии с индустрией компьютерных игр это предложение по субботам в течение дня выкладывать в комментарии к посту фото своих разработок с кратким описанием. А в ответ на выложенное другими интересоваться советовать предлагать сотрудничество и просто ставить лайки. Рассказывайте над чем сейчас работаете?,3,colloquial,Разговорный
Четырехкратный олимпийский чемпион по биатлону Александр Тихонов прокомментировал информацию о возможном уходе Михаила Шашилова с поста тренера женской сборной России. Сегодня после эстафеты на Олимпиаде в Пекине где Россия взяла серебро Шашилов отказался от комментариев заявив что уже прекратил работу. Позже эти слова опровергли в Союзе биатлонистов России. Шашилову и дома хорошо он любит выпить маленько а иногда не маленько даже в этом отличился. Так что какая разница его ведь практически уговорили работать. Никто не хочет работать с национальной командой. И такое правление как Майгуров Нуждов и Пак надо не просто подать в отставку а выгнать набраться людям смелости и сказать Дорогие мои покиньте 33 Ну сколько можно издеваться? Опять же Шашилова вообще не надо было приглашать в сборную но никто не хочет работать со сборной – сказал Тихонов.,3,colloquial,Разговорный
Заказ получил. Кроссовки стоят своих денег рекомендую к покупке. Отдельное спасибо Антону. Ttokenoid to Wtokenoid спасибо 33 Подписывайся на магазин ссылка в комментах,3,colloquial,Разговорный
Друзья всем доброго утра 33 А для того чтобы ваша пятница была еще бодрее держите фото с объекта СТРЕЛА 45м 33,3,colloquial,Разговорный
4x2Mtokenoid Wtokenoid CUP 2022. Сладкий приз. Победителем в номинации Сладкий приз стала команда ВК Искитим г. Искитим и получила приз – печенье от домашней мастерской Месье Курабье. Поздравляем 33 Подробнее здесь tokentokenoid Фото Дмитрий Забелин. 30. 01. 2022. База Локомотива. волейбол 2022,3,colloquial,Разговорный
Уралочка НТМК уступила Локомотиву в Нижнем Тагиле в пяти партиях. Впереди – четвертая игра финальной серии чемпионата России Волейбольная команда Уралочка НТМК не сумела довести до победы третью игру финальной серии чемпионата России. В Нижнем Тагиле команда Михаила Карполя дважды вела по партиям но уступила калининградскому Локомотиву 2 3. Уралочка НТМК Локомотив Калининград 2 3 25 19 17 25 25 16 22 25 11 15 Статистика матча Уралочка НТМК Айлама Сесе – 25 очков Ксения Парубец – 22 очка Елизавета Котова – 15 очков Елизавета Фитисова – 14 очков Вера Костючик – 7 очков. Локомотив Ирина Воронкова – 24 очка Яна Щербань – 18 очков Валерия Зайцева – 14 очков Татьяна Ежак – 7 очков Юлия Бровкина 5 очков Екатерина Евдокимова – 2 очка Ирина Филиштинская – 1 очко. Подробнее,3,colloquial,Разговорный
Топ лист продаж беговой обуви всех типов тренировочные карбоны облегченка. Сентябрь 2022. Astokenoid рулит снова. Карбоны продаются очень активно. Цена не решает продажи. Бегуны ищут тапки с хорошим ресурсом и отличной амортизацией. Крупный беговой магазин большого и весьма бегового и очень красивого города Европы который любят все и где беговой сезон никогда не заканчивается карбоны кроссовки,3,colloquial,Разговорный
Поздравляем наших победителей в конкурсе за 27. 10 33 Именно вас не подвела интуиция благодаря которой вы смогли обезвредить бомбу 33 Поздравляем вас 33 Вы награждаетесь призом в размере 2 036 на баланс 33 ️ Максим Подколзин ️ tokenoidtokenoid Агибалов Скорее пишите нам в лс группы в ВК чтобы забрать свой выигрыш 33 Играй с нами будь первым 33,3,colloquial,Разговорный
Длинная FP1 в Мотеги помогла Джеку Миллеру выйти в лидеры Гран При Японии Лидер первого дня Гран При Японии Джек Миллер рассказал как прошла 75 минутная FP1 в Мотеги и почему это было так здорово.,3,colloquial,Разговорный
Лунев травмировал голеностоп ему понадобится операция. Вчера на тренировке Байера вратарь получил травму голеностопа. МРТ показало что нужна операция. В ближайшее время ее проведут в Кельне. Ориентировочные сроки восстановления – 6 10 недель. Здоровья Андрей,3,colloquial,Разговорный
Ребята каким игрокам Манчестер Юнайтед следовало бы покинуть клуб?,3,colloquial,Разговорный
Реванш который мы запомним 33 Ильяс Хамзин рассказал о своих планах на ближайшую пятницу. Прислушайтесь к совету и включайте tokentokenoid будем смотреть вместе турнир AMC FNG 116. Удар Единоборства ММА UDAR,3,colloquial,Разговорный
Ох уж этот Ярослав Подлесных – затейник СпартакиадаСильнейших,3,colloquial,Разговорный
Друзья Восходящее солнце в предзаказе Старт продаж уже в эту пятницу 33 В этой невероятно красивой игре вашими союзниками станут японские боги ками армии монстры и даже другие игроки. Нанимайте воинов маневрируйте и переманивайте чужие армии на свою сторону. В коробке с игрой вас ждут несколько десятков фигурок воинов 20 видов и 8 уникальных огромных монстров. В Восходящем солнце важную роль играет не только дипломатия. Честь и поэмы павшим составляющие части войны между ассиметричными великими домами древней мифической Японии 33 ВосходящееСолнце,3,colloquial,Разговорный
Chartokenoid Otokenoid Я вышел в октагон чтобы защитить титул. Мне не нужно его возвращать. Чемпион – Чарльз Оливейра и мы все это знаем,3,colloquial,Разговорный
Реал надеется что в ближайшие пару дней Бензема присоединится к групповым тренировкам и получит несколько минут против Вильярреала но на данный момент это маловероятно. Источник MARCA,3,colloquial,Разговорный
Осталось 3 места на стажировку для тренеров в ФК Сочи. За 1 интенсивную неделю ты погрузишься в атмосферу академии клуба будешь общаться с тренерами и руководством просматривать команды посещать методические занятия и многое другое. Наши выпускники уже работают в футбольных клубах РПЛ начни и ты 33 Переходи по ссылке чтобы посмотреть программу и оставить заявку,3,colloquial,Разговорный
инста админа все подписку оформите пожалуйста не проходим мимо братья,3,colloquial,Разговорный
Rtokenoid Warhammer40k У Валрака новый дилер источник информации 33 Посему он делится информацией касательно грядущих рождественских наборов от ГВ типа батлфорсов В этом году у батлфорсов есть особенность заключающаяся в наличии именных персонажей в наборе. А наборы следующие Имперские кулаки видимо с Тор Гарадоном Гвардия ворона видимо фобос ребята со Шрайком Тысяча сынов состав не известен Гвардия смерти ВНЕЗАПНО с Мортарионом 33 Адмехи состав не известен Кусты состав не известен Сестры состав не известен Наборы по Аосу не известны. И да в этом году без ксеносов. Кстати на выходных у Валрака также было видео про слухи о том что новые кровавые ангелы будут основаны на старом апгрейд паке бладов но в этом деле все опирается на довольно хлипкое предположение что Джой тою дали карт бланш на создание новинок а ля смесь консервативных карланов с перспективными примарисами. В общем то видео не стоило даже поста. Такие дела,3,colloquial,Разговорный
ВНИМАНИЕ 33 ПОЛУЧИТЕ БЕСПЛАТНЫЕ ПРОГНОЗЫ 33 1. Сегодня мы публиковали еще 1 проанализированный матч для данной стратегии 2. Зарабатывайте деньги Матчи публикуются на сайте tokentokenoid Заходите в свой личный кабинет если у вас нет еще личного кабинета то зарегистрируйтесь на сайте и он появится. Получайте бесплатные проанализированные матчи в своем личном кабинете в разделе Бесплатная аналитика и обыгрывайте букмекера по самой уникальной стратегии. 3. Если вы еще не зарегистрировались на сайте регистрация тут,3,colloquial,Разговорный
Найдите того кто будет смотреть на вас так же как Екиндар смотрит на свой монитор,3,colloquial,Разговорный
Капризов провел первую тренировку после возвращения в США,3,colloquial,Разговорный
Мотокросс топ пилоты отказались от участия в квалификации Гран При Франции MXGP. Результаты Впервые в этом сезоне старт этапа чемпионата мира по мотокроссу MXGP был отложен. Из 31 гонщика класса MXGP на старт грязевого квалификационного заезда Гран При Франции вышли 22.,3,colloquial,Разговорный
День матча 33 Второй матч в Хабаровске 33 Амур – Металлург Магнитогорск 12 00 мгн 10 00 мск КХЛ ТВ ТВ ИН,3,colloquial,Разговорный
Пресс конференция главных тренеров после второго матча серии ХК Динамо Алтай ХК Красноярские Рыси Евгений Чернов главный тренер ХК Красноярские Рыси после второго матча серии с ХК Динамо Алтай В целом хорошие матчи. Во вчерашнем матче мы проспали начало потому что дали фору 2 0. Мы знали что соперник – лидер и нам очень тяжело пришлось отыгрываться но спасибо ребятам за проявленный характер весь матч отыгрывались использовали ошибки соперника и в овертайме доказали и выиграли. Сегодня совсем по другому игра складывалась уже боевая задорная но соперник нас тоже наказал за допущенные ошибки а мы в атаке не смогли сегодня ничего создать. Очень прилично сыграл сегодня вратарь хозяев поэтому сегодня у меня большие претензии к нападающим по реализации моментов. Сейчас каждый матч нам дорог нам нужно попадать в плей офф мы за очки бьемся с каждой командой. Есть информация что Вы ждете усиление на два предстоящих матча По факту сейчас никого нет сейчас будем созваниваться с главной командой они сегодня играют с Торосом поэтому будем ждать информацию. Владислав Хромых главный тренер ХК Динамо Алтай после второго матча серии с ХК Красноярские Рыси Хорошие игры получились. Вчера нас подвела игровая дисциплина достаточно много удалялись практически целый период провели в меньшинстве чем соперник и воспользовался. Что касается сегодняшнего матча хоккей был настоящий тот в который приятно играть и приятно смотреть болельщикам. Поблагодарил ребят сегодня хотелось бы зацепиться за эту игру немного нам не хватает жесткости хотя ребята могут играть в то что хотелось бы видеть. Две игры провели и две осталось. Готовимся. Как Вы считаете в чем причина вчерашнего поражения? Игровая дисциплина. Не позволительно 18 минут иметь штрафного времени. Соперник обладает хорошими исполнителями они и сегодня нас прилично потерзали но бригады меньшинства справились хотя один гол пропустили. Достаточно много во втором периоде играли в меньшинстве надо это устранять. Недолго осталось до игр на вылет где такой момент как игра в большинстве меньшинстве будет определяющей. Матчи получились достаточно боевыми проясните ситуацию по травмированным У нас за эти две игры лазарет пополнился. За весь чемпионат столько травм не было сколько за эти две игры. Пошла игра кость в кость ребята жертвуют собой ложатся под шайбу мы лечим зеленкой замажем и вперед.,3,colloquial,Разговорный
Когда без тебя Спартак проиграл Зениту дома впервые с 2019 года,3,colloquial,Разговорный
На этой неделе Дикинги со скидкой 25 33 Это настольная игра про диких диких викингов их сражения жизнь и конечно же безумные пиры. От 2 до 4 вождей во время партии будут вести свое племя к победе балансируя между развитием деревни и усилением армии. Цель игры набрать победные очки за успешные сражения строительство и выполнение миссий а механики построены на управлении личной колодой и ресурсами. Скидка на игру дня 25 т. е. Дикинги стоят 1868 р. вместо 2490 р. Правила прикрепляем к посту.,3,colloquial,Разговорный
news LampPost Я от дедушки ушел я от бабушки ушел а от нас он видимо не уйдет. Гв в качестве миниатюры понедельника показали колобка меха для банды скватов в некромунду,3,colloquial,Разговорный
Создали свой дискорд с игроками по VALORANT ПРИЗОВЫЕ кастомные матчи 5на5. Если вы сидите в голосовых каналах у вас будет возможность получать деньги. Поиск игроков для игры в ММ. Ссылка на дискорд СЕРВЕР в комментариях Vatokenoid,3,colloquial,Разговорный
В продаже появилась новая игра из серии Детективные хроники компактный кооперативный квест Фламандское завещание На этот раз сыщикам предстоит отправиться в процветающий Амстердам 17 века и расследовать смерть главы торговой семьи. Как и другие наборы этой серии это коробочка карманного размера в которой поместилось непростое дело над которым придется поломать голову и целой команде детективов. Новинки Hotokenoid ДетективныеХроники,3,colloquial,Разговорный
Не сдавайся. Продолжай идти. Всегда есть шанс что ты наткнешься на что то потрясающее. Я никогда не слышал чтобы кто то нибудь наткнулся на что то пока сидел на одном месте.,3,colloquial,Разговорный
Одерживаем выездную победу В Нижнем Новгороде обыгрываем АСК в трех партиях. АСК Нижний Новгород – Урал Уфа – 0 3 20 25 20 25 16 25,3,colloquial,Разговорный
Друзья 33 Считанные дни остались до старта трейла Шигирский идол 11 июня Ставьте ️ если удалось проникнуться атмосферой нашего спортивного мероприятия,3,colloquial,Разговорный
Матч против Финикса стартует в 05 00 по мск. Составы на сегодня Трансляция Поддержать группу tokentokenoid Обсуждение Помощь tokentokenoid Dtokenoid Warrtokenoid,3,colloquial,Разговорный
На сайте появилась карточка игры Мандалорец Грогу и лягушачьи бега Эту игру мы планируем издать в 2022 году. Также к посту прикрепили правила Новинка Hotokenoid Мандалорец,3,colloquial,Разговорный
Расписание интересных матчей на сегодня Ваши предикты? newstokentokenoid,3,colloquial,Разговорный
Как вам мой Ремастер? Разрешение увеличенное с помощью нейросетей до 8K 60FPS,3,colloquial,Разговорный
Третий круг турнира ATP 1000 в Монте Карло Александр Зверев Пабло Карреньо Буста 6 2 7 5 Следующий соперник Рублев Синнер,3,colloquial,Разговорный
Никогда не скрывал что являюсь фанатом больших максискутеров. Самым первым у меня был Stokenoid затем поездил на всяком но остановился на Stokenoid Btokenoid 650. Именно на нем я совершил свой первый полноценный евротрип на 2000 км на нем же слишком легко выполнил 1 ю ступень Iron Btokenoid прошел 1760 км за 16 часов от Москвы до польского Вроцлава а в целом с 2006 по 2017 накатал на трех разных бюргерах 140 т. км. Если хотите знать о Stokenoid Btokenoid 650 все читайте это мой накопительный опыт и окончательный вердикт P. S. Это составной материал куда входят части моих опусов из журнала МОТО Моторевю и отдельные наблюдения опубликованные позже уже на МОТОГОНКИ. РУ тестдрайв stokenoid tokenoid 650tokenoid максискутер,3,colloquial,Разговорный
Футбольная ассоциация Англии предъявила обвинения Криштиану Роналду за инцидент произошедший прошлой весной в результате которого он разбил телефон болельщика Эвертона покидая стадион после проигранного матча. В заявлении ФА говорится Криштиану Роналду было предъявлено обвинение в нарушении правила E3 в связи с инцидентом который произошел после матча Премьер лиги между Манчестер Юнайтед и Эвертоном в субботу 9 апреля 2022 года. Утверждается что поведение форварда после финального свистка было ненадлежащим и или насильственным. Пресс служба Манчестер Юнайтед также выпустила заявление в котором сообщила что будет поддерживать своего игрока Мы приняли к сведению заявление ФА в отношении Криштиану Роналду. Мы будем поддерживать игрока в его ответе на обвинение. Пока неизвестно будет ли Роналду оспаривать обвинение или согласится и признает свою вину.,3,colloquial,Разговорный
mtokenoid Я официально переведен на скамейку запасных. Мне дали разрешение на поиск новых возможностей и я открыт к любым предложениям. Для получения дополнительной информации пожалуйста свяжитесь с нашим менеджером. Уходит эпоха,3,colloquial,Разговорный
Трейдер подарил Гетрайту стикер на День Рождения за 140. 000р Ранее этот добряк раздал на новогоднем стриме миллион долларов,3,colloquial,Разговорный
Сегодня мы играем с Динамо ЛО 20 30 18 30 мск Прямая трансляция на ютуб канале Votokenoid и официальном сайте Урала г. Сосновый Бор. Волейбольный центр,3,colloquial,Разговорный
Начали переговоры Юта нацелена на пики. Идеально бы с пиками скинуть Рэндла и Фурнье без одного из них трейд не пройдет по деньгам но скорее всего уедет допом Куикли Граймс.,3,colloquial,Разговорный
Мега Лада сделала заявку на предстоящий сезон Стал известен окончательный состав гаревой команды тольяттинской Мега Лады на сезон 2022 года. В принципе состав команды 2021 года претерпел небольшие изменения. Так по известным причинам не сможет в этом году выступить в чемпионате России Вадим Тарасенко а Евгений Сайдуллин перешел в разряд взрослых гонщиков. Итак в заявку Мега Лады включены Взрослые гонщики Ренат Гафуров Роман Лахбаум Евгений Сайдуллин и Семен Зуев. Юниоры Арсений Зубков Даниил Визгирд Евгений Антипов Владимир Швайко и Иван Беляев. Напомним в Тольятти сезон откроется 26 мая командной гонкой Мега Лада Восток Владивосток. А 31 мая мы примем первый этап командного первенства России. Удачи 33 Информация Мега Лада,3,colloquial,Разговорный
Александр Емельяненко проиграл удушающим приемом Марсио Сантосу в 1 м раунде. Напомним Саша вышел на коротком уведомлении. Емельяненко попросил реванш и Сантос принял. UFC,3,colloquial,Разговорный
Гендиректор Салавата Баширов заявил что Метсола обиделся на клуб,3,colloquial,Разговорный
Здравствуйте сможете опубликовать? Буду очень благодарен Спасибо.,3,colloquial,Разговорный
Спартак пока не планирует отпускать Понсе в другой клуб в настоящее время у красно белых 9 легионеров Нападающий Эсекель Понсе на данный момент остается в Спартаке об этом сообщает издание Спорт Экспресс. Сейчас московский клуб не укладывается в схему лимита на легионеров в РПЛ 8 17. Красно белые как вы думаете кто уйдет из Спартака? tokentokenoid. spartak,3,colloquial,Разговорный
ВЕСНИНА ОСТАВЛЯЮ СЕБЕ ВОЗМОЖНОСТЬ СНОВА ИГРАТЬ Экс первая ракетка мира в паре Елена Веснина ответила на вопрос о завершении карьере. Я начала тренироваться за неделю до этого турнира. У меня была травма ахилл болел очень долгое время. Потом упала рассекла себе руку. Эти травмы мешали нормально тренироваться. А сейчас уже планирую набирать форму. По поводу участия в профессиональных турнирах пока сложно что то загадывать посмотрим. Официально карьеру я не завершала. Оставляю себе возможность снова играть newstokentokenoid Vesntokenoid,3,colloquial,Разговорный
Дуэль звезд Крис Челиос и Гэри Сутер vs Эл Макиннис и Крис Пронгер Крутые оборонительные дуэты из НХЛ прошлых лет. Выбираем 33 Крис Челиос и Гэри Сутер Чикаго Блэк Хоукс vs Эл Макиннис и Крис Пронгер Сент Луис Блюз P. S. Предлагайте свои варианты Дуэлей. Добавляйте свой пост в окно Предложить новость. Самые интересные обязательно опубликуем. Спасибо 33,3,colloquial,Разговорный
Он мог легко стать баскетболистом а решил помочь Астане в КПЛ,3,colloquial,Разговорный
1 8 АТР ‍ ️Бастад грунт Доминик Тим Роберто Баутиста Агут 7 6 5 3 6 6 4 ️Следующий соперник победитель матча Алехандро Давидович Фокина Себастьян Баес,3,colloquial,Разговорный
Канал Boartokenoid обновил свой ТОП отличных бюджетных настолок. В эту категорию попадают игры стоимостью до 1000 р от классических настолок до комикс игр и карманных детективов. А какие бюджетные игры выбираете вы?,3,colloquial,Разговорный
formtokenoid f1 grantokenoid motorsport Карлос Сайнс пришел в команду Ferrari в 2021 году и сходу по очкам превзошел своего напарника Шарля Леклера. В сезоне 2022 года испанец однако по скорости уступает Леклеру с начала сезона жалуясь на то что плохо понимает поведение нового болида. К середине сезона Сайнс впрочем показал очевидный прогресс и все меньше уступает напарнику. Во Франции он стал абсолютно лучшим во втором сегменте квалификации а в третьем помогал напарнику так как из за замены силовой установки все равно стартовал бы с последнего ряда. В гонке Леклер допустил ошибку и именно Сайнс принес команде очки. По мнению чемпиона 1996 года Деймона Хилла именно у испанца есть все качества чтобы быть лидером команды. На мой взгляд Карлос больше подходит на роль лидера команды – сказал Хилл в эфире Sky Sports F1. – Он лучше понимает стратегию он способен принимать решения. Шарль же может похвастаться только скоростью которая возможно выше чем у напарника. Но в Ferrari необходим сейчас именно лидер. Они зачастую проигрывают по стратегии именно потому что следуют за соперниками вместо того чтобы самим управлять гонкой. Им нужен кто то кто просто скажет Сейчас поступаем вот так вот 33. При этом у команды огромный потенциал. Как только они соберутся то смогут дать серьезный бой. У них еще есть время для того чтобы к концу сезона вернуться в борьбу за титул.,3,colloquial,Разговорный
Всем командам друзьям которые несколько лет шли с нами в лиге и сейчас по каким то причинам не выступают в NVL предлагаем бесплатное участие в любом регулярном турнире в любой категории на выбор. Подробности tokentokenoid,3,colloquial,Разговорный
Паоло Банкеро в виду определенных обстоятельств которые не были приданы всеобщей огласке теперь является фаворитом на 1 ый пик Драфта 2022 у основных бук контор США.,3,colloquial,Разговорный
Хочешь прыгать так же высоко в кайф и безудержно 33? если тебе от 17 до 45 лет Пиши в комментариях или прогулосуй в опросе посмотрим сколько нас,3,colloquial,Разговорный
MotoGP Алекс Ринс Держак был значительно ниже чем на тренировках Алекс Ринс заработал для себя и Stokenoid еще одиннадцать очков на этапе чемпионата мира MotoGP в гонке на трассе Сепанг. Однако испанец после гонки пожаловался на проблемы с держаком. Победитель Гран При Австралии Алекс Ринс финишировал пятым на воскресной гонке MotoGP в Сепанге. Заводской гонщик Stokenoid таким образом обеспечил себе еще одно неплохое место на предпоследнем выступлении японского производителя. Испанец проиграл 11 секунд Пекко Баньяйя Dtokenoid одержавшему седьмую победу в сезоне. Ринс стартовал с 5 го места но неудачно так что после первого круга он оказался уже на 8 й позиции. После этого он одержал победу над своими соперниками в оказавшемся окружении соперников и набрал одиннадцать очков. AR42 Гонка была хорошей но у нас были большие проблемы. Особенно на старте все прошло не лучшим образом потому что у меня были проблемы с держаком. Из за этого я не смог удержаться за лидирующей группой. В Малайзии все пошло не так как планировалось. К сожалению на 2 м повороте я оказался в затруднительном положении. Затем когда я ехал позади других гонщиков у меня возникли серьезные проблемы. Мне не хватало тяги чтобы быстро выходить из поворотов. Уровень сцепления был значительно ниже чем на тренировках. Я не чувствовал себя хорошо чтобы показать наш темп который был у нас в последние дни.,3,colloquial,Разговорный
Кристина Резцова прокомментировала выступление в гонке преследования на этапе Кубка мира в Оберхофе. Резцова допустила 6 промахов и финишировала 14 й. Что случилось? Честно психанула. На третьем рубеже начала выцеливать потому что после второго поднялся ветер. Перед последним рубежом я была сильно расстроена. Там я уже просто эмоционально не выдержала. За два дня до Рупольдинга надеюсь восстановиться. Может быть просто меньше общаться с народом. Несложно прийти в себя эмоционально. Главное не расплескивать энергию – сказала Резцова.,3,colloquial,Разговорный
Интересное небольшое интервью Александра Поветкина в котором он рассказывает чем занимается после завершения боксерской карьеры,3,colloquial,Разговорный
Дайте оценку отдельно по стилю и по запам этому байку по 10 ти бальной шкале Что стоит заменить? Байк чек в коменты позже скину,3,colloquial,Разговорный
Небольшая беговая разминка для вашей следующей пробежки. . . rtokenoid. . . бег разминка заминка спорт легкаяАтлетикс зож,3,colloquial,Разговорный
II Postokenoid. Награждение. Победителем в номинации Лучший игрок команды стал Захар Захаров ВК Пенсионеры и получил приз билет в Музей Николая Рериха. Поздравляем 33 Почетное второе. Подробнее о музее на сайтах tokentokenoid tokentokenoid tokentokenoid Фото Дмитрий Забелин. 29. 01. 2022. nvtokenoid,3,colloquial,Разговорный
На Atokenoid Btokenoid снова подали в суд. В течение многих лет открытая братская среда Atokenoid Btokenoid способствовала безудержному сексизму домогательствам и дискриминации с 700 зарегистрированными инцидентами которые произошли под наблюдением генерального директора Роберта Котика.,3,colloquial,Разговорный
Круглый стол Как авторам презентовать свои игры издателям на Граниконе 2022. Представители издательств обсуждают рекомендации как авторам оформлять правила пнп и презентовать игры для того чтобы произвести впечатление на издателя. граникон2022,3,colloquial,Разговорный
Будет новый рассвет Будет море побед. И не верь никогда В то что выхода нет.,3,colloquial,Разговорный
Мотокросс MXGP Гайзер отобрал победу у Колденхоффа Первый заезд Гран При Трентино MXGP завершился в пользу лидера чемпионата мира по мотокороссу MXGP.,3,colloquial,Разговорный
Придет пора закончу бегать И грустно перейдя на шаг Я вспомню все и кросс по снегу И волю сжатую в кулак И первый выстрел пистолета И первый в жизни пьедестал И главный старт в разгаре лета Когда красиво побеждал. Я вспомню финишные метры И пот соленый на глазах В родной степи седые ветры И как случалось был в Призах. И как с друзьями бегунами Носились быстро вдоль дорог. И как все восхищались нами. . . То горло мне сожмет комок. И я наверное заплачу Что с бегом вместе нам не быть Ведь дело жизни что ты начал Сумел всем сердцем полюбить. Оно закончено. Виденье Далеких лет их долго ждать. . . Цените каждое мгновенье Пока Вы можете бежать 33,3,colloquial,Разговорный
Дана Уайт считает что Петр Ян победил 3 2. Хочет сделать бой Стерлинга с Диллашоу на послематчевой пресс конференции Судьи начудили мне показалось что 3 2 было в другую сторону Яна. Я не знаю как вы все подсчитали бой. Все упирается в то как считать 1 й раунд. Трилогия? Этот бой остается на повестке Петр Ян один из самых крутых бойцов этого дивизиона но скорее всего мы сделаем бой с Ти Джеем Стерлинга,3,colloquial,Разговорный
Мы вместе с Петром Petrtokenoid Южаковым напоминаем что голы ударом через себя это очень красиво,3,colloquial,Разговорный
Обидное чувство когда соревы в другом городе а у тебя нет денег чтобы туда поехать,3,colloquial,Разговорный
Наш русский красавец Даниил Медведев уже прилетел в Астану и готовится к началу турнира ️ tokentokenoid,3,colloquial,Разговорный
Продам Укажите что вы покупаете Укажите что вы продаете Привода Укажите что вы обмениваете Опишите свой товар М249 Para. Внутри поршень с металической гребенкой сайлент СА SHS 100x300 хоп СА мэдбул ствол гардер мотор гардер инфинити. 29900 Гранатомет GL 06. В комплекте гильза tag давно лежит нужно сменить резинки 5 выстрелов и подсумок на выбор хаки или емр. 16900 АК74 от LCT. Внутри поршень стальной гол поршня и цилиндр алюминий направляющая сталь подшипники. 16900 Новороссийск. С пересылом дружу Местонахождение Новороссийск Наличие пересыла. При наличии пересыла без ID на фото не публикуем Есть Цена 0 Евгений Синдецкий,3,colloquial,Разговорный
Покупаешь матрас с эффектом памяти Матрас А помнишь как в 2009 ом Челси возил Барсу рылом по газону Стэмфорда а этот лысый пидор не поставил 3 пенальти в ворота барсуков.,3,colloquial,Разговорный
Sensed дарит свой аккаунт рандом лайкнувший этот пост получит его ID писать в комментариях ️,3,colloquial,Разговорный
Регулярно бегал где то 3 года 3 недели назад попал в дтп переломы всякие. . самое ужасное для меня нога тоже. . раньше было иногда когда пропущу пробежку по какой то причине ломает всего как ломка какая то внутри почему пропустил? 33 33 но ничего думаешь себе завтра больше пробегу 33 наверстаю очень хочется побегать. . У кого было подобное напишите как вы выживали без тренировок? Виталий Терещенко rtokenoid бег спорт забег rtokenoid parkrtokenoid,3,colloquial,Разговорный
Кто из этих бойцов вам нравится больше Смотрели их бои?,3,colloquial,Разговорный
Селфи от сборной Европы вам в ленту photostokentokenoid,3,colloquial,Разговорный
WECnews Выпуск от 25. 04 План Б Memtokenoid WEC Порше в 2023 Ауди на Нюрбургринге Лижье в Ле Мане тренировка в Батерсте нового Хуракана топливо в Stokenoid GT В ближайшие выходные нас ожидает 2 этап GT Wortokenoid в Брэндс Хэтче и 4 этап IWSC на Лагуна Секе. Раздел Следующая гонка обновлен. Всем хорошей недели 33,3,colloquial,Разговорный
Федоров Показали тот уровень хоккея на который мы способны Главный тренер ЦСКА Сергей Федоров прокомментировал поражение в четвертом матче полуфинальной серии плей офф КХЛ со СКА 2 3 2 2. Поменять Григоренко с Абрамовым и вернуть Андронова? Принял ваши пожелания на заметку услышал вас. Показали тот уровень хоккея на который мы способны. Задача тренерского штаба проанализировать игру задача ребят быть готовыми к следующей тренировке матчу. У нас опытная команда многие ребята прошли огонь воду и медные трубы. Отдых займет какое то время постараемся доработать психологию где то успокоить ребят и вернуться в то русло где мы показываем хороший достойный хоккей который дает результат.,3,colloquial,Разговорный
Авангард может вернуть форварда Калинина из Трактора В Авангард может вернуться воспитанник омского хоккея. Омский клуб проявляет интерес в возвращении форварда Трактора Сергея Калинина. В то же время челябинская команда намерена сохранить нападающего в своем составе. Контракт игрока с Трактором рассчитан до 30 апреля. Калинин выступал за Авангард с сезона 2009 10 до сезона 2014 15. В этом сезоне 31 летний нападающий набрал 15 6 9 очков в 40 матчах регулярного чемпионата КХЛ.,3,colloquial,Разговорный
опроверг информацию о своих высказываниях Леалу Связующий итальянской Перуджи Драган Травица в своем инстаграме попытался объяснить недавно произошедшую ситуацию с Леалом. Напомним после завершения встречи и построения команд на трехметровых линиях для финального приветствия Леал продолжил начавшуюся ранее словесную перепалку со связующим Перуджи Драганом Травицей. Несмотря на сдерживание со стороны арбитров и партнеров по команде Леал добрался до соперника которого пнул ногой. Доигровщик Модены Эрвин Нгапет в своих социальных сетях опубликовал фотографии Травицы в подписями Предатель и Расист. Вся эта история неправда 33 Между мной и Леалом во время матча были обычные стычки на площадке. Нас поймали мы назвали друг друга придурками ничего больше и что либо другого не вышло ни из моих уст ни из его. В конце игры он подошел ко мне я подумал что он хочет что то уточнить а вместо этого был эпизод с пинком ногой который все видели. Затем появилась эта выдуманная история о расистских оскорблениях. С того момента мне каждую минуту пишут что я расист что я должен сесть в тюрьму и что я должен умереть Абсурд 33 Я абсолютно не расист и мне даже не нужно оправдывать то чего я никогда не делал. Я никогда не говорил Леалу абсолютно ничего что могло бы относиться к расизму это ко мне не относится и я хочу подчеркнуть это потому что это дискредитирует мое имя и сейчас этим пытаются оправдать тот пинок. Это очень плохо термин расизма очень деликатный вопрос нельзя сегодня просто так использовать его в ложном смысле. Если не будет выяснено что это ложь я обращусь в суд. Площадка это одно расизм и насилие тонкие и опасные вещи от которых я далек написал Драган в своем аккаунте. Поддержите сообщество tokentokenoid Сайт tokentokenoid Tetokenoid tokentokenoid Волейбольный чат Вконтакте tokentokenoid Tetokenoid tokentokenoid Tetokenoid каналы клубов tokentokenoid Спонсор сообщества tokentokenoid Волейбол Votokenoid ПляжныйВолейбол Пляжка НовостиВолейбола KeepTheBatokenoid ДержиМячВИгре ВолейболСМИ Первоисточник Волейбол Votokenoid,3,colloquial,Разговорный
Не думал что в других играх есть такие прикольные скины,3,colloquial,Разговорный
Хельмут Марко новый контракт с Ферстаппеном назвал сделкой века На днях команда Red Btokenoid продлила контракт с Максом Ферстаппеном до конца 2028 года. При этом действующий чемпион стал самым высокооплачиваемым голландским спортсменом. Спортивный консультант Red Btokenoid Хельмут Марко назвал новое соглашение сделкой века. По слухам в год Ферстаппен будет получать от 40 до 50 миллионов евро. Сам Марко не стал раскрывать подробности нового контракта. Хельмут Марко Я не буду спекулировать на цифрах. Я могу только сказать что обе стороны довольны. Срок действия контракта показывает насколько мы ценим Макса. Обычно Red Btokenoid не заключает сделки на такой долгий срок. Необычны не только такие длинные сделки но и огромная зарплата. Марко никогда не был сторонником столь исключительного поощрения пилотов. Но не только зарплата заставила Ферстаппена подписать контракт. Битва между Mertokenoid и Red Btokenoid еще больше укрепила связь между его командой и Ферстаппеном. В этом контракте обе стороны проявляют друг к другу уважение. Хельмут марко Не секрет что характер в Red Btokenoid это очень важное качество.,3,colloquial,Разговорный
Доброе утро. Все мы с нетерпением ожидаем конца рабочей недели и наступления выходных чтобы набраться сил и приятных впечатлений. Всем известно что отдыхать мы любим больше чем работать во всяком случае так обстоит дело у большинства. Мне нужны например выходные после выходных чтобы отдохнуть от выходных. А как Вы проводите конец недели?,3,colloquial,Разговорный
Кудерметова снялась с турнира в Чарлстоне Действующая чемпионка Вероника Кудерметова снялась с турнира в Чарлстоне. К сожалению я не вернусь в Чарлстон в этом году. У меня очень приятные воспоминания о прошлом сезоне когда я выиграла свой первый титул. Надеюсь мы увидимся в следующем году – написала Кудерметова в соцсетях.,3,colloquial,Разговорный
Пятничные новинки доступны для заказа. Проверьте свои дедуктивные навыки в Роковой Антарктике раскройте дело в быстром детективе Смерть в отражении исследуйте тайны Соноры и устройте лягушачьи бега в игре по Мандалорцу. Щелчковая игра Сонора позволит вам отправиться на исследование красочной пустыни в которой за каждым кактусом могут скрываться невероятные открытия. Отправляйте щелчками диски на поле и заполняйте личный планшет в зависимости от результата. Сектора поля используют разные игровые механики так что кроме ловкости в Соноре потребуется стратегия и расчет. На международной полярной станции совершено загадочное убийство в самом начале 2022 го года. Несчастный компьютерный инженер Мартин Мур обратился к вашему детективному агентству и похоже вы его последняя надежда на справедливость в кооперативном квесте с реалистичными уликами Роковая Антарктика В игре Смерть в отражении вашей команде сыщиков предстоит раскрыть дело о пропаже блистательной Даниэль Дав умудрившейся оставить подсказки о своей судьбе. Сможете ли вы собрать разрозненные клочки информации и изучить объемное место преступления пока жизнь мисс Дав висит на волоске? Грогу и лягушачьи бега это семейная настолка для 2 4 игроков от 5 лет. У нее простые правила которые тем не менее оставляют достаточно большой простор для решений и даже блефа. Задача игроков оставить на поле как можно больше лягушек своего цвета желательно скормив конкурентов Грогу при этом конкретный цвет каждого игрока остается в тайне Новинки Hotokenoid Детективные Истории ДетективныеХроники Мандалорец,3,colloquial,Разговорный
Клэй неплохо оторвался на чемпионском параде. Хайлайты Томпсона,3,colloquial,Разговорный
Кто то говорит что спортсмены лишены всех радостей жизни. Это не так мы намного счастливее чем вы думаете 33 Вам никогда не почувствовать что чувствуем мы. Всю радость побед и горечь поражений 33 Кайф от тренировок и бешеный стук сердца на последних секундах матча при равном счете чувство гордости за свою команду 33 Счастье когда тренер улыбается и хвалит 33 Это чувство удовлетворенности когда ты приходишь после тренировки и просто ложишься спать не думая не о чем. Мы – самые счастливые люди на свете потому что знаем цену этого счастья 33,3,colloquial,Разговорный
Чжен Цинвень Я помню как сидела перед телевизором и смотрела игру Федерера будучи ребенком наслаждаясь каждым его ударом каждым действием которые вдохновляли и вдохновляли меня. Я думаю что в этом мире есть такие люди они только взрослеют и никогда не стареют поэтому в любой момент могут стать неповторимым светом в этом мире. Федерер символ эпохи его появление на корте делает теннис элегантным и обаятельным что заставляет меня с нетерпением ждать тенниса. Он привнес в теннис столько захватывающих моментов которые не просто попали на камеру но навсегда останутся в сердцах болельщиков по всему миру. Жаль что я только наблюдала за Федерером в прямом эфире и еще не была в туре чтобы насладиться его игрой вживую. Я думала что у меня еще есть шанс но я не ожидала что время действительно никого не ждет и эпоха закончилась вот так. Спасибо Федереру за все что он привносит в теннис. Дань уважения Федереру основателю эпохи,3,colloquial,Разговорный
За кроссовками в Баскетбольный магазин Ghetto Basket Shop Консультация tokenoidtokenoid Стрельский,3,colloquial,Разговорный
Тэйлор Фриц поделился снимками из своего мини путешествия в Швейцарию photostokentokenoid Frtokenoid,3,colloquial,Разговорный
Джарретт Аллен не будет делать операцию на сломанном среднем пальце левой руки. Дата его возвращения все еще не известна но в Кливленде надеются что он сможет принять участие в заключительных матчах регулярного чемпионата. Возможно что новая информация о его состоянии поступит уже на следующей неделе. Cavs Btokenoid NBA,3,colloquial,Разговорный
️КОНТРАКТ ️ Авангард и Адмирал произвели обмен дальневосточники получили нападающего Александра Горшкова омичи – денежную компенсацию. Прошлый сезон Горшков провел в составе Амура сыграл 47 матчей и набрал 25 12 13 очков. Александр Никишин подписал новый контракт со СКА рассчитанный на три года.,3,colloquial,Разговорный
Феде Вальверде одержал 100 побед в составе Реала. Наш бриллиант,3,colloquial,Разговорный
Александр Костылев про инцидент с Некоглаем Почему в этом мире появляются двуликие уебаны которые обманывают людей и почему я читаю о них новости а потом говорю про них? Как люди могли так деградировать? Для тех кто не понимает о чем идет речь объясним. 06. 02. 2022 на yotokenoid канале ЛШПТ автором которого является twtokenoid стример mokrtokenoid вышло разоблачение стримера Nekogtokenoid в котором раскрылось что бОльшая часть зрителей Николая боты а сам Николай угрожает автору видео. Больше информации можете узнать посмотрев сам видеоролик. Ссылку не оставляем т. к. это не реклама 33,3,colloquial,Разговорный
Защитник сборной России и баскетбольного клуба Зенит Дмитрий Кулагин дисквалифицирован на 3 месяца за нарушение антидопинговых правил. Игрок получил дисквалификацию по двум пунктам 4. 1 наличие запрещенной субстанции или ее метаболитов или маркеров в пробе взятой у спортсмена и 4. 2 использование или попытка использования спортсменом запрещенной субстанции или запрещенного метода. 3 июля стало известно что Дмитрий подписал с клубом новый контракт на 2 года. Срок его дисквалификации будет отсчитываться с 24 июня. В сезоне 2021 2022 30 летний спортсмен в среднем набирал 7 2 очка 2 0 подборов и 3 4 передачи за 20 игровых минут. А также вместе с Зенитом он стал победителем Единой лиги ВТБ.,3,colloquial,Разговорный
Интервью после SharePratokenoid. 7 7 Цикл публикаций хотелось бы завершить не совсем интервью после тренировки Юдзуру записал от руки несколько девизов и посланий некоторые из которых вы уже видели. И вот – два оставшихся 33 ytokenoid 羽生結弦 team hanyu SharePratokenoid HANYUYUZURU tokenoid,3,colloquial,Разговорный
Посредством использования волшебства мы поведаем вам об устройстве страйкбольного привода. Коснемся темы механизма его работы и тюнинга.,3,colloquial,Разговорный
Мика Хаккинен бывший гонщик Формулы 1 и двукратный чемпион мира согласен с Максом Ферстаппеном который сказал что выиграть Гран При Нидерландов было не так просто. . .,3,colloquial,Разговорный
Кубок Губернатора Челябинской области 2022 Расписание турнира. 24 27 августа Челябинск Россия Участники Трактор Челябинск Автомобилист Екатеринбург Металлург Магнитогорск Барыс Нур Султан,3,colloquial,Разговорный
Дорогие друзья 33 Мы от всей души благодарим вас за участие в этой по настоящему невероятной гонке 33 Команда Rtokenoid впервые проводила старт в Геленджике и мы хотим сказать большое спасибо всем участникам волонтерам городским властям и службам за то что Whtokenoid Brtokenoid Utokenoid Getokenoid получился таким ярким 33 Напоминаем что претензии по результатам мы принимаем на почту tokentokenoid в течение недели. Благодарим вас и надеемся на скорую встречу 33 ️ Да пребудет с вами Сила 33,3,colloquial,Разговорный
Золото 2018 года было как будто бы только вчера и герои той Олимпиады в представлении не нуждаются. Но до этого последний раз мы брали золото в далеком 1992 как Объединенная команда уже не СССР но еще и не Россия Вспоминаем кто добыл то золото и как сложились судьбы героев Олимпийского турнира,3,colloquial,Разговорный
Чейл Соннен считает что Магомед Анкалаев не позволил Яну Блаховичу получить титульный бой. ️ Анкалаев был частью сделки по поводу возможного поединка с Прохазкой но в итоге самоустранился. Однако когда он уходил то захватил с собой еще и Яна Блаховича бросив ему вызов в тот момент когда все искали бой с Прохазкой. Так что можно сказать что Анкалаев публично самоустранился от боя за титул. Как только он вызвал Блаховича то лишился шанса на титульный бой но в итоге еще и потащил за собой Яна приводит слова Соннена Sportskeetokenoid. MMADA. NET,3,colloquial,Разговорный
Пол Пирс в качестве одного из подарков на день рождения получил торт на котором изображена его фотография со стриптизершой Идеальные друзья идеальный подарок. фотоtokentokenoid,3,colloquial,Разговорный
MotoGP у Марка Маркеса вернулась проблема с раздвоение зрения Марк Маркес пропустил последние два этапа MotoGP 2021 года из за диплопии – проблема в виде раздвоения зрения вернулась к 8 кратному после жесткого падения во время эндуро тренировки. Впервые проблема возникла еще в 2011 году когда он участвовал в Moto2. К несчастью врачи диагностировали новый эпизод диплопии после страшного позавчерашнего хайсайда во время разминки ГП Индонезии. Марк Маркес Похоже я испытываю дежавю Во время возвращения в Испанию почувствовал дискомфорт в глазах. Мы решили навестить доктора и он подтвердил что у меня новый эпизод диплопии. К счастью это менее тяжелый случай чем травма которую я получил в конце прошлого года. Но сейчас нужно отдохнуть и подождать чтобы увидеть как будет развивается травма. На следующей неделе Марк пройдет новый осмотр чтобы оценить прогресс. Испанец почти наверняка пропустит этапы в Аргентине и Остине а вместе с этим улетучивается и надежда на завоевание титула в 2022 году. В принципе тяжело представить как Маркес вернется в былую форму когда любое падение может привести к таким серьезным последствиям. Желаем ему здоровья и скорейшего выздоровления 33,3,colloquial,Разговорный
Дорогие друзья по причине закрытие парковки рубин 2 переносим сбор не далеко от него парковка дисамбар так же в 21 00,3,colloquial,Разговорный
Был такой анекдот человек приходит к врачу. У него депрессия. Говорит жизнь жестока и несправедлива. Говорит не понимает смысл фильмов и ему приходится смотреть видео ЧБУ. Врач говорит Лекарство очень простое. Сегодня в кинотеатре Октябрь выступает великий кинокритик Антон Долин. Сходите посмотрите на него. Это вам поможет. Человек разражается слезами. И говорит Но доктор я и есть Антон Долин.,3,colloquial,Разговорный
Капитан Ctokenoid Владислав nafany Горшков обратился к фанатам 33 Желаем приятного отдыха надеемся что после отпуска Владислав вместе со своей командой смогут показать свой максимум в этом году 33,3,colloquial,Разговорный
Фанаты Аталанты вывесили баннер в честь дружбы Руслана Малиновского и Антона Миранчука,3,colloquial,Разговорный
ТОВАРЫ В НАЛИЧИИ В BASKETBALL GIF Мячи Размер 7 Лонгсливы Размеры уточнять Комплекты Брюки на заклепках Шорты По вопросам заказа Пишите tokentokenoid,3,colloquial,Разговорный
Локомотив принял решение закрыть часть академии. Тренеров ждут сокращения По информации СЭ руководство Локомотива закроет перовское отделение академии. Тренировочная база этого отделения была закрыта на реконструкцию дети временно занимались в Черкизово. Однако по нашим данным реконструкция перовского отделения заморожена. Что будет с инфраструктурой непонятно. Тренеров академии ждут сокращения.,3,colloquial,Разговорный
Кто ваш комфорт персонаж и почему? Стала понимать что мой комфорт персонаж Сюэ Ян. Он внушает мне чувство безопасности? ? ? ? ? и спокойствия. Наверное что то в духе того что хуже уже не будет. В странниках думаю между Е Байи и Се Ваном дорамными разумеется.,3,colloquial,Разговорный
СЧАСТЛИВЫЕ ЧАСЫ Доброго бодрящего утра 33 Спешим напомнить нашим посетителям о классной акции 33 Каждый желающий может посетить наш Батут парк Ангар по сниженному тарифу с 10 00 по 14 00 33 Занимайся паркуром и батутным фристайлом в Батут парке Ангар 33 Ангар Иркутск Ангар интересное Просто тренируйся Иркутск Досуг Спорт Экстрим Паркур,3,colloquial,Разговорный
Прямая трансляция матча Локомотив – Урал Смотрите игру в здесь ⤵️,3,colloquial,Разговорный
️ Чешка Линда Носкова обыграла француженку Ализе Корне со счетом 7 5 1 6 7 6 8 и вышла в четвертьфинал на турнире серии WTA 250 в Праге. ️ Далее она сыграет с Нао Хибино.,3,colloquial,Разговорный
Окончен очередной сезон Британского Туринга где в ожесточенной борьбе свой первый и долгожданный титул взял Том Инграм. Первый сезон где применялись гибриды можно считать успешным. Никак внедрение гибридов не ухудшило зрелищность этих кузовных гонок. BTCC Ratokenoid Totokenoid,3,colloquial,Разговорный
Сквозь огонь и воду сквозь море слез боль и горе. . . . . Следуй за мечтою бегом пешком ползком но не стоя,3,colloquial,Разговорный
Для всех кто не разъехался на майские устраиваем огненный розыгрыш 2 слотов на участие в Казань Комус FEST. Правила простые Всего 2 простых шага и вы в игре Подпишитесь на Комус. Мы за спортивный образ жизни 33 Поставьте лайк и комментарий к этой записи 5 мая апреля узнаем имена счастливчиков которым достанутся слоты для участия в Казань Комус Fest Пооогнали 33 komtokenoid komtokenoid,3,colloquial,Разговорный
Юлиан Нагельсманн Роберт провел восемь выдающихся лет в Баварии. Заменить его большая проблема. Но сейчас меня это не сильно беспокоит так как у нас хорошо подготовленная атака и я все еще избалован выбором.,3,colloquial,Разговорный
Качаем ноги со своим весом ‍ rtokenoid rtokenoid бег качаемноги тренировка деньног накачатьноги,3,colloquial,Разговорный
MotoAmertokenoid новый Trtokenoid Speed Trtokenoid RS 765 выиграл сенсационно близкую гонку Daytona 200 Вступление в класс Stokenoid мотоциклов с 2 и 3 цилиндровыми двигателями объемом более 675 куб. см. несет прямую и явную угрозу завсегдатаям подиумов по всему миру 80 е издание ежегодной гонки Daytona 200 выиграно пилотом Trtokenoid 33 Но тройку призеров разделили. . . 0. 057 секунды 33 Брендон Паасх из TOBC Ratokenoid одержал победу в Дайтоне он выступал на подготовленном к гонкам мотоцикле Trtokenoid Speed Trtokenoid RS 765 который также является претендентом на омологацию для Wortokenoid Stokenoid в 2022 году. Это мотоцикл 3 цилиндровый двигатель которого стал базовым для чемпионата мира по Мото Гран При в классе Moto2. Trtokenoid должен был представить к этому году серийный суперспорт Daytona 765R с этим мотором но пустить его в серию так и не удалось и тогда завод решил омологировать дорожный байк к которому поставляются Ratokenoid Ktokenoid′ы включающие полный комплект обвеса. Брендон вступил в заводскую команду Dynavotokenoid Trtokenoid Fatokenoid в Brtokenoid Stokenoid в 2021 году но в Wortokenoid Stokenoid в 2022 завод будут представлять Ханс Зоомер и Стефано Манци. А Брендона определили защищать цвета британского флага в команду TOBC Ratokenoid. Учитывая что Trtokenoid Daytona 765R так и не стал серийным для гонок в Америке омологировали Speed Trtokenoid. Вот на таком RS 765 Паасаху и удалось обойти ветеранов Дайтоны выступавших на Yamaha R6. Главная схватка разыгралась на самом последнем круге и завершилась синхронным выходом из последнего поворота к финишной черте где четыре мотоцикл оказались практически одновременно. После рассмотрения видео и фотофиниша Дирекция Паасха победителем второе место с отставанием всего в 0. 007 секунды у пилота официально поддерживаемой заводом команды Attatokenoid Performantokenoid Yamaha Камерона Петерсена бронзу забрал южноафриканский гонщик Шеридан Мораис из Syntantokenoid Ratokenoid которому не хватило 0. 057. Наконец Джош Хайес которого Дирекция после квалификации переместила на последнюю позицию стартовой решетке за обнаруженный в охлаждающей системе антифриз совершил невероятный прорыв на 4 е место и тоже на Yamaha R6. Хайес пересек линию финиша всего через 0. 1 секунды после Trtokenoid но этого было достаточно чтобы не попасть в призовую тройку. В пятерке оказался представитель Stokenoid Ричи Эскаланд а ТОП 6 замкнул второй пилот TOBC Ratokenoid Денни Эслик соответственно тоже на мотоцикле Trtokenoid. Поул ситтер Daytona 200 Джош Геррин выигравший квалификацию на Dtokenoid Pantokenoid V2 финишировал 10 м почти в полутора минутах позади победителя.,3,colloquial,Разговорный
В Омске 18 20 февраля пройдут Всероссийские соревнования по легкой атлетике Кубок ЗМС Татьяны Зеленцовой. В стартах примет участие 665 атлетов младшего среднего и старшего возрастов. Онлайн табло,3,colloquial,Разговорный
ДЕНЬ ИГРЫ ‼ Баскетбол возвращается 33 Первая предсезонная игра Чикаго состоится уже через несколько часов. В соперниках Зайон и его Пеликанс начало матча в 04 30 по мск. newstokentokenoid Chtokenoid Btokenoid ЧикагоБуллс Буллс NBA,3,colloquial,Разговорный
ХУРКАЧ ВЫШЕЛ В ФИНАЛ OBN MONTREAL Поляк Хуберт Хуркач пробился в финал турнира в Монреале переиграв норвежца Каспера Рууда 5 7 6 3 6 2. За трофей Хуберт поспорит либо с Пабло Карреньо Бустой либо с Дэном Эвансом. newstokentokenoid Htokenoid,3,colloquial,Разговорный
️Нападающий Металлурга Филлип Майе ждет предложения из НХЛ ️ Если предложение не поступит игрок подпишет новый контракт с Металлургом.,3,colloquial,Разговорный
Раздача скинов на Виктора Хрома 33 Стань подписчиком AHaHaCtokenoid Лайкни ИЛИ поделись постом 33 ‍ А 18 августа случайным образом определим 5 победителей которые утащат по образу Ковбой Виктор.,3,colloquial,Разговорный
Знает кто владельца этого красавца страничку мб Инстаграм?,3,colloquial,Разговорный
Говорят что неудачи делают нас сильнее но трудно дышать когда в тебя никто не верит,3,colloquial,Разговорный
Подопечные Эдуарда Мермана побеждают в Ханты Мансийске 33,3,colloquial,Разговорный
FF325 STROBE данная модель имеет все преимущества модели SNOW. ⠀ Модуляр идет в комплекте с балаклавой и дополнительной плотно прилегающей маской отсекателем и двойным визором с системой Ptokenoid Аэродинамическая форма создает ощущение комфорта и обеспечивает хорошую звукоизоляцию. Элементы подкладки вырезаются лазером для обеспечения идеального сопряжения. Внутренний высококачественный материал приятно облегает голову и поддерживает ее в правильном положении. Визор изготовлен из оптически правильного поликарбоната А класса. Это высококачественный полимер космической эры с высокой стойкостью к внешним воздействиям позволяет исключить искажения и обеспечивает максимальную четкость. Особое внимание уделено материалам и форме оболочки. Это является ключевым фактором обеспечивающим идеальную подгонку шлема и минимизацию последствий возможного удара. Шлем оснащен системой вентиляции с передними воздухозаборниками и задними экстракторами. Регулируемые вентиляционные отверстия позволяют настроить постоянный легкий поток воздуха для обеспечения максимального комфорта. Вес шлема 1650 грамм. ⠀ Снегоходный шлем модуляр с электростеклом LS2 FF325 Strotokenoid Etokenoid Snow Ctokenoid бело черный Цена 22 990 руб. ⠀⠀ Наш сайт интернет магазина tokentokenoid ⠀ Оформи заказ по телефону 7 800 555 34 96 ⠀ ftokenoid мотоэкипировка ftokenoid motoektokenoid motoektokenoid motoektokenoid байкер защита мотошлем шлем мотоцикл,3,colloquial,Разговорный
ТиДжей Диллашоу ответил Стерлингу на обвинения в употреблении стероидов Ему нужно говорить хоть что то чтобы приуменьшить то насколько я хорош – сказал Диллашоу в интервью MMA Jtokenoid. – Уже скоро через 10 недель я надеру ему зад. Ему нужно приготовить оправдания почему я победил. Меня это не волнует. Это просто куча лживых отговорок заготовленных на день когда я его побью. Он скажет Вот я же говорил 33. MMADA. NET,3,colloquial,Разговорный
Элина Свитолина и Гаэль Монфис на тренировке в Индиан Уэллсе. ‍ ‍,3,colloquial,Разговорный
Всем доброго дня. Я пересел с Bmx на подвес но подвеска со мной дружить не хочет. Поэтому хочу задать пару вопросов. 1. У меня амортизатор Fox RP2 как на нем регулировать отскок куда крутить и что дергать? Как регулировать я знаю но там кроме крутилки есть рычажок. 2. У меня вилка Rotokenoid Shox Retokenoid tokenoid atokenoid 120mm в ней два нипеля для воздуха куда качать воздух? В один или в оба? 3. Что за регулировка на последнем фото? 4. Можно ли накачивать амортизатор и вилку компрессором?,3,colloquial,Разговорный
Ислам Махачев Сейчас у нас с Хабибом разница в весе больше 10 кг. С ним тяжело бороться Махачев рассказал о подготовке к бою за вакантный титул в легком весе с Чарльзом Оливейрой. Когда в последний раз вы проводили схватки с Хабибом и насколько у вас сейчас большая разница в весе и в силе? Совсем недавно. Разница в весе наверное больше 10 кг. Тяжело с ним бороться. Но отработки какие то новые моменты он постоянно показывает. В начале лагеря много чего давал. Он будет в углу? Да будут Хабиб и Хавьер Мендес. Посмотрим кто еще. Если Хабиб в углу это 10 к борьбе к ударке к тактике. Вы говорили нам что ваш отец не погружен в спорт очень серьезно и занимается сельским хозяйством. Приедет ли он на этот бой в Абу Даби? Нет отец не приедет. Он обычно не приезжает и я бы сам не хотел чтобы он приезжал потому что это чуть чуть отвлекает потому что тогда ты должен беспокоиться о том чтобы у него все было хорошо. А так много людей приедет. У нас здесь большая команда уже сейчас больше 20 человек.,3,colloquial,Разговорный
Через 15 минут стартует очередной матч регулярного чемпионата НХЛ между Торонто и Бостоном Прямой эфир с комментариями Александра Кумарина,3,colloquial,Разговорный
Спартаку нужно менять 75 состава. Зачем привозить легионеров которые не сильнее наших футболистов? Покупают Хендрикса и Кофрие а Зенит игроков сборной Бразилии Ловрена. Почувствуйте разницу ️ Евгений Ловчев,3,colloquial,Разговорный
Ребят привет подскажите какая тренировка будет результативней для начищающего Вариант 1 3 раза в неделю 5 км легкий темп на низком пульсе. 10 км легкий темп на низком пульсе 5 км интенсивно на результат Вариант 2 3 раза в неделю По 10 км. Вариант 3 Через день по 5 10 км Я придерживаюсь пока 1 ого варианта. А как вы тренируетесь? Спасибо 33 Светлана Борисова rtokenoid. . . . . бег спорт забег зож пробежка темп тренировочныйПлан rtokenoid,3,colloquial,Разговорный
Доброе утро шахматисты. Как начнем партию 1. Е4 или 1. D4?,3,colloquial,Разговорный
Подрезал формат и сделал его баскетбольным Смотреть тут,3,colloquial,Разговорный
news LampPost warhammer mertokenoid Если не запостил новости о джойтой то считай день зря прошел. В первую очередь небольшой сникпик Гарадона и дредноута имперских кулаков от джойтой за которыми притаился багги примарисов. Во вторых появилась информация что теперь джойтой будет снабжать наборы двумя сменными головами шлемами карланов в частности.,3,colloquial,Разговорный
В CSGO вышел новый кейс Dreams Ntokenoid все скины в нем это работы коммьюнити,3,colloquial,Разговорный
Новые фото и видео с тренировок в клубе Ptokenoid Romano,3,colloquial,Разговорный
У кого правильная работа рук? Ваше мнение в коммент. . . rtokenoid rtokenoid бег легкаяАтлетика спорт забег марафонец бегуны,3,colloquial,Разговорный
ОСТАЛОСЬ ВСЕГО 5 ДНЕЙ 33 33 33 PMGC2021 накаляется и все команды проводят последние приготовления 33 33 33 Гранд финалы 21 23 января 2022 года в пятницу субботу и воскресенье Смотрите PMGC2021 ТОЛЬКО на нашем официальном Yotokenoid канале PUBGMOBILE PMGC PMGC2021 NEXTTOGLORY,3,colloquial,Разговорный
День матча 33 1 8 плей офф. Первая игра серии Кубок Петрова Югра – Барс 17 00,3,colloquial,Разговорный
13￼Акинфееву в первой трети тайма можно было вообще на поле не выходить. Ни разу Игоря не показали еще не говоря о том чтобы он мяч потрогал.,3,colloquial,Разговорный
Гус Хиддинк Антонио Конте Маурицио Сарри Фрэнк Лэмпард Томас Тухель Ни один из пяти предыдущих тренеров Челси не проигрывал три матча Премьер лиги подряд. . . Грэм Поттер справился с этим после восьми матчей во главе команды,3,colloquial,Разговорный
С днем рождения поздравляем Романа Лахбаума 33 Speetokenoid HappyBtokenoid Желаем с каждым днем развивать себя как личность как чемпиона спорта Пусть будут силы и всегда позволяет здоровье покорять вершины успеха и призовые места Пусть в стремлении к мечтам и счастью помогает удача и любовь родных,3,colloquial,Разговорный
Кто выиграл Чемпионство AEW на Dynamtokenoid Grand Stokenoid Прошедшее шоу AEW Dynamtokenoid Grand Stokenoid завершал финальный матч турнира за Чемпионство AEW. После примерно 20 минутной борьбы победу одержал Джон Моксли заперевший Брайана Дэниелсона в слипере и пресекший все попытки реверсировать. Моксли таким образом стал трехкратным Чемпионом. новости AEW JonMoxtokenoid,3,colloquial,Разговорный
Друзья у нас радостные новости 33 Объявляем дополнительный набор в 3 и 4 классы Совята Онлайн Центр семейного обучения 33 Занятия проходят 3 раза в неделю по 3 урока в малых группах 6 человек в классе. Подать заявку на обучение можно по электронному адресу или в Директ 3 класс 3 места 4 класс 1 место Ждем вас в нашей школе 33 tokentokenoid,3,colloquial,Разговорный
Прямые трансляции волейбольных матчей на сегодня 17 августа Мужчины. Всероссийская Спартакиада. Пятый игровой день. Расписание 16 00 Новосибирская обл – Санкт Петербург 16 00 ХМАО Югра – Республика Татарстан 19 00 Кемеровская обл – Москва 19 00 Ленинградская обл – Белгородская обл Женщины. Всероссийская Спартакиада. Первый игровой день. Расписание 16 00 Саратовская обл. Свердловская обл. 17 00 Москва ФТ Сириус 19 00 Республика Татарстан Тульская обл. 20 00 Калининградская обл. Санкт Петербург Время начала всех матчей указано московское.,3,colloquial,Разговорный
Хотите получать деньги просто так? Вам карту в руки Ttokenoid Btokenoid 33 Оформите за 5 минут доставим на дом,3,colloquial,Разговорный
Fortokenoid Tornatokenoid Atokenoid обеспечивает наилучшую защиту от экстремальных погодных условий. ⠀ Подшлемник обладает ветрозащитными теплосберегающими антибактериальными свойствами а так же малым весом и способностью очень быстро сохнуть. ПТермобелье сохраняет комфортную среду даже когда оно мокрое 33 ПНовая модель обладает свежим современным дизайном и лучшей посадкой. ППодшлемник разработан из антиалергенного материала не вызывающего дискомфорта при взаимодействии с кожей. ППористая трубчатая структура термоволокна способна удерживать в своей структуре небольшие объемы воздуха тем самым препятствуя быстрому охлаждению поверхности тела это не создает эффект теплицы в результате вы получаете теплую среду при комфортной вентиляции. ПThermotokenoid ® на 50 лучше хлопка сохраняет тепло и на 20 лучше других термоматериалов. ПТкань антибактериальна. ПБесшовный крой исключает неудобств в местах плотного прилегания шлема. ⠀ Термобелье подшлемник Fortokenoid Tornatokenoid Atokenoid Цена 1 300 руб. ⠀⠀ Наш сайт интернет магазина tokentokenoid ⠀ Оформи заказ по телефону 7 800 555 34 96 ⠀ ftokenoid мотоэкипировка ftokenoid motoektokenoid motoektokenoid motoektokenoid байкер защита мотошлем шлем мотоцикл,3,colloquial,Разговорный
Арконтан и tokenoidtokenoid Лефлер Песня о Великой Ассе Добра со злом на планете Земля. Она идет прямо сейчас. . . . . мы живем во времена Апокалипсиса. Просыпайтесь вставайте на решающую Битву 33 Делитесь с друзьями подписывайтесь на tokenoidtokenoid,3,colloquial,Разговорный
ТОПОВЫЕ БАСКЕТБОЛЬНЫЕ ТОВАРЫ. . . 1 Супер расцветки баскетбольных джерси 2 Супер низкие цены 3 Супер качество 33 ЗАХОДИ tokenoidtokenoid tokenoidtokenoid,3,colloquial,Разговорный
Стартовый протокол на 1 й день первенства Екатеринбурга U 14,3,colloquial,Разговорный
Чемпион Европы Михаил Тсамалидис готовится к чемпионату мира ЭТОТ БОЕЦ ПЕРЕБЬЁТ ВСЕ БЕГУНКОВ 33,3,colloquial,Разговорный
MotoGP А. Эспаргаро Мы усердно работали ради этого Алейш Эспаргаро побывал на подиуме в третий раз за сезон 2022 финишировав третьим в гонке MotoGP ГП Испании. Тем самым пилот Aprtokenoid лишил завод из Ноале прав на концессии. Это лишний раз демонстрирует отличный уровень RS GP 2022. Итальянский байк демонстрирует себя конкурентоспособный на всех треках и позволяет испанцу биться за чемпионство. Спустя 6 гонок Алейш уступает всего 7 очков лидеру Фабио Квартараро. AE41 Мы усердно работали ради того чтобы биться за такие результаты. Мой старт был разочаровывающим. После обгона Накагами я был зол потому что застрял за Марком и Джеком. Они были очень сильны на торможениях обогнать их было невозможно. Было сложно потому что я знаю что мой темп лучше они тормозили меня особенно в средней части поворотов. Я наблюдал за тем как отрываются Пекко и Фабио и не мог ничего поделать. Попробуй я обогнать Марка задел бы его и мы в итоге оба упали бы. Так что решил занять выжидательную позицию. Я знал что рано или поздно они ошибутся. Обогнал их обоих за 5 кругов до конца и начал демонстрировать отличный темп быстро оторвавшись от них. Если бы не застрял за ними может и не бился бы за победу но был бы по крайней мере ближе – это точно. Спустя шесть гонок я всего в семи очках позади Фабио в чемпионате. Побороться за титул будет тяжело но стабильность может стать ключом к успехи. Пока что мы отлично справляемся. Буду стараться атаковать и давить на Фабио а также остальных гонщиков.,3,colloquial,Разговорный
Один матч второй игровой недели Лиги наций отменен Все началось с нескольких случаев COVID 19 в женской сборной Таиланда на второй игровой неделе им разрешили заменить этих игроков чтобы участвовать в соревнованиях в Кесон Сити Филиппины а затем это продолжилось болезнью главного тренера мужской национальной сборной Италии Де Джорджи и его помощника Капонери оба находились на карантине в Оттаве Канада прежде чем вернуться домой. Оба эксперта выбыли на вторую неделю. Теперь появилась информация о том что игра в которой должны были участвовать Франция и Китай и которая должна была состояться в Кесон Сити была отменена из за нескольких случаев коронавируса в азиатской команде. ФИВБ присудила победу олимпийским чемпионам со счетом 3 0. Посмотрим является ли это только началом заражения команд и отмены матчей с акцентом на азиатский этап учитывая что восточный и юго восточный регионы континента в настоящее время являются горячей точкой вируса. Сайт tokentokenoid Tetokenoid tokentokenoid Товары для волейбола tokentokenoid Поддержите сообщество tokentokenoid Волейбольный чат Вконтакте tokentokenoid Tetokenoid tokentokenoid Tetokenoid каналы клубов tokentokenoid Волейбол Votokenoid ПляжныйВолейбол Пляжка ВолейболНовости ВолейболРоссии ДержиМячВИгре,3,colloquial,Разговорный
Скачай в ВК лист персонажа для настольной ролевой игры с помощью нашего чатбота 33 Просто зайди в сообщения группы и введи команду Лист персонажа. Чатбот может поделиться пустым бланком и готовыми героями для Cytokenoid Red Dtokenoid Dragons Genesys Pathftokenoid 1 и 2 ред. Shatokenoid Starftokenoid Warhammer Fantasy Rotokenoid Ведьмака Легенды пяти колец Дюны и Зова Ктулху. Играй удобно нри,3,colloquial,Разговорный
Уважаемые Атлеты 33 Вы знаете как внимательно мы относимся к стартовым пакетам и той экипировке на которую наносим логотип наших соревнований. Видя Атлета в футболке GRUT мы понимаем это наш человек 33 Планируя GRUT этого года мы разместили заказ на фирменные футболки у компании Compressport. Мы не можем выполнить свои обязательства и выдать уже оплаченные футболки Compressport. Но и GRUT не может остаться без фирменной экипировки. Как настоящие трейлраннеры мы постарались найти выход. Новый заказ на производство размещен у российского бренда спортивной одежды GRI. Вы можете получить футболку GRI взамен Compressport или вернуть деньги. На наш взгляд дизайн и качество фирменной футболки в этом году стало еще круче. В этом случае мы сможем и дальше узнавать своих Атлетов на пробежках и других забегах. Всегда ваши RHR Gotokenoid Фото Алексей Цыганков Модели Иван Алырчиков и Александра Бородинова,3,colloquial,Разговорный
Просто напоминаю что на последних двух тир 2 турнирах MOUZ заняла предпоследнее место. Сейчас наша команда находится в лучшем положении. . .,3,colloquial,Разговорный
Теперь ты можешь играть без скачивания и без лагов даже в браузере 33 Например погонять в Cytokenoid 2077 Metro Ведьмак 3 RUST Fortntokenoid CS GO Wortokenoid of Tanks Batttokenoid Far Cry 6 на своем стареньком компе слабом ноуте макбуке айфоне или андроиде. Попробуй бесплатно. Получить кайф,3,colloquial,Разговорный
Неужели они успеют? Кравитц озадачен переходом Алонсо в Aston Marttokenoid Эксперт Sky Тед Кравитц озадачен переходом Фернандо Алонсо в Aston Marttokenoid. Британец не уверен что команда из Сильверстоуна доберется до лидеров за такой короткий срок. Это стандартный карьерный ход Фернандо Алонсо – он делает ставку на заметное улучшение команды в течение трех лет – сказал Кравиц в эфире Sky Sports. – Но знаете что меня озадачило в этой ситуации? Что в лучшем случае Aston Marttokenoid потребуется три года чтобы начать выигрывать гонки и бороться за чемпионство. К этому моменту Фернандо будет 44 года. Он в отличной форме и он погружен в Ф1 как и всегда. Перерыв в 2019 и 2020 годах освежил его и он не выдыхается как Себастьян Феттель. Но серьезно? Значит ли это что Atokenoid никогда и не рассчитывала на серьезный прогресс? Или он просто ищет еще одну команду чтобы посмотреть на что он способен? Другой вызов? Все это немного странно. Мне показалось интересным что в пресс релизе Лоуренс Стролл сказал что Фернандо – убежденный победитель как и я. Я думаю что эти два альфа самца если они будут продуктивно работать вместе смогут продвинуть команду вперед. Поклонники Алонсо будут опасаться что если что то пойдет не так как он хочет там будут два потенциально вспыльчивых персонажа противостоящих друг другу. Но я не вижу причин по которым они будут ругаться вместо того чтобы двигаться вперед.,3,colloquial,Разговорный
Тренер Словении о сборной Украины по волейболу это российская школа Помощник главного тренера сборной Словении по волейболу Зоран Кедачич высказался о сборной Украины в преддверии их матча в рамках четвертьфинала чемпионата мира по волейболу который проходит с 26 августа по 11 сентября в городах Польши и Словении. Они культивируют жесткий стиль игры. Это российская школа волейбола. Они не дотягивают до россиян в росте но у них очень хорошие прыжки. У них есть два неудобных волейболиста. Оба – высокого уровня быстрые с быстрой левой рукой и за этим надо следить. Задачей словенцев будет заставить украинцев совершать ошибки приводит слова Кедачича Stokenoid. В 1 8 финала сборная Словении обыграла сборную Германии. Украина в свою очередь обыграла сборную Нидерландов и впервые в истории сыграет в четвертьфинале ЧМ. Сайт tokentokenoid Трансляции ВФВ tokentokenoid Товары для волейбола tokentokenoid Поддержать tokentokenoid Tetokenoid tokentokenoid Яндекс Дзен tokentokenoid Yotokenoid tokentokenoid Волейбольные чаты tokentokenoid Tetokenoid каналы клубов tokentokenoid ВолейболРоссии ВолейболНовости ДержиМячВИгре Волейбол Votokenoid ПляжныйВолейбол Пляжка Votokenoid Beatokenoid,3,colloquial,Разговорный
24. 08. 2022 Кубок Губернатора Челябинской Области Трактор vs Металлург Начало матча в 19 00 Трансляции ОТВ КХЛ и КХЛ Prtokenoid Домашний матч спустя 4 месяца УральскоеДерби,3,colloquial,Разговорный
Тренер СШОР Самотлор мастер спорта Александр Платонов приехав в отпуск в Читу встретился со своим первым тренером Александром Хурепаевичем Тангыт оолом. Благодарный ученик вручил своему наставнику символику Самотлора и юбилейную книгу нижневартовского клуба в котором Александр провел лучшие годы своей спортивной карьеры. В настоящее время в профессиональных волейбольных лигах играет сразу несколько воспитанников опытного читинского тренера. Некоторые из них проходят подготовку в системе клуба Самотлор.,3,colloquial,Разговорный
Первенство России. Юноши. 80 куб. см. Speetokenoid 23. 07. 2022 г. Тольятти Протокол соревнований.,3,colloquial,Разговорный
Квят выложил фото после футбольного матча Российский гонщик Даниил Квят опубликовал пост в социальных сетях в котором высказался по поводу благотворительного футбольного матча в Монако. Было здорово поиграть в футбол вчера с друзьями и старыми коллегами.,3,colloquial,Разговорный
По словам Рогозина в ближайшие месяцы в зону СВО на Украине начнет поступать самое современное российское вооружение которое обеспечит победу. Ага девять месяцев не поступало а сейчас обязательно поступит. Рогозин пизд ть не будет. Вот только 20 триллионов рублей согласно которым еще в 2020 году 70 оружия у нас в армии должно было быть супер современным уже давно розпи ены 33 Вот и выдают теперь мобилизованным ржавые калаши сажают на старые трактора с пушкой Т 62 а наше ВКС того гляди воздушных змеев запускать начнут 33 Но вы воюйте мяса то у нас пушечного много бабы еще нарожают 33,3,colloquial,Разговорный
motokenoid mtokenoid wetokenoid tokenoid wangxtokenoid предложка Здравствуйте хочу показать свое творчество а точнее фигурки по Магистру дьявольского культа Если вас заинтересовало то больше вы можете увидеть в группе Буду рада каждому Спасибо админам за публикацию,3,colloquial,Разговорный
Том Аспиналл получил травму в главном бою на UFC Lontokenoid Том Аспиналл встретился с Кертисом Блейдсом в главном событии UFC Lontokenoid. Бой продлился всего несколько секунд. Поединок был остановлен из за травмы англичанина после которой победа техническим нокаутом досталась Блейдсу. Выход бойцов был менее антуражным чем во время боя Пимблетт Левитт. Зрители не так сильно освистывали Блейдса и достаточно сдержанно встретили Аспиналла. С самого начала поединка Аспиналл пошел вперед и в какой то момент упал на землю и схватился за ногу. Херб Дин моментально остановил бой. На повторе стало видно что Аспиналл наносил лоу кик после которого и получил травму. Том лежал на земле и держался за колено. Очень недоволен был Кертис Блейдс его даже подбадривали собственные секунданты. На объявлении победителя Аспиналл выйти не смог. Для того чтобы покинуть октагон англичанину потребовалась фиксация на ногу и кресло. Блейдса признали победителем техническим нокаутом. Блейдс после боя заявил что поединком с Аспиналлом хотел доказать что готов к титульному бою. Американец сказал что свою победу он хотел видеть не такой но ММА жесткий спорт. Теперь на счету Блейдса 17 побед и 3 поражения. Для Аспиналла это поражение стало третьим в карьере.,3,colloquial,Разговорный
А если бы все пошли с крыши прыгать ты бы тоже пошел? . c МАМА,3,colloquial,Разговорный
Всем привет 33 Изучу спрос пацана. Американец мотор контрактный проехал на нем 10к растет год 2001 все в стоке кроме выхлопа работает отлично едет на все бабки. Отправлю хоть на луну за ваш счет.,3,colloquial,Разговорный
Гранаты из паласов. Нереальный ванвей для сайта setang 7. 043527 16. 299044 0. 000000 смок на стеирс и джангл из паласов множество моликов на разные бомбы mtokenoid,3,colloquial,Разговорный
7 мая стартуют тестовые DAMASK CLAN WARS на нашем DS сервере где Вы можете создавать свои кланы и стаком играть на призовые. Кланы будут распределены по сетке. На первый тест призовые будут 10. 000р Зайти на DS сервер DAMASK можно по ссылке в комментариях VALORANT,3,colloquial,Разговорный
Услуги ГАРАНТА по всему СНГ ️ Павел Беркут это человек который гарантирует вам честную сделку. ️Используя 3е лицо в сделке вы обезопасите себя не только от неполучения товара но и от его недоброкачественного состояния исключая любые попытки мошенничества недобросовестных продавцов. Сделка происходит в следующем порядке 1 Создается диалог с продавцом покупателем и гарантом в котором обсуждаются условия сделки и описывается товар. 2 Покупатель отправляет обозначенную сумму гаранту. 3 Продавец отправляет товар. 4 Покупатель получает товар. 5 Гарант переводит обозначенную сумму на счет продавца. В случае если товар не приходит деньги возвращаются обратно покупателю. В случае если полученный товар не соответствует описанию стороны договариваются об уменьшении суммы сделки или возврата товара за счет продавца. ️У нашего ГАРАНТА уже более 900 отзывов с которыми вы можете ознакомиться у него на стене.,3,colloquial,Разговорный
Трехкратный чемпион НБА в составе Майами Дуэйн Уэйд в подкасте Potokenoid Forward с Андре Игудалой и Эваном Тернером признался что не думал и не планировал что будет играть в одной команде с Леброном Джеймсом пока летом 2010 года Джеймс не перешел в Хит. Я никогда не думал что мы будем играть вместе. Это не приходило мне в голову. Играть в Матчах всех звезд в летних матчах и на Олимпийских играх это одно но играть вместе в сезоне НБА а это 82 матча это совсем другое. Сложно представить себя в одной команде с парнем который тоже любит играть с мячом в руках. Поэтому до рынка свободных агентов 2010 года я даже не думал о том чтобы объединиться с Леброном. Многие думают что мы задумали это заранее. К сожалению мы не такие умные. Думают что мы готовили этот план с 2004 по 2008 год но мы были не настолько умными – сказал Уэйд.,3,colloquial,Разговорный
Такого ролика ты еще не видел на российском ютубе 33 Представляю ТОП 5 упражнений для совершенствования навыка блокирования.,3,colloquial,Разговорный
Зенит Казань и Локомотив 30 апреля и 1 мая проведут контрольные матчи Казанский Зенит и новосибирский Локомотив в преддверии Финала шести чемпионата России проведут два контрольных матча. Соперники завершили регулярный чемпионат 16 апреля завоевав прямые путевки в Финал шести который пройдет в Казани 5 – 10 мая. Чтобы восполнить большую паузу между играми они договорились провести в Казани две контрольные встречи. Первая пройдет 30 апреля в закрытом режиме. На следующий день команды планируют сыграть со зрителями. Точное время матчей станет известно позднее. Сайт tokentokenoid Tetokenoid tokentokenoid Волейбольный чат Вконтакте tokentokenoid Tetokenoid tokentokenoid Tetokenoid каналы клубов tokentokenoid Поддержите сообщество tokentokenoid Спонсор сообщества tokentokenoid Волейбол Votokenoid ПляжныйВолейбол Пляжка НовостиВолейбола KeepTheBatokenoid ДержиМячВИгре ВолейболСМИ Первоисточник Волейбол Votokenoid,3,colloquial,Разговорный
Айла Томлянович раскритиковала журналистов за вопросы о бывшем возлюбленном Кирьосе 44 я ракетка мира Айла Томлянович раскритиковала журналистов за вопросы о своем бывшем возлюбленном тоже теннисисте из Австралии Нике Кирьосе после ее поражения в четвертьфинале Уимблдона. В борьбе за выход в полуфинал Томлянович уступила Елене Рыбакиной. На пресс конференции спортсменке был задан вопрос об отношениях с Кирьосом пара встречалась с 2015 по 2017 год. Весьма разочаровывает то что после почти двух часов игры в моем четвертьфинале это был первый вопрос который журналист решил задать мне и так и не задал ничего связанного с матчем написала Томлянович в социальных сетях. Такой интерес к Кирьосу связан с тем что ему предъявили обвинение в нападении на свою бывшую девушку Кьяру Пассари. Теннисист должен предстать перед судом 2 августа за инцидент произошедший в прошлом году.,3,colloquial,Разговорный
Юдзуру Ханю на сегодняшней тренировке Юдзуру появился на сегодняшней тренировке. После небольшой пробы льда он сделал 3F и 3Lo попил продолжил 3F 2Lo 1Lo 3Lz 1Eu 3S 4T 4T 1Eu 2S 4S 1A 1A покрутился на выезде твизлами 3A 3A покрутился твизлами 3A аналогично 4A докрутил 4A аналогично два 1A покрутился твизлами на обоих 4A практически докрутил коснулся льда рукой покивал. По получении новой информации дополним пост 33 ytokenoid ptokenoid 羽生結弦 team hanyu tokenoid newstokentokenoid,3,colloquial,Разговорный
Леон Драйзайтль набрал 100 е очко в этом сезоне НХЛ как и его одноклубник Коннор Макдэвид,3,colloquial,Разговорный
Разнообразная палитра расцветок Ford Mtokenoid на дорожном этапе NASCARtokenoid в Индианаполисе. NASCAR,3,colloquial,Разговорный
Стань счастливым обладателем нового смартфона от Inftokenoid конкурс розыгрыш реклама Inftokenoid rtokenoid rtokenoid,3,colloquial,Разговорный
Astratokenoid выигрывают группу A на Btokenoid и проходят в третий решающий раунд. Сегодня играют NAVI в 14 00,3,colloquial,Разговорный
Валерия Васнецова Чувствую себя лучше но все еще плохо засыпаю до 4 5 утра мучаюсь. Условия и питание стали получше Российская биатлонистка Валерия Васнецова рассказала о карантине на Олимпиаде в Пекине. Из за положительного теста на ковид спортсменка не может выступить на Играх где сегодня был разыгран первый комплект медалей в биатлоне. Российская команда взяла бронзу в смешанной эстафете. Миллион поздравлений нашей команде с бронзовой медалью 33 Они большие молодцы 33 Искренне болела за команду. Сама по прежнему нахожусь в больнице. Чувствую себя лучше но все еще плохо засыпаю до 4 5 утра мучаюсь. Условия и питание здесь стали получше хочу поблагодарить всех за поддержку и особенно болельщиков 33 Я даже не думала что столько людей переживают за меня. Для меня это очень ценно спасибо вам большое 33 – сказала Васнецова. Источник Олимпийский комитет России,3,colloquial,Разговорный
Наш экс игрок Тайво Айвони переходит из немецкого Юнион Берлин к новичку АПЛ Ноттингему. Сделка оценивается в £17m. Ливерпуль получит 10 от этой суммы 33,3,colloquial,Разговорный
Башни и укрепленные деревья для настольных ролевых игр. Материалы от Wtokenoid of the Coast. нри настольныйфэшн,3,colloquial,Разговорный
Уже очистили ложками тазики от салатов Оливье переместив содержимое в желудок? Тогда погнали к ликвидации лишнего,3,colloquial,Разговорный
Вся информация по УрФО на странице ФЛАЧО Уточненная программа на 3 июня опубликована сейчас народ ждет стартовые протоколы. Работа челябинцам конечно предстоит очень большая кроме традиционных чемпионата и первенств УрФО U18 U20 U23 на стадионе им. Елены Елесиной пройдет отбор на Международные спортивные игры Дети Азии среди спортсменов до 16 лет будут подведены итоги 2 го этапа Спартакиады учащихся России а также объявлены сильнейшие вузы Уральского федерального округа в легкой атлетике. В Челябинск приехали более тысячи тысячи спортсменов номера допечатывают.,3,colloquial,Разговорный
Новак Джокович Надаль перестал быть 1 для моего сына теперь Алькарас его фаворит Новак Джокович рассказал что Карлос Алькарас стал кумиром его шестилетнего сына Стефана. Карлос – замечательный человек он мне очень нравится я его очень уважаю. Сегодня я впервые потренировался с ним хотя видел его в прошлом году в туре. Его путь абсолютно невероятный. То чего он добился в таком возрасте хорошо не только для Испании но и для всего мира. Он уже большая звезда. У него есть все чтобы быть большим чемпионом. С недавних пор Надаль перестал быть 1 для моего сына теперь Алькарас его фаворит. Они оба ему очень нравятся. Он имитирует их игру форхенд и эмоции Надаля это очень красиво Djokovtokenoid,3,colloquial,Разговорный
Парню всего 19 лет но он играет за свою команду более 20 лет. Уважение,3,colloquial,Разговорный
Результаты сегодняшних матчей в ВХЛ Югра Динамо СПб 0 3 счет в серии 0 2 СКА Нева Рубин 1 2 счет в серии 0 1 ВХЛ КубокШелковогоПути ЖивиХоккеем ПлейОффВХЛ,3,colloquial,Разговорный
Один из ведущих хоккейных экипировщиков приостановил поставки в Россию и Белоруссию Мы временно приостановили все наши поставки в Россию и Белоруссию. Мы будем продолжать следить за этой чрезвычайно чувствительной и быстро развивающейся ситуацией цитирует гендиректора Batokenoid Hotokenoid Рик Вестхэд. Это решение было принято компанией 26 27 февраля. При этом Batokenoid продолжит маркетинговое сотрудничество с российским игроками Никитой Кучеровым Андреем Василевским и Кириллом Капризовым. инстаграм Тампы,3,colloquial,Разговорный
MotoGP 2022 Убойный набор фактов и статистики о Гран При Каталонии Между двумя популярными европейскими событиями Гран При Италии и Каталонии в этом году всего неделя и 5 июня то есть в это воскресенье Большой Приз Каталонии достанется одному из фаворитов сезона 2022. . . интересно кому?,3,colloquial,Разговорный
КИЗ ОТПРАВИЛА ДОМОЙ БАДОСУ Мэдисон Киз в четвертом круге Atokenoid Open обыграла 6 Паулу Бадосу – 6 3 6 1. Киз одержала девятую победу подряд. В этом году она выиграла 10 матчей из 11 – на один меньше чем за весь предыдущий сезон. newstokentokenoid Keys,3,colloquial,Разговорный
Кроссовки пришли советую 33 Подписывайся на магазин ссылка в комментах,3,colloquial,Разговорный
Краткие итоги Тар 2022 7 8 человек и 3 5 дня завески до тестового. Как мы это сделали так быстро сами удивлены на 4ую завеску уже отработали систему приноровились. Без косяков провели первые веревки квадрокоптерами а наши старые блоковские лебедки отработали по максимуму. В том году напрыгали 50 прыжков в этом получилось поменьше то ливень то сильный ветер. Большая зависимость этой огромной системы от погоды долго ее приводить к первичным параметрам после любых растяжений веревок. Все еще считаем Тар тяжелым объектом во всем. Но эти тяжести нам в удовольствие а вот с другим видом проблем нам бороться не понравилось. . несмотря на договоренности с регионом возникли большие административные сложности Скорее всего объект отправляется в архив. Грустно. Но пришло время двигаться дальше,3,colloquial,Разговорный
Han är en grtokenoid Петтер Нортуг занялся своим любимым делом и снова дразнит шведов – теперь в преддверии женского скиатлона который пройдет сегодня на Олимпийских играх в Пекине. В IG Петтер нацепил шведские очки и напомнил всем фразу Он – свинья 33 сказанную в его адрес шведским журналистом на Чемпионате мира – 2011 в Осло. Тогда в эстафете Нортуг остановился у финишной черты издеваясь над Маркусом Хельнером. Эксперт канала TV2 предсказывает что сегодня состоится захватывающий поединок между норвежскими и шведскими лыжницами но без колебаний называет соотечественницу Тересе Йохауг главным претендентом на золото. Тересе стало лучше после той гонки в Лиллехаммере когда она проиграла Фриде Карлссон. После этого она стала старой доброй Тересе. Думаю обе девушки в форме. Я смотрю на настроение и поведение Карлссон – она там где хочет быть. Я разговаривал с Йохауг в Сайзер Альм и она в отличной форме. Она является фаворитом но уверенность Карлссон означает что Тересе ничего не должна принимать как должное. Развитие гонки по мнению Нортуга будет выглядеть так Йохауг взвинтит темп с самого начала. Она постарается помешать Карлссон и Андерссон присоединиться к побегу. И шведки должны быть готовы к жестокому старту на высоте.,3,colloquial,Разговорный
Открыт предзаказ на Бестиарий для второй редакции ролевого Pathftokenoid Это книга на 360 страниц в которой подробно и с иллюстрациями рассказывается о сотнях разнообразных созданий обитающих в мире Голарион и за его пределами. Вы встретите противников и союзников знакомых и уникальных созданий. Бестиарий станет удобным инструментом для каждого кто активно пользуется Основной книгой правил. Выпускайте кракена 33 Предзаказ Hotokenoid Pathftokenoid,3,colloquial,Разговорный
Первая неделя бесплатно Мобильная связь без спама и скрытых платежей но с удобным конструктором тарифов и бесплатным тестовым периодом. Закажите бесплатную доставку сим карты по ссылке,3,colloquial,Разговорный
Всем доброго времени суток. У меня всегда вызывала интерес такая тема как правильно говорить макароны или паста. Допустим в том что спагетти это точно разновидность пасты я знаю а вот с макаронами дилемма и многие считают что макароны это все разновидности от рожек и спиралей до спагетти и листов лазаньи. Я считаю что макароны – это просто разновидность итальянской пасты которое перешло к нам и прижилось даже в словаре Даля есть пояснение что макароны – это итальянские трубы. Как вы думаете макароны – это разновидность пасты или нет?,3,colloquial,Разговорный
Благодарим всех участников партнеров и волонтеров RHR Ptokenoid × ВЕЛО1 Около 100 Атлетов абсолютно всех возрастов приняли участие в сегодняшнем плогинге на участке ВЕЛО1 в городе Дмитров. Точное количество собранного и отправленного на переработку мусора мы сообщим в начале следующей недели а пока предлагаем оценить масштаб проделанной участниками работы на фотографиях 33 Спасибо дорогие друзья что делаете мир чище и лучше 33 ️ rhrptokenoid rhrtokenoid Rtokenoid WeAreGRUT,3,colloquial,Разговорный
tokenoid Спокойствие между штормами общий паттерн спаррингов в джиу джитсу это относительно длинные периоды малой активности за которыми следуют всплески напряженной гиперактивности за которыми вновь следуют еще более долгие периоды относительной неактивности. Этот цикл продолжается до тех пор пока не добывается победа. Эти периоды очевидной неактивности в действительности очень активны но утонченными способами. Атлеты соревнуются за какое то небольшое иногда невозможное для восприятия преимущество которое сделает внезапное резкое движение более вероятным для успеха. Как только добывается преимущество следует мощная атака. Это требует столь же мощного противодействия от оппонента что создает внезапное увеличение уровня активности что будет продолжаться до победы или неудачи кого либо из атлетов в попытке забрать баллы в результате чего они договорятся о том что не стоит стремиться к тому что они искали и они перейдут к очередной тихой фазе утонченной подготовки. Научиться играть с этой сменой передач это большая часть вашего развития. Как правило новички просто рвутся вперед всю схватку и очень быстро устают. Если вы не можете забрать быструю победу такой подход обрекает вас на поражение. Слишком пассивное движение на протяжении слишком долгого времени создает столь низкий уровень активности что вы не утомите своих оппонентов и не сможете выстроить давление которое приносит решительные победы в схватках. Где то посередине верный путь. Учитесь сочетать нужду в периодах низкой активности когда основной упор на тактике и подготовке с короткими взрывами напряженной активности когда основной упор на взятии баллов и финишировании. Играйте двумя незаметно и вы сможете бороться на протяжении долгого времени и производить достаточно давления на оппонентов чтобы утомить их до такой степени что достижение решительного прорыва станет гораздо более вероятным. Источник,3,colloquial,Разговорный
ГРАН ПРИ 2022 33 Speetokenoid SGP ГРАН ПРИ ШВЕЦИИ. г. Маллила Начало в 20 00 по мск Видео Текст,3,colloquial,Разговорный
Ребят для вас крч есть подгон. Бесплатная подписка на Яндекс Плюс 90 дней бесплатного просмотра фильмов и прослушивания музыки. Лично я ее уже продлил ибо она доступна по вполне адекватной цене. У вас же есть возможность затестить и потом уже продлить самостоятельно. Еще вы можете получить баллы на сервисах яндекса. Получайте баллы в Такси Маркете Еде Лавке и в других сервисах Яндекса. А потом тратьте их на новые поездки покупки заказы и развлечения. Акция доступна только для новых пользователей по всей России Ссылка ПРОМОКОД нашей группы KHB5AX4AP3,3,colloquial,Разговорный
Здесь все для баскетбола tokenoidtokenoid яркие кроссовки и майки tokenoidtokenoid 6 лет выполнили 100. 000 заказов,3,colloquial,Разговорный
Все готовы к матчу? 33 Кидайте ссылки на трансляции в комментарии. Обсуждаем матч здесь,3,colloquial,Разговорный
Когда бойцы ЖЁСТКО тупили в бою ТОП глупейших ошибок бойцов ММА Эти бойцы повели себя как дети кто то танцевал в октагоне и был нокаутирован кто то здоровался со зрителями а кто то и вовсе воткнул сам себя головой в канвас 33 ПОДБОРКА САМЫХ ТУПЫХ ПОРАЖЕНИЙ БОЙЦОВ ММА,3,colloquial,Разговорный
Первенство России по биатлону. Ханты Мансийск Масстарт 10 км Юниорки. 19tokenotokenoid год.,3,colloquial,Разговорный
Беговые кроссовки Ntokenoid обзор и сравнение 33 Качественная беговая обувь залог того что совершая пробежки или бегая на длинные дистанции вы не получите травмы а занятия спортом будут эффективными. rtokenoid. . . бег спорт зож кроссовки ntokenoid беговаяОбувь беговыеКроссовки rtokenoid,3,colloquial,Разговорный
СКА вышел во второй раунд плей офф КХЛ в четвертый раз обыграв минское Динамо Динамо Минск – СКА – 3 4 1 0 – 32 Стремвалль Альмквист Бек 1 1 – 37 Кузьменко Бурдасов Лехтонен 2 1 – 42 Альмквист Стремвалль 2 2 – 47 Гусев Кузьменко Бурдасов 2 3 – 51 Хуснутдинов Галимов Волков 2 4 – 53 Швец Роговой Воробьев 3 4 – 60 Стремвалль,3,colloquial,Разговорный
Космический корабль отклоняется от заданного курса и разбивается на неизвестной планете. Теперь у вас только одна цель – выжить. На канале Твой Игровой ребята пытаются спастись на враждебной планете в настольной игре Крио Крио Обзор Hotokenoid Видео Hotokenoid Крио,3,colloquial,Разговорный
Нам тут рассказали что в чате друзей Алексея Попова в телеге да этот чувак реально называет своих фанатов друзьями выложили ссылку на простенький тест там надо за 7 минут написать всех чемпионов Ф1 по привычке люди далекие от понимания истории вписывают туда и победителем Чемпионата мира среди гонщиков 1950 1980 х. Минутные дело. Так вот оказалось что Алексей и Львович воспитали отличное поколение фанатов этой вашей эфадины которое даже не способно запомнить фамилии 33 гонщиков при том что если ввести Хилл и Росберг система засчитывает сразу и Фила и Грэма и Кеке Нико у людей результаты 29 33 26 33 и даже 23 33 33,3,colloquial,Разговорный
Комитет SRL отстранил русских Стражей от участия в гонках. В качестве альтернативного решения Стражи должны подписать документы об анонимности и снять флаги со своих сперроу. Как объяснили в комитете после подписания им запрещается петь гимн Старой России. В ответ на заявление комитета SRL Железные Лорды организуют танковый биатлон. Саладин В Железном Храме и в Стене остались танки. Можем их использовать в целях организации соревнований по танковому биатлону.,3,colloquial,Разговорный
Московский Спартак приобрел права на 17 летнего нападающего Сергея Лукьянцева. Уроженец Уссурийска и выпускник школы бердского Кристалла 2004 года рождения набрал 28 17 11 очков за 64 игры в дебютном сезоне Молодежной лиги за Сарматов из Оренбурга а также успел дебютировать на профессиональном уровне – сыграв за команду Высшей хоккейной лиги Южный Урал из Орска.,3,colloquial,Разговорный
Мири Садыгов побеждает в Shtokenoid FC Анатолия Надратовского нокаутом в первом раунде,3,colloquial,Разговорный
В Ferrari намечается раскол После финиша в Сильверстоуне Леклер выразил недовольство действиями своей команды. Кроме того механики которые работают с монегаском отказались праздновать победу другого пилота Ferrari Карлоса Сайнса. В стане Скудерии наметился раскол. О том что произошло после финиша гонки рассказал итальянский журналист Альберто Антонини Мне рассказали об безобразном эпизоде имевшем место после финиша гонки. И у меня нет причин не доверять этому. Некоторые сотрудники команды поначалу отказались выходить на церемонию награждения и фотосессию. Это очень плохой знак. Не спорю каждый механик или инженер может болеть за своего пилота но они должны думать и о всей команде. Небольшое здоровое соперничество внутри гаража это полезно прекрасно что каждый механик и каждый техник болеет за своего гонщика но общий интерес должен быть направлен на победу. Тут можно вспомнить как несколько лет назад в команде Yamaha в MotoGP механики Хорхе Лоренцо отгораживались от механиков Валентино Росси. Дойдет ли до этого в Ferrari?,3,colloquial,Разговорный
ебануться 6. 1k stokenoid. может maytokenoid разыграть какой стикер пак по приколу? условие типа лайк на запись итоги в пятницу. допобачення.,3,colloquial,Разговорный
Будет личным врагом драка между охранником и блогером в Шерегеше получила внезапное развитие Пострадавший записал оригинальное видео прощение. Несколько дней назад в одном из кафе на горнолыжном курорте Шерегеш произошел скандал. Охранник набросился на посетителя и избил его. Пострадавшим оказался блогер Вова Ветер. О происшествии он рассказал в своих соцсетях. Видеокадры с места происшествия моментально разлетелись по социальным сетям и СМИ. Спустя несколько дней блогер не успокоился и вновь вернулся к этой теме. Он записал еще одно видеообращение которое опубликовал в своем Instagram. Я хотел опять сморозить свою шутку в плоском роде типа меня всю ночь пытали спецслужбы хотели чтобы я забрал заявление заставили меня встать на сноуборд. Но один очень мудрый человек мне сказал а вдруг у него тоже есть дети. Это говорит называется сострадание. И сегодня мне моя любимая приносит две полоски. Я прощаю его. Прощаю. А кто захочет его побить или отомстить будет моим личным врагом говорит на видео участник потасовки в кафе. Напомним что между охранником и блогером сначала возникла словесная перепалка. После чего охранник завалил блогера на пол а затем избил ногами. Затем он вытащил потерпевшего на улицу и бросил его на снегу. Во всех обстоятельствах происшествия в настоящий момент разбираются правоохранительные органы. Вова Ветер блогер рассказывающий о путешествиях активном отдыхе и своей жизни. У него 14 тысяч подписчиков в Yotokenoid и более 14 тысяч в сети Instagram. Сам он себя именует инкарнацией Чака Норриса. В Сети имеется информация о том что из за не совсем стандартного поведения блогера ему блокировали въезд на некоторые курорты а также в ряд кафе. Читайте полностью на,3,colloquial,Разговорный
Прекрасная стратегия приводит к потрясающему финишу на невероятной шестой позиции. Результат который было сложно показать но все же наш командный мостик постарался. А победил Макс с десятой позиции. Htokenoid,3,colloquial,Разговорный
Хочу рассказать о фанфике под названием 8 придурков и я Кевин создает общий чат для команды в разумных целях ну а Лисы устраивают в нем полный хаос. Админу печенек Печеньки atokenoid aftg yotokenoid aftg tokenoid aftg Foxes,3,colloquial,Разговорный
Будет 2 победителя Принять участие Включить уведомления о новых записях Оставить комментарий Лайк Результаты в 18 00,3,colloquial,Разговорный
Как начинается ваш день ребята? Пришло время активировать новый промо 33 Используй UP2CS чтобы получить 0. 15 036 на баланс Советую поторопиться ведь количество активаций ОГРАНИЧЕНО 33,3,colloquial,Разговорный
MotoGP немецкие СМИ уверены запуск команды GasGas в MotoGP подтвердят на Red Btokenoid Rtokenoid Немецкий Speetokenoid близкий по контактам к KTM Fatokenoid Ratokenoid уверен что на Гран При Австрии Dorna и KTM объявят о запуске нового заводского проекта вместо уходящего из MotoGP Stokenoid это будет GasGas. Несмотря на весьма уклончивый но все таки отрицательный ответ босса KTM Fatokenoid Ratokenoid Пита Байера журналисты Speetokenoid считают что GasGas должен вступить в игру именно в 2023 году в 2021 он появился в Moto3 в 2022 в Moto2 наконец в 2023 в MotoGP. Но заводской команды по сути не будет потому что ни у KTM ни у всей корпорации Ptokenoid Motokenoid AG не было времени для создания с нуля совершенно нового подразделения в MotoGP. Зато у них есть Tetokenoid Ratokenoid 100 заводской саттелит который фактически оказывает KTM Fatokenoid Ratokenoid гоночные услуги предоставляет свою квоту на мотоциклы свой коллектив и базу. Наймом пилотов в Tetokenoid занимается KTM Fatokenoid Ratokenoid зарплату им платит завод. 2023 год станет уже 4 м сезоном Tetokenoid в цветах KTM состав команды почти предрешен Пола Эспаргаро подтвердил даже сам Пит Байер а кандидатура Реми Гарднера висит в воздухе вопрос исключительно в том примет ли австралиец условия контракта или нет. Так вот Speetokenoid просто уверен что Tetokenoid примет на себя груз ответственности за развитие бренда GasGas не предпринимая для этого абсолютно никаких дополнительных шагов. Босс Ptokenoid Motokenoid AG Штефан Пире в одном из июльских интервью четко дал понять что план о выводе GasGas в MotoGP был в его планах. Так или иначе в 2023 году стартовая решетка сократится до 22 гонщиков. Но Dorna сохранит политический статус кво поскольку ее клиентам гарантировалось участие в чемпионате 6 ти производителей брендов.,3,colloquial,Разговорный
Владимир Бородулин отмечает сегодня 30 ти летие 33 Поздравляем 33 Счастья и удачи 33 Speetokenoid HappyBtokenoid Желаем тебе новых достижений успеха здоровья и легких тренировок. Пусть твое трудолюбие и упорство всегда приносят тебе желаемый результат и выводят тебя на высший уровень. А наградой пусть будет тебе сила духа здоровье и красота.,3,colloquial,Разговорный
Подборка бытовых и спортивных фотографий прекрасной волейболистки диагональной нападающей национальной сборной Республики Беларусь и питерского ЖВК Ленинградка очаровательной АНАСТАСИИ ГАРЕЛИК. . . Настя преуспела в нападении ее мощь и огонь стремительных атак не оставляют соперницам шанса. Так же прекрасная спортсменка без сомнения глубоко творческая личность помимо кулинарии и рисования Настя блистает талантом делать красивые фотографии всего и вся ее снимки эстетичны насыщенны и их просто приятно смотреть будь то природа или натюрморт. Ну и конечно каждый персональный болельщик мечтает попробовать фирменные сырники которые Анастасия виртуозно умеет готовить. . . Умница и красавица 33,3,colloquial,Разговорный
КонкурсГРаНИ tokenoid Полторашка В этот раз полторашка была на тему Бесконечность не предел ее ключевой особенностью как и в прошлом конкурсе было ограничение на компоненты. Однако ограничение необычное участники должны были разработать игру которая поддерживала бы бесконечное число игроков имея при этом конечное число компонентов. И нет подход Вы можете допечатать дополнительные бланки по ссылке не подходил под условия конкурса. Всего было прислано 8 работ с которыми вы можете ознакомиться по ссылке Оцените концепты своих товарищей в комментариях и расскажите как у вас шла работа над игрой. Также просим вас проголосовать в опросе ниже чтобы помочь определить лучшую работу конкурса. Обращаем внимание что можете выбрать несколько вариантов ответа. Результаты конкурса будут 01. 06 где мы дадим комментарии по самым высокооцененным работам и отдельно отметим работу понравившуюся автору полторашки.,3,colloquial,Разговорный
Президент Татарстана Рустам Минниханов вручил Камиле Валиевой государственную награду республики – орден Дуслык Минниханов отметил что на Олимпиаде в Пекине Валиева показала выдающееся мастерство и уровень подготовки а также заявил что ее спортивные успехи служат отличным примером для начинающих спортсменов.,3,colloquial,Разговорный
Сегодня 25 марта в Грозном разыграют первые комплекты наград. Финальные поединки пройдут для юношей и девушек 15 16 лет и юниоров и юниоров 17 18 лет. Участники же возрастной категории мужчины и женщины проведут полуфинальные поединки. Финалы 26. 03 будут транслироваться на телеканале Матч 33 Боец а также на телеканале триколор Старт ТВ 27. 03.,3,colloquial,Разговорный
Отличного утра и хорошей пятницы вам желает Тай Гиббс 33 TyGtokenoid NASCAR,3,colloquial,Разговорный
Конкурс от ISU ISU объявляет розыгрыш лучшего камбэка спортсменов в минувшем сезоне. Мы перевели отрывок с Юдзуру полная версия доступна на их канале ссылка ниже. ~ Величайшие моменты UpAgatokenoid ВЫИГРАЙТЕ ЧЕТЫРЕ БИЛЕТА НА МЕРОПРИЯТИЕ ISU НА ВАШ ВЫБОР В ЭТОМ СЕЗОНЕ 33 2022 23 Это спортсмены которые бросают вызов себе и возвращаются UpAgatokenoid. Выберите ваш любимый вид спорта просмотрите вдохновляющее видео и проголосуйте за САМЫЙ ЛУЧШИЙ момент UpAgatokenoid. ~ Ссылка на голосование Cr. tokenoid Instagram ytokenoid ptokenoid 羽生結弦 team hanyu FaOI transtokenoid,3,colloquial,Разговорный
Сицилианская защита шахматный дебют начинающийся ходами 1. e2 e4 tokenoid tokenoid. Сицилианская защита имеет воинственную природу. Во многих вариантах черные борются не только за равенство но и за перевес. Недостатком является то что белые часто первыми получают инициативу так что черным нужно позаботиться о том чтобы не стать жертвой быстрой атаки. В основе дебюта лежит идея создания асимметричных позиций. Во многих вариантах возникают позиции с разносторонними рокировками что ведет к острой тактической борьбе. Чаще всего в противовес инициативе белых на королевском фланге черные стремятся развить инициативу на ферзевом фланге или подготовить контрудар в центре.,3,colloquial,Разговорный
Продам Укажите что вы покупаете нет Укажите что вы продаете привода снаряга Укажите что вы обмениваете нет Опишите свой товар не является оружием продам патчи 300р на зака любой цена индивидуально вср10 в тюне версия для левши 50т. р. для правши 45т. р. м870 цима новый 9800р ср3м комплект на фото 34тр ср3 комплект на фото 28тр м4 блок 2 ввд китера 70тр комплект на фото ак жуков все что на фото 33тр тепловизор люпольд трекер 2 60т. р. защиты прицелов 300р тепловизора 350р хайкамп hx10 ав кастомс на ввд 37т. р. подробней в личку пересыл отзывы есть Местонахождение новороссийск Наличие пересыла. При наличии пересыла без ID на фото не публикуем Есть Цена 1000 Петр Козловский,3,colloquial,Разговорный
Юрий Котляр продолжает благородный труд по переводу НРИ Экспансия. Мрачный stokenoid fi когда человечество даже распространившись по Солнечной системе умудряется само себя уничтожать. В этой игре предлагается влезть в шкуру космических работяг неудачников на чью голову беды сыплются как из рога изобилия.,3,colloquial,Разговорный
В парной встрече к сожалению Даниил Медведев и Талон Грикспур потерпели поражение от голландской пары Хасе Мидделкоп в двух сетах 4 6 4 6 ‍ ️,3,colloquial,Разговорный
s1mptokenoid ответил на вопрос Было ли событие когда ты чувствовал что не соответствуешь своим стандартам?,3,colloquial,Разговорный
Дядя Новака Джоковича Испытание в Австралии только продлило его карьеру. Вместо того чтобы уйти через 3 4 года он поиграет еще 5 6 лет,3,colloquial,Разговорный
Знакомьтесь с еще одним партнером забега Gotokenoid Rtokenoid Utokenoid Tratokenoid 100 2022 – компания ФормТотикс дистрибьютор индивидуальных ортопедических стелек из Новой Зеландии. Стельки ФормТотикс используют спортсмены дети и подростки люди с плоскостопием люди чья работа связана с постоянным движением. Стельки формуются врачом для каждого клиента с учетом особенностей его стопы. ФормТотикс подойдут в любую обувь от спортивных кроссовок до зимних ботинок. Хотите улучшить спортивные результаты и сделать шаг к комфортной жизни? Больше информации на стенде ФормТотикс на ЭКСПО GRUT. На ЭКСПО будет работать врач подиатр который проведет бесплатный осмотр и изготовит стельки по специальной цене во время соревнований. Ориентируйтесь на логотипы Formthottokenoid. Те Атлеты которые встанут на пьедестал на 1 ое место в абсолюте на основных дистанциях забега GRUT а также на дистанции Hard Ntokenoid получат сертификаты на изготовление стелек. А участники смогут выиграть особенные призы от ФормТотикс 33,3,colloquial,Разговорный
Наш черед побеждать в овертаймах должен был прийти Дмитрий Квартальнов ответил на вопросы журналистов после победы над Авангардом,3,colloquial,Разговорный
Протест к Red Btokenoid отклонен к Atokenoid удовлетворен Несколько часов потребовалось стюардам Гран При США чтобы рассмотреть два протеста Haas F1 по поводу результатов гонки. В итоге протест по поводу машины Серхио Переса на которой была оторвана торцевая пластина переднего антикрыла отклонен а протест по поводу машины Фернандо Алонсо – он ехал с поврежденным зеркалом которое позже оторвалось стюарды удовлетворили. Приглашенные в качестве экспертов представители FIA и стюарды согласились с тем что болтающееся после аварии правое зеркало на машине Алонсо представляло собой опасность для других участников – как из за отсутствия необходимых по регламенту двух зеркал так и из за потенциальной возможности нанесения травмы другому гонщику. В итоге к результату Алонсо добавлено 30 секунд что эквивалентно 10 секундному штрафу Stop Go на дистанции гонки но никаких штрафных баллов испанец не получит поскольку в произошедшем виноват не он а команда. В итоговом протоколе Алонсо опустился на 15 е место. Команда проинформирована о возможности подать апелляцию.,3,colloquial,Разговорный
Моточерепаха Matokenoid TURTLE это всем до боли знакомая боевая классика. Была проверена временем и до сих пор является лучшим выбором для человека который идет за сочетанием цена комфорт безопасность. ⠀ Данная черепаха выполнена только из высококачественных материалов только первичный пластик регулировочные резинки высокого качества укрепленные швы противоударная демпфирующая пенка высокого качества. Черепаха спроектирована с учетом всех анатомических особенностей человеческого тела. Все защитные модули можно отрегулировать и утянуть по своей фигуре. Изделие не ограничивает вас в движении. Выпускается в трех цветовых решениях черный оранжевый белый. Легкая сетка позволяет телу дышать и не перегреваться в особо жаркие дни. А все элементы защиты выполненные по самым последним технологиям и стандартам гарантируют вашу сохранность в случае того если все пошло не по плану. ⠀ Моточерепаха Matokenoid TURTLE Jatokenoid Gray Цена 9 900 руб. ⠀⠀ Наш сайт интернет магазина tokentokenoid ⠀ Оформи заказ по телефону 7 800 555 34 96 ⠀ ftokenoid мотоэкипировка ftokenoid motoektokenoid motoektokenoid motoektokenoid байкер защита мотошлем шлем мотоцикл,3,colloquial,Разговорный
Продам Укажите что вы продаете Навигатор Опишите свой товар Часы Stokenoid AMBIT 3 Sport ОРИГИНАЛ Забиваешь координаты прям в часах и идешь на нужную точку ведут очень точно. Огромное количество функций и настроек GPS компас связь с телефоном связь с ПК запиtokenoid треков шагомер куча тренировок. Зарядка в комплекте. Водонепроницаемые. 6890 рублей. С пульсометром 8890 рублей. Краснодар. Пересылаемо. Местонахождение Краснодар Наличие пересыла. При наличии пересыла без ID на фото не публикуем Есть Цена 6890 Влад Зелентсов,3,colloquial,Разговорный
Это навернре лучший опрос в истории этой группы 33 Вы накидали нам уйму вариантов названий под предыдущий пост. И хоть гусары должны были молчать но они не смогли Но что ж поделать здесь решает большинство поэтому мы выберем официальным победившее название 33,3,colloquial,Разговорный
Новым руководителем команды Aston Marttokenoid стал Майк Крэк. Он заменил ушедшего Отмара Сафнауэра. Кто такой Майк? Пришел работать в команду Satokenoid в 2001 году так началась карьера в F1 Работал в BMW во время их выступлений в Формуле 1 ИНТЕРЕСНО ТЕСНО СОТРУДНИЧАЛ С СЕБАСТЬЯНОМ ФЕТТЕЛЕМ КОГДА ТОТ ДЕБЮТИРОВАЛ ИМЕННО В BMW В 2007. Работал вместе с техническим директором Mtokenoid Андреасом Зайдлем в команде Porstokenoid в WEC Был боссом BMW по автоспорту в последние годы отвечал за программы GT Formtokenoid E и IMSA контролировал прогресс в категории LMDh. В общем человек опытный знающий 33 Посмотрим к чему приведет Aston Marttokenoid вместе с Лоуренсом Строллом и Мартином Уитмаршом.,3,colloquial,Разговорный
Б. Пустовой 1972 г. Ход белых. МАТ в 2 хода. задачишахматы,3,colloquial,Разговорный
Олимпийские зимние игры 2022. Прямая трансляция Сегодня 17 февраля смотрите прямую трансляцию соревнований по керлингу в рамках Олимпийских зимних игр 2022 года в Пекине на каналах Матч 33 Игра и Матч ТВ. Вашему вниманию предлагается следующая встреча 9 00 Команда ОКР – Великобритания женщины Комментаторами матчей выступят Анна Сидорова и Александр Логинов.,3,colloquial,Разговорный
РЕГИСТРАЦИЯ ОТКРЫТА ‼ до VII зимнего полумарафона остается все меньше времени 33 Дата 03. 12 Дистанции 5 км 21 км ktokenoid 800 м Стартово финишный городок в ККТ Космос Открытие городка в 9 00 Выдача стартовых пакетов участника 2 декабря с 12 00 22 00. в г. Екатеринбург ул. Металлургов 87 ТЦ МЕГА ДЛЯ ИННОГОРОДНИХ 3 декабря не позднее чем за ЧАС до старта для живущих в Екатеринбурге в день старта выдача платная 500 руб Первую субботу зимы участники встречают на бегу пробегая по исторической набережной городского пруда где можно увидеть самые популярные достопримечательности. Выбери дистанцию по силам регистрируйся по ссылке Встреть зиму на бегу 33 eamarathon wtokenoid зимнийполумарафон2022,3,colloquial,Разговорный
Обзор матча Вашингтон Кэпиталз Аризона Койотис 23. 04. 2022 Регулярный чемпионат,3,colloquial,Разговорный
Глaвный тренер Голден Стэйт подтвердил что Клэй Томпсон после возврaщения будет появляться в стaртовой пятерке баскетбол,3,colloquial,Разговорный
Кори Эверсон шестикратная Мисс Олимпия категория Женский Бодибилдинг. девушкинаспортехороши,3,colloquial,Разговорный
Ваши бегофоточки для публикации присылайте в комментарии к этому посту ⬇️ А сейчас своим зарядом бодрости и позитива делятся участники нашей группы наши беговые друзья Наталья Быкасова tokenoidtokenoid Дорошенко tokenoidtokenoid Самойленко tokenoidtokenoid Серяков tokenoidtokenoid Пучкина Исакова tokenoidtokenoid Лоцманова tokenoidtokenoid Соболева tokenoidtokenoid Пермяков tokenoidtokenoid Чепусенко tokenoidtokenoid Лескин Спасибо за ваш бег дорогие друзья 33 Всегда вам очень рады 33 Легких ног 33 бегжизнь делисьбегом спорт забег пробежка беганутые sport,3,colloquial,Разговорный
Голландец Ники Катсбург вернется в гонки Кубка Мира WTCR на заключительных этапах в Бахрейне и Саудовской Аравии в составе BRC Team но будет выступать по вайлдкард так что не сможет набирать очки в зачет пилотов. Целью Катсбурга будет помощь Микелю Азконе завоевать чемпионский титул. В последнее время Ники больше выступает в гонка GT но так же остается в программе Hytokenoid выступая на полностью электрическом Hytokenoid Vetokenoid N в eTotokenoid Car Wortokenoid Ctokenoid. WTCR TCR ETCR,3,colloquial,Разговорный
MotoGP Эрве Поншараль Мигеля Оливеру задело решение KTM он уверен что едет лучше Миллера Комментируя ситуацию вокруг команд KTM в MotoGP для французского издания босс Tetokenoid Ratokenoid Эрве Поншараль так объяснил резкую смену позиции Мигеля Оливеры в июне 2022 года в отношениях с Маттигхофеном эго португальца уязвлено.,3,colloquial,Разговорный
Конкурс на 7 дней. На 2 AWM STICKERBOMB Условия Подписка на меня и reftokenoid Поставить лайк. Написать любой комментарий. Итоги через 7 дней.,3,colloquial,Разговорный
документальный сериал МОРИХЭЙ УЭСИБА И АЙКИДО. Переведено и озвучено Александром Смирновым Айкидо ВАГОРЮ Александра Смирнова ч. 1 АЙКИ БУДО 27 мин. ч белый 1935 г. ч. 2. ТАКЭМУСУ АЙКИ 28 мин. Ч белый 1952 1958 гг. ч. 3 Встреча с приключением 27 мин Ч белый 1958 г. ч. 4 Путь гармонии 28 мин. Ч белый 1958 1962 гг.,3,colloquial,Разговорный
MotoGP KTM показала ливреи заводской команды и Tetokenoid Австрийский производитель провел свою презентацию первым из шести марок чемпионата мира. Для KTM предстоящий сезон MotoGP станет шестым в истории после дебюта в 2017 м. Три последних года компания выставляет в премьер классе в общей сложности четыре байка – по два в составе заводского коллектива и Tetokenoid Эрва Поншараля. 2021 год оказался для KTM непростым однако марка одержала две победы Мигель Оливейра стал сильнейшим в Барселоне а Брэд Биндер выиграл захватывающий Гран При Австрии рискнув остаться на сликах под начавшимся незадолго до финиша дождем. Однако по итогам всех 18 этапов KTM заработала всего на пять очков больше чем в минувшем сезоне за 14 Гран При когда гонщики на австрийской технике выиграли три раза. В зачете марок KTM финишировала лишь пятой проиграв 152 очка чемпионам из Dtokenoid. В четверг KTM показала цвета своих мотоциклов для нового сезона которые оказались очень похожими на прошлогодние. Ливрея мотоциклов Red Btokenoid KTM Fatokenoid Ratokenoid и KTM Tetokenoid для 2022 года. Биндер и Оливейра остались в заводском коллективе а за Tetokenoid в новом сезоне предстоит выступать двух новичкам Реми Гарднеру и Раулю Фернандесу – по итогам 2021 го они заняли две верхние строчки в итоговом протоколе Moto2. Также зимой произошли перестановке в структуре руководства. Бывший босс Pramac Франческо Гуидотти заменил Майка Ляйтнера на посту тим менеджера. Для нашей группы сезон 2021 года стал самым успешным в истории – цитирует пресс служба гоночного босса KTM Пита Байрера. – Просто потрясающе чего мы добились стали чемпионами в Moto2 и Moto3 а в MotoGP финишировали шестыми. Это невероятно мотивирует на будущее. Теперь наша цель – выступать стабильно по ходу всех уик эндов финишировать в пятерке и сражаться за место в тройке по итогам года. Я знаю что это очень серьезная задача так как другие производители тоже нацеливаются на хорошие результаты но мы сейчас очень сильны. У нас есть команда база мотоцикл и гонщики. Недавно Гарднер упал на тренировке и сломал запястье но должен вернуться в строй к старту тестов. Новичкам в MotoGP позволяют больше ездить перед стартом чемпионата отдельная сессия для дебютантов пройдет на Сепанге с 31 января по 2 февраля. Полноценная предсезонная программа стартует 5 6 февраля там же в Малайзии а 11 13 февраля продолжится на новой индонезийской трассе Мандалика. Первый Гран При 2022 года пройдет в Катаре в конце марта.,3,colloquial,Разговорный
Осталось всего две ступени 33 У него получится 33 канадцы в Yotokenoid об Овечкине после 767 й шайбы Источник tokentokenoid Звезда Вашингтон Кэпиталз Александр Овечкин продолжает вписывать свое имя в историю НХЛ отмечает заокеанский сайт CBS Sports. Во вторник он забросил 767 ю шайбу в своей карьере в поединке против Нью Йорк Айлендерс и обошел Яромира Ягра единолично обосновавшись на третьем месте в списке лучших снайперов за время существования Национальной хоккейной лиги. Чешский хоккеист поздравил Овечкина в своем Twtokenoid. Сравнялся Овечкин с Ягром на прошлой неделе когда забил 2 гола в победном для Вашингтон Кэпиталз со счетом 5 4 поединке против Калгари Флэймз. Теперь больше голов чем Овечкин за время существования лиги имеют на своем счету лишь Уэйн Гретцки 894 и Горди Хоу 801. Предлагаем ознакомиться с тем как отреагировали на историческую шайбу Ови посетители Yotokenoid канала канадского Sportsnet переводились самые заплюсованные комментарии на момент публикации Shtokenoid Ах это бесподобно 33 В такие моменты перед нашими глазами творится история. Поздравляю Ови 33 Осталось всего две ступени 33 У него получится 33 Peter Donkey Doo Помню какой ажиотаж присутствовал перед началом сезона 2005 первый год Овечкина в лиге прим. – Ред. . Я так рад что мне представилась возможность наблюдать за тем как развивается его карьера. Он не просто оправдал тот ажиотаж но и с лихвой превзошел все ожидания. The Legend Видеть перед своими глазами его выступления на протяжении всех этих лет является огромной честью битвы между ним и Кросби первый Кубок Стэнли и бьющий через край талант в каждой игре без исключения. Мои поздравления Алекс 33 Жду не дождусь когда ты побьешь рекорд. Masoko Tanga Точь в точь таким же броском он забил гол в четвертой игре первого раунда чемпионского плей офф 2018 против Коламбус Блю Джекетс. Dtokenoid Бросок у него просто сумасшедший. Не понимаю как ему удается вкладывать в него столько мощи при том что ноги у него почти и не шевелятся. Кроме того обращает на себя внимание поразительная точность. Что за легенда 33 Ab Morrtokenoid Hayward Я не являюсь болельщиком Кэпс но очень люблю Ови. Этот парень – образец стабильности. Великолепно 33 Stentor of Sparta Седовласая легенда обходит обладателя самой чумовой прически в истории хоккея в списке лучших голеадоров в истории 33 Atokenoid Satokenoid Все это сложно осознать. Исторические события. Автор Андрей Лозовский,3,colloquial,Разговорный
Эпидемия в Уфе продолжает расти но тренер по физической подготовке не унывает,3,colloquial,Разговорный
Патрик Беверли отреагировал на своей странице в Twtokenoid на новость об обмене из Юты в Лейкерс Проснулся игроком Лейкерс 33 33 33 Понеслась 33 33.,3,colloquial,Разговорный
I atokenoid 39 t gotokenoid otokenoid tokenoid thtokenoid По словам Дуэйна Уэйда его любимый момент в плей офф – это третья игра Финала 2006 года против Даллас Маверикс и эта легендарная фраза. К третьей домашней игре Даллас вел в серии со счетом 2 0. Третья игра для флоридцев выдалась крайне тяжелой и едва не разгромной и к тому же необходимой поскольку с 0 3 не отыгрывалась ни одна команда в истории. По ходу четвертой четверти Хит уступали Маверикс 13 очков. Пэт Райли взял тайм аут и написал на доске Season что означало окончательный результат – поражение в матче и соответственно во всей серии. Сквозь стиснутые зубы Ди Уэйд сказал Я не уйду таким образом и изменил динамику матча набрав 15 очков в заключительной четверти 42 в матче и помог команде одержать победу в этом матче а затем и еще в трех подряд. Уже много лет на арене Хит коридоры оклеены чемпионскими фотографиями но единственные слова которые там можно найти – это та самая цитата Ди Уэйда I atokenoid’t gotokenoid otokenoid tokenoid thtokenoid которую выбрал именно Райли. Я посмотрел на время шесть с половиной минут до конца матча моя команда проигрывает 13 очков. В тот момент я сказал себе Я не уйду таким образом не в такой важный момент не у себя дома. – Дуэйн Уэйд Статистика игры – 43 минуты на площадке – 42 очка 14 26 с игры 1 2 с трехи 13 18 штрафные 13 подборов 2 передачи 2 перехвата 1 потеря 5 фолов,3,colloquial,Разговорный
Сборная Югры 2005 г. р заняла второе место в финале первенства России в Белгороде В команде 9 воспитанников СШОР Самотлор два волейболиста из Сургута и один из Покачей. Тренеры Антон Вольвич и Александр Платонов,3,colloquial,Разговорный
У Месси 16 голов и 14 ассистов за 20 матчей сезона в ПСЖ и сборной Аргентины. Лео снова на космическом уровне,3,colloquial,Разговорный
Когда в сложной позиции не выдержал и включил Stotokenoid,3,colloquial,Разговорный
Ftokenoid Монте Карло Алехандро Давидович Фокина Стефанос Циципас Обидчик Джоковича Действующий чемпион,3,colloquial,Разговорный
В преддверии 2 го тура ЮФЛ 2 предлагаем взглянуть на составленную нами символическую сборную дебютного тура сезона 22 23,3,colloquial,Разговорный
Юбилей Джакомо Агостини величайшему мотогонщику планеты 80 лет 33 Великий Аго родился 16 июня 1942 года в Брешии Италия. Его карьера пришлась на те годы бурного развития мотогонок когда Большие Мотоциклетные Призы шагали по планете семимильными шагами завоевывая новые континенты а японские производители вступили в схватку с европейскими. Джакомо Агостини всегда ассоциировался именно с итальянским мотопромом достигнув большую часть побед с MV Agtokenoid но стал неотъемлемой частью всемирной истории выступая за Yamaha.,3,colloquial,Разговорный
30 я ракетка мира российский теннисист Карен Хачанов в третьем круге Atokenoid Open уступил испанцу Рафаэлю Надалю занимающего пятое место мирового рейтинга 3 6 2 6 6 3 1 6. В четвертом раунде Открытого первенства Австралии Надаль сыграет или с россиянином Асланом Карацевым или с французом Адрианом Маннарино.,3,colloquial,Разговорный
Гарбинье Мугуруса проиграла 7 из 9 последних матчей Испанская теннисистка по итогам этой недели покинет Топ 10 мирового рейтинга,3,colloquial,Разговорный
Занимательная статистика карт где было забанено больше всех аккаунтов Ожидаемо что топ возглавляет tokenoid,3,colloquial,Разговорный
Как быстро передать сообщение если смс еще не изобрели? Берем письмо и в путь по страницам комикс игры Легенда о рыцарях Послание судьбы Путь героя никогда не был простым поэтому и в этот раз вам встретятся преграды готовые помешать отважным подвигам. Чем закончится это приключение зависит от вас. Каждое принятое решение будет вести вас на нужную страницу. Кстати тут есть два режима игры полегче за оруженосца и посложнее за рыцаря Цена 990 руб.,3,colloquial,Разговорный
Юдзу для Аджиномото Милое видео на котором снят процесс записи рекламного ролика к розыгрышу Аджиномото с Юдзу. Аджиномото производят спортивное питание и сейчас у них в официальном аккаунте Твиттера идет розыгрыш специальной серии продуктов разработанной специально под Юдзуру. Сам он поучаствовал в записи небольшого ролика к розыгрышу и мы положили для вас субтитры на короткий и милый бекстейдж с этой записи 33 ytokenoid ptokenoid 羽生結弦 team hanyu tokenoid,3,colloquial,Разговорный
. Фото 20 06 31. 12. 21 Привет владельцу жиги 33. С новым годом подснежники 33 Желаю чтоб в новом году были деньги на нештячки чтобы тачка не ломалась и не е ла мозги 33,3,colloquial,Разговорный
Зенит Семак Ловрен Сергей Семак Надеемся Ловрен приедет в Зенит после сборной и будет готов помогать команде Сергей Семак надеется на возвращение Деяна Ловрена из сборной Хорватии. – Как себя чувствует Чистяков который был заменен из за травмы? И кто еще не сможет сыграть с Арсеналом? – Ситуация по нашим травмированным игрокам практически не изменилась. Ловрен продолжает реабилитацию. Он получил вызов в национальную сборную и надеемся после этого приедет к нам и будет готов помогать команде. Что касается Димы Чистякова думаю все будет нормально и он сможет принять участие в матче. Что касается Магомеда Оздоева то он начинает с сегодняшнего дня тренироваться в общей группе. У Вендела дисквалификация не сможет принять участие. И заболел Саша Ерохин он нам тоже к сожалению не поможет в следующем матче. Про Одоевского тоже говорили – не готов. – Будут ли тактические перестроения в связи с отсутствием Вендела или вы сделаете точечную замену по позиции? – Посмотрим. Еще есть два дня. Проанализируем состояние игроков и подумаем как лучше сыграть с учетом соперника и состояния наших футболистов. Каким то игрокам удобнее выходить с тройкой центральных защитников каким то – в четверке проще. В зависимости от функционального состояния футболистов выберем ту модель по которой планируем играть – сказал тренер Зенита.,3,colloquial,Разговорный
Трехкратный чемпион CARS Late Motokenoid Stotokenoid Totokenoid Бобби Маккарти попробует квалифицироваться на гонку в Нью Гэмпшире в составе коллектива Mtokenoid. Если ему это удастся то заезд в Нью Гэмпшире станет дебютом для 29 летнего спортсмена. NASCAR Xftokenoid Botokenoid,3,colloquial,Разговорный
Скоро от этого парня будет куча видео PROБаскет ntokenoid,3,colloquial,Разговорный
Холодно в машине не греет печка тогда вам к нам промывка радиатора печки без снятия так же промывка всей системы охлаждения по отдельности,3,colloquial,Разговорный
КТО НАМ ПОМОГАЕТ Мы уже говорили что текущие события это как лакмусовая бумажка для всего нашего общества сразу стало понятно кто есть кто кто за кого кто на чьей стороне и у кого какие ценности в жизни. Вот и в оружейной среде произошло точно так же. Кто то стыдливо отмолчался типа меня это не касается моя хата с краю и вообще это все другое а кто то просто расставил приоритеты и молча пошел работать. Потому что так надо. Чем мы занимаемся вы и так уже знаете потому что следите за новостями. Но есть во всех этих схемах достать найти узнать отвезти еще один человек. Это Константин Кузнецов он же OrenGtokenoid. Костя помогал нам в поиске некоторых специализированных вещей на оружие кронштейны прицелы переходники и т. д. Частично помог с медициной. Помощь его переоценить трудно т. к. благодаря его участию у ребят в ДНР теперь есть возможность ставить кое какие теплаки на автоматы. А это знаете ли очень хороший задел в бою. Сам Костя очень много помогает высокоточникам. Так что многие снайперские выстрелы и победы на передовой это и его заслуга. А еще он снимает и пишет много чего дельного по точной стрельбе. Так что заходите не пожалеете. В качестве дружеского подгона он нам прислал свои футболки и патчи в которых мы еще на 9 мая отправились проверять угломерные и дальномерные сетки оптических приборов перископов и артиллерийских буссолей которые со следующей партией груза отправятся на передовую к бойцам легендарной Спарты. ОБ ОСТАЛЬНОМ Сбор средств по прежнему идет. Понятно что интенсивность слегка спала потому что кошельки у нас у всех не резиновые. Но радует что люди все равно находят возможность помочь хоть чем то. Кто хочет помочь по прежнему можно скинуть деньги сюда 5332 0580 6502 6821 Роман Андреевич Ю При переводе желательно отправить сообщение За наших. P. S. Кто нас уже потерял мы живые здоровые и скоро выпустим два новых сюжета. Не таких объемных как предыдущие но тоже считаем что они важны.,3,colloquial,Разговорный
Брат покупкой доволен спасибо 33 Подписывайся на магазин ссылка в комментах,3,colloquial,Разговорный
Друзья рады сообщить что наше сообщество проведет первую в своем роде викторину на знание истории Королевского клуба с денежным призом 33 Для участия в викторине необходимо стать доном нашего сообщества минимальная подписка 50руб месяц и перейти в закрытую беседу в меню взаимодействия для получения дополнительной информации 33 Викторина пройдет 10 февраля в 20 00 по московскому времени 33,3,colloquial,Разговорный
Рафа Надаль уже активно тренируется в Индиан Уэллсе Турнир стартует 10 марта. Как думаете удастся ему завоевать четвертый титул на четырех турнирах?,3,colloquial,Разговорный
Оклахома Сити Тандер – Лос Анджелес 118 110 Гилджес Александер 24 5 подборов 6 ассистов 3 перехвата Дорт 21 Мэнн 14 Уиггинс 11 6 переборов Робинсон Эрл 5 – старт Покушевский 15 6 подборов К. Уильямс 12 Бэйзли 9 9 подборов Мускала 5 Дженг 2,3,colloquial,Разговорный
Тотальная доминация Хабиба в клетке Во время боя Хабиб разговаривает с соперником заставляя его быстрее сдаться. ️,3,colloquial,Разговорный
Обзор первых полуфинальных матчей Итальянской Суперлиги Перуджа vs Модена Лубе Чивитанова vs Трентино,3,colloquial,Разговорный
Настольные ролевые игры это приключения в которых броски кубов могут радикально поменять ход событий. Это уникальные персонажи и неповторимые приключения. Это истории о бесстрашных героях бросивших вызов судьбе. Давайте выберем самый крутой выпуск к серии настольных ролевых игр 2021 года от нашего издательства. Genesys. Основная книга правил Игра Genesys позволяет проводить приключения в любом мире от магических фэнтезийных миров до чужих планет в далеком будущем. Уничтожайте орды оживших скелетов священным пламенем исследуйте новые миры на паровом дирижабле соревнуйтесь в сообразительности с инопланетными военачальниками или изобретите свой абсолютно уникальный мир 33 Ведьмак. Настольная ролевая игра Дневник охотника на чудовищ В этом дополнении вы найдете целый ряд новых чудовищ и увлекательные завязки для приключений а также подробно прописанную систему расследований. Pathftokenoid. Настольная ролевая игра. Вторая редакция. Основная книга правил Здесь вы найдете подробную информацию обо всем что понадобится вам для приключений в безграничных фэнтезийных мирах. Выберите один из народов став например эльфом человеком или гоблином и добавьте один из классов чтобы взять на себя роль алхимика воина или чародея и создать собственного уникального героя ищущего славы 33 Dtokenoid Dragons. Врата Балдура Нисхождение в Авернус В этом дополнении вас поджидают смертные грехи. Вы станете сообщником заговора который ведет на передовую Кровавой войны 33 Ваша задача – воспользоваться демоническими оружиями и сразить ими саму архидьяволицу Зариэль и ее верный легион. Сytokenoid Red. Стартовый набор В игре вы погружаетесь в постапокалиптический кибернетический мир после грандиозной войны мегакорпораций закончившейся ядерным взрывом. Вам предстоит отыгрывать персонажей живущих в 2045 году. Легенда Пяти Колец. Стартовый набор Восточное фэнтези основанное на истории культуре и легендах восточноазиатских стран Китая Японии Кореи и других. Сюжет игры происходит внутри Рокугана Изумрудной империи основанной павшими с небес потомками богов. Игроки принимают роль самурая одного из кланов во многом определяя тем самым воспитание и характер своего героя а также его боевые тактики и навыки в переговорах. Выбрать можно несколько вариантов. Голосование в этой номинации продлится до 4 февраля. Напоминаем что лучшие игры мы разыграем среди подписчиков. Жмите на колокольчик чтобы не пропускать уведомления Конкурс Hotokenoid номинация Hotokenoid,3,colloquial,Разговорный
MotoGP Герой дня Алеш Эспаргаро рассказал о своих приключениях на Гран При Нидерландов Алеш Эспаргаро из Aprtokenoid Ratokenoid вне всяких сомнений стал героем минувшего воскресенья и всей гонки Гран При Нидерландов где он был торпедирован соперником вернулся в гонку и отыграл 12 позиций став 4 м. Причем Алеш изо всех сил пытается донести до остальных что Фабио Куартараро который и сбил его на 5 м круге НЕ ЯВЛЯЕТСЯ анти героем в этой ситуации.,3,colloquial,Разговорный
Годами бегаешь без крутых скинов и мечтаешь о дорогом инвентаре? Пришло время все изменить 33 Начни свою жизнь в CS GO с чистого листа и с новым крутым дропчиком 33 Поднимай его на лучшем сайте это лидер среди опенкейсов 33 Активируй промокод CSGO22 Получи огромный бонус к пополнению,3,colloquial,Разговорный
III Postokenoid. Награждение. Победителем в номинации Лучший игрок команды стала Евгения Кучер ВК Клубничка и получила приз билет в Музей Николая Рериха. Поздравляем 33 Почетное второе. Подробнее о музее на сайтах tokentokenoid tokentokenoid tokentokenoid Фото Артем Третьяков. 13. 02. 2022. nvtokenoid,3,colloquial,Разговорный
Брайан Маклеллан рассказал о давлении на Александра Овечкина.,3,colloquial,Разговорный
Тираж крутых маек для участников Казань Комус FEST уже в пути на наш склад 33 Показываем классную форму которая достанется всем участникам отдельно купить ее будет нельзя. Бронируйте участие в Казань Комус FEST который состоится 12 13 июня Количество слотов ограничено 33 komtokenoid,3,colloquial,Разговорный
Всероссийские соревнования посвященные 55 летию Тольяттинского спидвея Speetokenoid Togtokenoid MegaLatokenoid 18. 09. 2022 г. Тольятти СТК им. А. Степанова Церемония награждения и закрытия сезона,3,colloquial,Разговорный
Доброе утро 33 Если не сложно 33 Опубликуйте 33 Все как в старых правилах Дзюдо участвуют все желающие 33,3,colloquial,Разговорный
Это было воскресенье на Нижегородском кольце 33 Сегодня уже вчера на втором этапе РСКГ 2022 присутствовали целых три представителя группы и привезли с собой сотни фотографий разобрав и обработав которые мы представим подробный и красочный фотоотчет 33 РСКГ TCR TCRRtokenoid Ratokenoid Totokenoid,3,colloquial,Разговорный
Генменеджер Каролины уверен в скором подписании контракта с Мартином Нечасом. Мы общаемся почти каждый день и приближаемся к сделке. Я могу говорить только за себя но все будет – сказал Дон Уодделл. По данным CapFrtokenoid у Харрикейнс осталось около 1 9 млн долларов свободного места в платежной ведомости.,3,colloquial,Разговорный
Андрей Сафронов Капризов напоминает Крутова. Они похожи катанием движением анатомическим сложением Андрей Сафронов сравнил Кирилла Капризова с Владимиром Крутовым. И за Кучерова с Василевским надо переживать чтобы ребята все таки стали трехкратными обладателями Кубка Стэнли и за Капризова который большим трудом и своей работой добивается того что имеет. Капризов – какие то специалисты наверное прочтут и удивятся – во многих отношениях напоминает мне великого хоккеиста Владимира Крутова. Вроде чего то не хватает а все есть. Вроде все есть а есть и еще что то дополнительно. Это боец который будет продолжать удивлять болельщиков своим русским залихватским характером – так же как и Панарин. Про Панарина говорю меньше потому что он праворукий нападающий а Капризов – леворукий как был и Владимир Евгеньевич Крутов. Они чем то похожи катанием движением анатомическим сложением. Думаю от Капризова и Панарина можно ждать прорыва – сказал бывший генеральный менеджер сборной России.,3,colloquial,Разговорный
Статистика Обамеянга за Барселону 11 матчей ️ 9 голов 1 ассист Алемани спасибо 33,3,colloquial,Разговорный
MotoGP Квартараро Абсолютно не было зацепа на первом круге По итогам всех практик MotoGP ГП Аргентины Фабио Квартараро занимал место в ТОП 5 стартовал в гонке шестым но финишировал действующий чемпион мира лишь восьмым. FQ20 сильно провалился в начале гонки после первого круга пилот Yamaha занимал 9 место а после второго – 13. Мой старт не был лучшим но до поворота я еще был 7 м. После меня обогнало еще больше гонщиков на длинной прямой. Первый круг стал для меня ночным кошмаром. У меня абсолютно не было зацепа. Первые два круга прошли разочаровывающе потому что я потерял очень много позиций. Начиная с четвертого круга ситуация немного улучшилась. Но на старте уровень сцепления был хуже чем на практиках. Это очень расстраивает. Когда резина чуть износилась стал быстрее. Но на тот момент я отстал уже слишком сильно. Очень рад за Алейша потому что он очень усердно работал ради этого результата. Когда я выиграл свою первую гонку – это был лучший момент в моей карьере. Думаю для него эта победа еще ценнее после 200 Гран При.,3,colloquial,Разговорный
Чикаго сравнял счет в серии с действующими чемпионами ️ Милуоки Чикаго 110 114 28 29 21 34 31 24 30 27 Милуоки Антетокунмпо 33 18 подборов 9 передач Лопез 25 6 подборов Миддлтон 18 5 подборов 8 передач Холидэй 15 6 подборов 6 передач Мэттьюс 11 Аллен 3 Коннаутон 3 Портис 2 Картер 0 Чикаго Дерозан 41 7 подборов Вучевич 24 13 подборов Лавин 20 Уильямс 10 9 подборов Карузо 9 10 передач Уайт 5 Джонс 3 Грин 2 5 подборов Досунму 0 Томпсон 0 Счет в серии 1 1 результатыtokentokenoid,3,colloquial,Разговорный
В Приморье планируют построить современный горнолыжный курорт Инвестиционный проект создания горнолыжного курорта на базе краевой школы Олимпийского резерва Белая Гора в Арсеньеве обсудили в четверг 27 января на совещании которое провел Губернатор Приморского края Олег Кожемяко. Проект планируют реализовать на принципах государственно частного партнерства концессии.,3,colloquial,Разговорный
Жена Виктора Вальдеса очень сочная женщина Предлагаем вам поддержать ее лайком только не приближайте третью фоточку,3,colloquial,Разговорный
MotoGP М. Маркес Телеметрия не допускает лжи – я был слишком быстр Марк Маркес не выглядел особенно обеспокоенным вечером после первых практик ГП Индонезии несмотря на лишь 22 место в итоговом протоколе MotoGP и падение под конец второй практики. Марк Маркес Новый каркас задней покрышки более жесткий что изменяет площадь контакта резины с асфальтом – она стала меньше и соответственно сцепление тоже уменьшилось. Тем не менее гоночный темп хороший и я чувствую себя неплохо. Ожидал худшего. Конечно демонстрировать хороший темп сложнее чем на тестах но мы на неплохом уровне. Посмотрим сможем ли мы завтра стать лучше и быстрее. Авария случилась в неподходящее время. Но когда пытаешься проехать реально быстрый круг такое может случиться. В целом я доволен днем. Жаль только что из за падения мы не в ТОП 10 а это было целью. Причина падения? Я слишком сильно затормозил был слишком быстр. Сказал это сразу же как только вернулся в боксы. Телеметрия не допускает лжи да и не нужно врать. Я пересек грань. Посмотрим как буду чувствовать себя завтра. Надо будет постараться пробиться в ТОП 3 по итогам FP3. С мягкими покрышкам сразу же почувствовал себя хорошо но не смог закончить круг. В целом я бы сказал день прошел хорошо. Надеюсь завтра утром будет сухо.,3,colloquial,Разговорный
tokenoid mma tokenoid makamma ️ ФОРМА САШИ и ЖАИРЗИНЬЁ ПРЕД БОЕМ Бой пройдет в ночь с субботы на воскресенье около 2х часов ночи,3,colloquial,Разговорный
Всем привет Есть ли у кого нибудь эти штучки целые и ненужные?,3,colloquial,Разговорный
Crossotokenoid это клиентская онлайн игра выполненная в жанре постапoкалиптического экшна где игроку предстоит собрать из десятков запчастей уникальный броневик и сражаться в жарких боях. В игре предоставлена полная свобода действий возможность собрать машину любой сложности и формы отстреливaть необходимые детали с вражеских броневиков использовать огромный ассортимент оружия и брони а также создавать аксессуары в собственной мастерской. Главная задача победить и остаться в живых 33 Ссылка на игру,3,colloquial,Разговорный
news LampPost warhammer mertokenoid Я чувствую что вы уже начали забывать о существовании джойтоя. Поэтому держите новости. 1 Показали примарис бладов с заманчивыми нагрудниками и дредноутом. 2 Сообщение от одного из сотрудников джойтоя о том что они движутся в верном направлении и готовятся показывать еще больше новинок скорость выхода которых зависит от гв и уже готовы большие механические Тираны маршалы чемпионы механические монахи запретная трупса и монахини кидайте ваши предположения на что намекает этот господин. 3 На ебее появился лот с покрашенным под несущих слово макфарлайн хсма которого еще не показывали.,3,colloquial,Разговорный
Дизайнеры Мелуси вдохновились работой австрийского художника Густава Климта Портрет Адели Блох Бауэр I Золотая Адель. Новость от Марии Руссе Pretokenoid,3,colloquial,Разговорный
Доброго утра друзья 33 33 33 Потерянные и затерянные фото от 02 октября с объекта САЖА Найдены и возвращены в группу,3,colloquial,Разговорный
Играем против XSET в первом раунде квалификации для топ 16 33 Трансляция RL G2ARMY Rotokenoid,3,colloquial,Разговорный
В продаже договорной матч 33 Заход уверенный Коэффициент 3. 30 3. 50 Цена просто копейки 1000₽ Для новичков Акция оплата 50 50 33 33 33 Мест всего 15 Писать строго по делу куплю матч Жду всех желающих,3,colloquial,Разговорный
Финальный круг квалификации турнира WTA 250 в Палермо Элина Аванесян Каролина Алвес 6 3 7 5 Россиянка вышла в основную сетку турнира,3,colloquial,Разговорный
ЕЩЁ ОДИН ОТЧЁТ ПО СБОРАМ Помните некоторое время назад мы делали сбор на пошив бескаркасных носилок? Они уже давно сделаны просто до отчета добрались только сейчас. Изготовили в количестве 50 штук. 45 штук уехало за ленточку сначала в Спарту а там спартанцы уже сами раздадут излишки по соседним подразделениям кому они нужны. Еще 5 уехало нам уже на наши нужды потому что их же запросило несколько людей из силовых ведомств нашего города. Носилки выдерживают переноску 150 Кг. Т. е. требуемый для такого изделия вес 120 кг человек в полной снаряге и броне они выдерживают с запасом. Носилки имеют по 4 рукояти с каждой стороны. 2 и 3 расположены ближе к середине так чтобы носилки было удобно нести не только 8 но и 6 людям. Туда добавились стропы с фастексами для фиксации переносимого человека на них. Не для того чтобы он не вывалился с них а чтобы носилки под ним не сгрудились если он вдруг начнет как то двигаться пока лежит на полу земле каталке. Размер носилок 186х75 см. Вес 860 870 граммов. Сворачиваются в весьма компактный сверток длиной 30 см и диаметром 15 16 см. Ткань Оксфорд 600. Стропы нейлон шириной 45мм сторона на которую нужно укладывать раненого с которой не видно строп. При начале работы по этому направлению ребята которые их шили закупили материала еще на 50 штук сверх того что мы заказали пока ткань была дешевая. Поэтому если кто то ищет такие носилки для того чтобы отправить их на передовую своим знакомым можете взять это здесь. При отправке на фронт ценник решили сделать по себестоимости отправка до вас. Себестоимость вышла 1500 р. Если хотите себе в личные нужды ценник 1800 р доставка до вас. Без обид товарищи но вся работа сейчас на фронт и на индивидуальные заказы приходится отвлекать людей от основного производства а 300 рублей девочке швее за сверхурочную работу это не так уж и много. По всем вопросам пишите админу группы Роме Гюрзовскому. И сбор наш по прежнему продолжается. На данный момент оказывается посильная помощь Инженерно Саперному Батальону какому увы сказать не можем который выполняет задачи на одном из горячих направлений делают разграждения в минных полях да и просто очищают освобожденную территорию от неразрывов. Но война есть война и без неприятных моментов тут не обходится часть их имущества была утрачена. И сейчас им требуется некоторый перечень вещей минимум 5 металлоискателей читай миноискателей снайперской группе которая наблюдает за местностью и прикрывает действия саперов очень нужно два теплака и два ночника на СВД. Этот сбор лежит не только на нас к нему подключено еще несколько сообществ. Но на данный момент считаю жизненно необходимым помочь конкретно этому подразделению. Помочь деньгами можно сюда 5332 0580 6502 6821 Роман Андреевич Ю При переводе желательно отправить сообщение За наших. Все не проходит даром и Победа будет непременно За НАМИ 33 P. S. На первой фотке одмен шел шел и че т приуныл.,3,colloquial,Разговорный
30 МИНУТ НА VR ЗОНЕ БЕСПЛАТНО Объявляем розыгрыш для подписчиков группы Батут парка Ангар и предоставляем возможность победителю бесплатно поиграть в нашей VR зоне 30 минут 33 Круто согласны? Чтобы участвовать в розыгрыше нужно 1. Быть подписчиком группы Батут парка Ангар 2. Нажать в шапке группы Рекомендовать и подписаться на уведомления 3. Ждать победы Розыгрыш проведем 8 сентября в нашей группе при помощи рандомайзера и определим победителя который получит 30 МИНУТ НА VR ЗОНЕ Ангар Иркутск Ангар интересное Просто тренируйся Иркутск Досуг Спорт Экстрим Паркур,3,colloquial,Разговорный
Футболки для болельщиков сборной России Заказывай со скидкой,3,colloquial,Разговорный
Пупей отправляется в сетку лузеров Ttokenoid выходят в финал и уже точно топ2 инта Setokenoid 1 2 Ttokenoid,3,colloquial,Разговорный
Кидайте ваши беговые фоточки для публикации в комментарии к этому посту ⬇️ А сейчас своим прекрасным бегом зарядом бодрости и позитива делятся наши беговые друзья участники нашей группы Рафаэль Шарафеев tokenoidtokenoid Сайдулин tokenoidtokenoid Седов tokenoidtokenoid. tokenoid tokentokenoid tokenoidtokenoid Коренева tokenoidtokenoid Дедю tokenoidtokenoid Троценко tokenoidtokenoid Падуков tokenoidtokenoid. atokenoid Спасибо за отличный бег дорогие друзья 33 Отличных вам стартов легкости в ногах и быстрых бегокилометров 33 бегжизнь делисьбегом спорт забег пробежка rtokenoid беганутые полумарафон,3,colloquial,Разговорный
Расписание игрового дня в ВХЛ 24. 10. 2022 Металлург Молот 14 00 МСК Омские Крылья Торос 16 00 МСК Рубин Динамо СПб 17 00 МСК Югра СКА Нева 17 00 МСК Буран Горняк УГМК 19 00 МСК Ростов Зауралье 19 30 МСК,3,colloquial,Разговорный
Наша организация занимает 6 место по количеству упоминаний в Twtokenoid за первое полугодие G2ARMY TWITTER,3,colloquial,Разговорный
Призеры женского спринта классическим стилем на Чемпионате России Юлия Ступак Анна Грухвина Алена Баранова,3,colloquial,Разговорный
МЕДВЕДЕВ Я ПОЛНОСТЬЮ ЗА МИР Российский теннисист Даниил Медведев высказался о ситуации на Украине. Будучи теннисистом я хочу продвигать идеи мира. Мы играем во многих различных странах. Я был во многих странах еще на юниорском и уже на взрослом уровне. Мне сложно слышать и видеть все эти новости. Я полностью за мир newstokentokenoid Metokenoid,3,colloquial,Разговорный
Вам не нужно теперь ломать голову что подарить на праздник. Порадуйте своих близких подарите им бурю эмоций 33 Цены снижены 33 Подробности здесь tokentokenoid,3,colloquial,Разговорный
Краснодар 2022 Плохиш 150 За Зенит 33 ВиктОр 150 За Зенит 33 От души поздравляем 33 Также напоминаем что по желанию выездюков мы можем разместить их фото с первого и юбилейных выездов чтобы список перестал быть просто списком и можно было увидеть тех кто отдал много и даже очень много лет своей жизни выездной поддержке нашей команды. Как это приблизительно будет выглядеть можно посмотреть на примере тех кто уже скинул фотки Кому по душе данная идея присылайте свои фото в личку Кто пробил 100 выездов нужны две фотографии. С первого выезда или приближенная к этому по времени связанная с футболом и с 100 выезда. Также написать дату первого выезда. Те кто преодолел планку в 200 нужно прислать 3 фотографии. С 1 100 и 200 выезда соответственно – и даты когда они были. Те кто преодолел планку в 300 нужно прислать 4 фотографии. С 1 100 200 и 300 выезда соответственно – и даты когда они были.,3,colloquial,Разговорный
Барселона собрала 17 тонн еды для беженцев из Украины в Каталонии В марте клуб объявил о совместной кампании с Красным Крестом по сбору продуктов для младенцев и детей прибывших в Каталонию с семьями из Украины. За неделю кампании в пунктах сбора у стадиона Камп Ноу было собрано 17 тонн продуктов и детского питания. Сильный поступок уважаю. Все были бы такими добродушными а вы что думаете по это поводу?,3,colloquial,Разговорный
Когда говорят любви достойна только мать ️ мне обидно за отца,3,colloquial,Разговорный
Всем привет 33 Ищу мастера МСК либо область. Работы которые нужно сделать замена масла замена дисков и плиты сцепления. Установка датчика масла нет стакана может на месте что то придумаем. Установить tokenoid разъем установка дуг. Ценник за работу пожалуйста в лс.,3,colloquial,Разговорный
От автора быстрейший на акине? у кого какие рекорды? ? От адм. ну хуй знает 05 39 10 39 082 на Акине 2017 в корсе на спеке Такуми первой стадии в Стрит Стагу не играю.,3,colloquial,Разговорный
Джош Хо Сэнг высказался о дебюте в КХЛ Я очень рад выйти в форме Салавата Юлаева в первом матче КХЛ. Для меня это честь. Скажу честно пока привыкаю к стилю игры в лиге после НХЛ и АХЛ. Я приехал в Россию делать шоу радовать болельщиков своей игрой. Для меня важен красивый и яркий хоккей. Вчера я был удивлен как соперник останавливал атаки. Постоянные зацепы жесткие удары после атак на скорости что может привести к повреждению. – После матча мы увидели как врачи оказывают вас помощь. Как ваше здоровье? – Да я доигрывал игру с травмой. Бежал в атаку на скорости был уже без шайбы со мной произошло столкновение. Я просто хочу чтобы мы вместе развивали КХЛ делали шоу для наших любимых фанатов. В России много классных хоккеистов и если их будут дополнительно защищать правила то игра станет намного привлекательнее. Хочу как можно скорее вернуться на лед и снова радовать всех своей игрой – сказал Хо Сэнг.,3,colloquial,Разговорный
Ига Свентек выиграла 36 й матч в сезоне и 27 й подряд Полька уже повторила свой личный рекорд по числу побед на сезон. Столько матчей она выиграла за весь прошлый сезон. Это четвертая по длительности победная серия в XXI веке. Больше только у Жюстин Энен 32 матча подряд Серены Уильямс 34 победы и Винус Уильямс 35 побед.,3,colloquial,Разговорный
Рубрика На спорте с Филь Владимиром. Статические упражнения. Статические упражнения нужны для того чтобы задействовать в работе красный медленный тип мышечных волокон. Именно окислительные мышечные волокна дают возможность выполнять монотонные и длительные упражнения. Они хуже поддаются гипертрофии и работают скорее на выносливость. В противоположность этому белые быстрые волокна обеспечивают взрывную силу мышц в динамике. Кроме этого упражнения на статику укрепляют миофасции соединительную ткань окружающую мускулатуру и связки. В результате развивается способность тела работать связанно.,3,colloquial,Разговорный
Новак Джокович прибыл в Лондон для участия на Кубке Лэйвера где проведет свои первые соревнования после Уимблдона photostokentokenoid Djokovtokenoid,3,colloquial,Разговорный
Хотите что то добавить на полку со своими играми? Расскажите какую настольную игру хотите купить 33 настолокмногонебывает,3,colloquial,Разговорный
В 2020 году etokenoid и s1mptokenoid вместе подписали контракт до текущего года но сегодня его продлил только Саня. NAVI или сам Денис приняли решение не продлевать сотрудничество?,3,colloquial,Разговорный
Сергей Гимаев младший высказался о ходе серии Кубка Гагарина между Металлургом и Авангардом. 28 марта команды сыграют в Балашихе при счете 3 2 в серии в пользу магнитогорцев. Конечно мы все прекрасно понимаем что ахиллесовой пятой Авангарда является защита. Играть в четыре с половиной защитника в серии против столь мощного соперника как Металлург – очень тяжело. И все эти поражения являются следствием нехватки игроков обороны. Также хотел бы отметить тренерский штаб Металлурга который очень гибко себя ведет. Он сумел перестроиться и найти ключи к обороне Авангарда. Игроки Металлурга сейчас забрасывают в среднем по пять шайб. Что может сыграть за Авангард? Я бы вспомнил шестую игру команды в серии с Ак Барсом когда у них были такие же проблемы с защитниками. Но они сумели сыграть дисциплинированно и строго – так же как и всегда играют команды Боба Хартли. Поэтому у Металлурга сегодня будет сложный матч. Я бы в нем не отдавал явного предпочтения гостям. Хоть магнитогорцы и приучили нас к тому что они выигрывают в последних матчах но Авангард может собраться и зацепить дома одну игру – заявил бывший защитник клубов КХЛ.,3,colloquial,Разговорный
news LampPost hortokenoid Не вижу разницы с классическим мк6. На этой неделе в качестве ересового четверга гв показывает форджовые смоляные апгрейды на белых шрамов для марк6 брони.,3,colloquial,Разговорный
Вот и выросло поколение которое не знает слова пионербол komtokenoid,3,colloquial,Разговорный
Лучший снайпер прошлого сезона стал игроком Сарыарки Состав хоккейного клуба Сарыарка пополнил нападающий Герман Шапорев. Прошлый сезон форвард начинал в Бейбарысе затем перешел в усть каменогорское Алтай Торпедо а заканчивал сезон матчами плей офф за Торпедо. Шапорев набрал 51 40 11 очков став первым снайпером и восьмым бомбардиром сезона в чемпионате Казахстана. Также хоккеист имеет опыт выступления в КХЛ за Куньлунь Ред Стар и Витязь. В ВХЛ Герман Шапорев играл за Тамбов и Рязань.,3,colloquial,Разговорный
ВСЁ 33 МОСКОВСКОЕ ДИНАМО ЧЕМПИОН РОССИИ ВТОРОЙ ГОД ПОДРЯД Абсолютно заслуженная победа 33 Браво команда 33 Браво Константин Брянский ФиналШести,3,colloquial,Разговорный
С днем физической культуры и спорта 33 Этот праздник отмечают тренеры преподаватели физической культуры спортсмены. Спорт несет людям здоровье силу красоту закаляет характер учит преодолевать трудности. Особые слова уважения ‒ спортсменам которые на соревнованиях достойно демонстрируют свой высокий уровень подготовки мужество и волю к победе. Желаем огромных успехов удачи и крепкого здоровья 33 Будьте всегда на высоте и служите наглядным примером для всех. Желаем вам добиться звания чемпионов. Пусть любимые занятия спортом приносят только бодрость духа и хорошее настроение 33,3,colloquial,Разговорный
Итальянский Ювентус со счетом 3 4 проиграл португальской Бенфике в гостевом матче пятого тура группового этапа Лиги чемпионов и лишился шансов на выход в плей офф турнира. Встреча прошла во вторник в Лиссабоне. В составе победителей забитыми мячами отметились Антониу Силва 17 я минута Жоау Мариу 28 с пенальти и Рафа Силва 35 50. У проигравших отличились Мойзе Кин 21 Аркадиуш Милик 77 и Уэстон Маккенни 79. В другом матче группы Н французский ПСЖ дома со счетом 7 2 обыграл израильский Маккаби из Хайфы. В турнирной таблице ПСЖ занимает первое место 11 очков далее идут Бенфика 11 Ювентус 3 и Маккаби 3. ПСЖ и Бенфика гарантировали выход в 1 8 финала Лиги чемпионов. Команда занявшая третье место выйдет в плей офф Лиги Европы. Ювентус впервые с сезона 2013 14 не сыграет в плей офф Лиги чемпионов. В 2015 и 2017 годах команда выходила в финал турнира. Туринцы дважды становились победителями самого престижного клубного турнира Европы 1985 1996.,3,colloquial,Разговорный
В 2018 году английский журнал Fotokenoid кто из вратарей за всю историю Премьер Лиги лучший по матчам на ноль? Входе исследований они вычислили коэффициент сухарей каждого голкипера который выступал в АПЛ с 1992 года и имеющий 50 или больше матчей. Вашему вниманию ТОП 10 голкиперов с наивысшим коэффициентом матчей на ноль на 2018 год 1️⃣ Пепе Рейна 47. 02 ️ 285 матчей из них 134 на ноль 2️⃣ Петр Чех 45. 68 ️ 440 матчей из них 201 на ноль 3️⃣ Эдвин Ван Дер Сар 42. 17 ️ 313 матчей из них 132 на ноль 4️⃣ Петер Шиейхель 41. 29 ️ 310 матчей из них 128 на ноль 5️⃣ Дэвид Симэн 40. 70 ️ 344 матчей из них 140 на ноль 6️⃣ Карло Кудичи 39. 75 ️ 161 матч из них 64 на ноль 7️⃣ Томаш Кущак 39. 36 ️ 63 матчаиз них 25 на ноль 8️⃣ Мануэль Альмуния 39. 45 ️ 109 матчей из них 43 на ноль 9️⃣ Бобби Миммс 39. 34 ️ 61 матч из них 24 на ноль Давид Де Хеа 39 ️ 241 матч из них 94 на ноль,3,colloquial,Разговорный
Когда вроде забил но не понимаешь что за люди вокруг тебя и где Бэкстрем и Кузнецов,3,colloquial,Разговорный
Минуточка рекламы на волнах Старого Фонаря Большая осенняя распродажа скидки почти на весь ассортимент от 30 до 70. Бесплатная доставка по РФ от 2490 руб. в подарок к каждому заказу миниатюры. Сроки проведения до 31 октября. Заказ оформить можно либо в нашей группе ВК либо на нашем сайте,3,colloquial,Разговорный
Сборная Германии победила китайцев в олимпийском турнире,3,colloquial,Разговорный
Привет 33 Подскажите ультра бюджетный вариант пожалуйста вилки на замену RST Sattokenoid Two 120мм под 26 колеса ротор 160мм. В среднем 400 км в месяц катаю на работу по городу редко в лес. Выше обычного бордюра не прыгаю. Бюджет около 8000 косых. На глаза попался бу Rotokenoid xtokenoid TK 26 QR за 8000руб в хор состоянии и новая Вилка 26 Stokenoid XCM30 за 5300. Заранее признателен за обратную связь,3,colloquial,Разговорный
Шахматист Ханс Ниманн подал на Магнуса Карлсена в суд 33 За причинение разрушительного ущерба репутации карьере и жизни 19 летний Ниманн требует 100 миллионов долларов,3,colloquial,Разговорный
Я не считаю что мои самые быстрые результаты в прошлом. Все зависит от преданности спорту. Каждый год я был травмирован в какой нибудь отрезок сезона поэтому самое главное – оставаться без травм быть более сосредоточенным на беге и не отвлекаться. Тогда я смогу больше работать Усэйн Болт.,3,colloquial,Разговорный
Кубок ЕКВ 2021 2022. ФИНАЛ. 2 й матч Тур Франция Монца Италия,3,colloquial,Разговорный
Первенство страны по марафонскому бегу Статья из газеты Правда 1952 год. rtokenoid sport бег легкаяАтлетика спорт пробежка марафон марафонскийбег бегун,3,colloquial,Разговорный
Заявочный список на предстоящую гонку серии ARCA совмещенную с ARCAWest которая пройдет в Финиксе. NASCAR,3,colloquial,Разговорный
Эфир открыт скорее присоединяйтесь к просмотру 3 го дня PMGC 33 PMGC2022 PMGC BETHEONE,3,colloquial,Разговорный
Вышел обзор от Geek Metokenoid на игру Улицы В этом видео Саша рассказывает правила и делится мнением об игре. Похожи ли Улицы на Деревни? И чем они напомнили ему Каркассон? Цена 2 490 руб. Уже успели поиграть в Улицы? Поделитесь своими впечатлениями,3,colloquial,Разговорный
Семикратному чемпиону мира Формулы 1 Льюис Хэмилтон надо сосредоточиться на гонках а не на разногласиях с FIA и обидах на Mertokenoid об этом заявила автоспортивный менеджер и эксперт Оксана Косаченко. В начале гоночного уик энда британский пилот устроил мини протест из за правил FIA по поводу украшений а по окончании этапа обрушился с критикой на команду из за просчета с пит стопом под сейфти каром. Меньше всего в этой гонке я думала про Хэмилтона. Есть такое ощущение что все эти противоречия с украшениями командой и обидки сказываются на выступлениях Льюиса. Куда более собранный молодой Рассел влегкую его объезжает. Борьба между ними была интересная они трижды менялись туда сюда – сказала Оксана Косаченко изданию Спорт Экспресс.,3,colloquial,Разговорный
Приглашение в беседу 39 В Моем сердце ФК Бавария Мюнхен Беседа создана с целью общения людей между собой,3,colloquial,Разговорный
По итогам минувшей недели беларуска Арина Соболенко поднялась на две позиции в чемпионской гонке WTA. Лидером остается полька Ига Свентек. В Топ 10 остаются две россиянки Дарья Касаткина и Вероника Кудерметова. Чемпионская гонка WTA. Версия от 17 октября 2022 года 1. 1 Ига Свентек Польша 10335 очков 2. 2 Онс Жабер Тунис 4555 3. 3 Джессика Пегула США 3417 4. 4 Кори Гофф США 3082 5. 7 Арина Соболенко Беларусь 2870 6. 5 Каролин Гарсия Франция 2896 7. 6 Дарья Касаткина Россия 2885 8. 8 Симона Халеп Румыния 2661 9. 9 Вероника Кудерметова Россия ﻿ 2606 10. 10 Мария Саккари Греция 2537. . . 18. 18 Екатерина Александрова Россия 1910. . . 22. 22 Людмила Самсонова Россия 1806. . . 40. 43 Анастасия Потапова Россия 1138. . . 66. 62 Анна Калинская﻿ Россия 683. . . 86. 84 Варвара Грачева Россия 476. . . ﻿﻿﻿﻿﻿﻿﻿﻿ 92. 158 Анна Блинкова Россия 442 94. 97 Камилла Рахимова Россия 436,3,colloquial,Разговорный
Покажите свою потдержку вступите пожалуйста вам не сложно а нам приятно 33 33,3,colloquial,Разговорный
ЧИТАЕМ ПОСТ ДО КОНЦА Завтра 6 октября полеты на мотопараплане в Пирогово приглашаем всех желающих с 12 00 до 14 00. Строго по ПРЕДВАРИТЕЛЬНОЙ ЗАПИСИ количество мест ограничено 33 Запись только по телефону 8 950 177 77 00 Если вы приехали с запахом алкоголя в полете вам будет отказано 33 33 33 Телефон для связи 8 950 177 77 00 ОДЕЖДА Горнолыжный костюм теплая обувь. На аэродроме работают вертолеты СанАвиации к ним подходить строго запрещено ШТРАФ 250 млн. руб. На аэродроме базируются самолеты АН 2 к ним подходить строго запрещено ШТРАФ 3 5 млн. руб.,3,colloquial,Разговорный
Dtokenoid продлевает стратегическое партнерство с Lenovo в MotoGP технологии ускоряющие работу В 2018 году Dtokenoid Corse впервые объявила о начале сотрудничества с китайским производителем компьютерной техники Lenovo. За 37 лет своего существования Lenovo выросла в одного из глобальных IT гигантов какие технологии производитель ноутбуков может предложить такому партнеру как Dtokenoid и как это может ускорить работу гоночного департамента в MotoGP?,3,colloquial,Разговорный
Севилья просто проигрывает в стартовом матче Лиги Чемпионов Клубы Лиги Европы,3,colloquial,Разговорный
Все фанаты ММА когда боец выбирает денежный бой вместо титульника.,3,colloquial,Разговорный
Ковалев возвращается в Зенит СПб ️ Связующий Дмитрий Ковалев переходит из Белогорья в петербургский Зенит цвета которого уже защищал два сезона 2019 – 2021. Вместе с Зенитом он стал серебряным призером чемпионата России 2021 после чего ушел в Белогорье где был основным связующим. Белгородская команда заняла 6 е место в чемпионате России. Ожидается что в Зените Ковалев будет конкурировать за место в составе с Игорем Кобзарем у которого действующий контракт с петербургским клубом. transfersMtokentokenoid RUSCMtokentokenoid,3,colloquial,Разговорный
Трэйси Макгрэйди считает что в случае перехода в Лейкерс разыгрывающий Хорнетс Ламело Болл сможет максимально раскрыть свой потенциал и стать лицом НБА. Журналист Кто будет лицом НБА в следующие 10 лет? Выбор между Джа Лукой Трэем и Ламело. Макгрэйди Кто то из пары Ламело и Джа. Особенно если Ламело окажется в Лос Анджелесе потому что он просто создан для этого. По характеру по типажу он создан для этого. Считаю что он может стать лицом лиги.,3,colloquial,Разговорный
Смотрите матч Спартак – Зенит на Кинопоиске. Дарим 45 дней по промокоду WATCHSPARTAK Наслаждайтесь футболом,3,colloquial,Разговорный
news LampPost warhammer40k BREAKING 33 33 33 ГВ наконец то показали берсаков Пожирателей Миров 33 А не показалось. Это же скватовские Берсерки Хтонии.,3,colloquial,Разговорный
Александр Легков В свой день рождения почему то наткнулся на эти фотографии. Нахожусь на Лауре где когда то в далеком 2014 году именно здесь я выиграл свою золотую олимпийскую медаль. Сегодня проеду километров 30 по своим олимпийским трассам. Спасибо Господи за то что я имею в этом момент. Мне исполнилось 39 лет,3,colloquial,Разговорный
С днем рождения Алексей 33 Сегодня защитнику нашего клуба исполняется 29 лет 33 Мы от всего сердца поздравляем Алексея с праздником и желаем ему спортивного азарта ярких побед на поле и в жизни крепкого здоровья и конечно же чтоб травмы обходили стороной 33,3,colloquial,Разговорный
Не новость но очередное подтверждение слухов Инсайдер Даррен Дрегер сообщил что Сент Луис входит в 5 ку команд проявляющих наибольший интерес к Джейкобу Чикрану Также более прочих защитником Аризоны интересуются Лос Анджелес Флорида Бостон и Анахайм.,3,colloquial,Разговорный
Антуан Бризар пристально следит за этой передачей от Алессандро Микелетто,3,colloquial,Разговорный
Рост 178 Кольцо 303 Первый данк с ведения данкотподписчика,3,colloquial,Разговорный
На 73 м году жизни скончался один из лучших защитников в истории Зенита Владимир Голубев Голубев провел за петербургский клуб 384 матча забил 7 голов и долгие годы был капитаном команды Помним,3,colloquial,Разговорный
Если где то есть популярный фильм или сериал с ним уже наверняка сделали Ftokenoid POP или Монополию Как думаете стоит ждать Монополию по Игре в кальмара?,3,colloquial,Разговорный
Форвард Голден Стэйт Дрэймонд Грин порассуждал в твиттере на тему сравнению разных баскетбольных эпох. По мнению Грина сравнивать команды и игроков разных времен не совсем корректно при этом он отметил что калифорнийский коллектив образца 2017 года справился бы с легендарным Чикаго 90 х Майкла Джордана. Вопрос. Когда все они сравнивают эпохи то берут во внимание гигантскую разницу в стиле игры? Независимо от ответа очень глупо сравнивать между собой разные эпохи. Смотрю на Буллс 98 го против Юты в финале. . . Не могу не отметить что наша команда 2017 года обыграла бы Чикаго Майкла Джордана с двузначной разницей а Джаз с разницей в 40 очков если бы они играли в таком стиле. Именно поэтому глупо сравнивать эпохи. Буллс 96 го Буллс 98 го. Я настаиваю на этом 33 Учитесь ценить вещи такими какие они есть. Анализируйте игру. И не заводите бесполезные споры – написал 32 летний Грин. Draymontokenoid Dtokenoid Warrtokenoid,3,colloquial,Разговорный
кино странаушу Мастер убийца Гонконг Тайвань. 1980 г. Ван Хон чан. Сценарий Ван Хон чан. Продюсер Хуан Мон. Оператор Ван Вэнь ляо. В ролях Юэнь Лан Казанова Вонг Филипп Ко Боло Янг Лин Танг Чань Лау Джекки Чан Чун Кам Шан Хе. Мастер Мин подло убивает наставника соперничающей школы мастера Туна. Но у Туна остаются два сына которые клянутся жестоко отомстить убийце даже если им придется пожертвовать собственной жизнью.,3,colloquial,Разговорный
Команда ВОСТОК начнет подготовку к сезону в начале мая. Speetokenoid stokenoid vostok sport25pro У спидвейного клуба Восток Владивосток произошли изменения в руководстве. Главный тренер команды Игорь Столяров выразил надежду что произойдут позитивные изменения. Пока для Востока все сдвинулось с мертвой финансовой точки и команда готовится приступить к сборам в Уссурийске. Спорт 25 с последними новостями из стана приморской спидвейной команды. А таких новостей несколько. Одним из позитивных моментов стало то что в команде ликвидирована потребность по запчастям. То есть появилась возможность максимально восстановить технику перед новым сезоном спидвея России. Однако при этом геополитическая обстановка не позволяет закупить новые покрышки. Самая хорошая новость что Гриша Лагута дал согласие выступать за нашу команду. С запчастями вопрос практически решился. Технически мы готовы к участию в чемпионате. Хочу сказать огромное спасибо тому человеку который когда то в далеком прошлом ездил за нашу команду а сейчас рискнул своими деньгами вложил их и купил запчасти которые нам нужны. Сейчас когда начали поступать средства из краевого бюджета мы начали эти запчасти забирать. Одно но ни одна команда не может найти дилера по вопросу резины задних покрышек. Начало чемпионата мы проведем на той резине которая осталась с прошлого сезона рассказал корреспонденту Спорта 25 главный тренер спидвейного клуба Восток Владивосток Игорь Столяров. Вопрос с поставками резины должен решиться в течение двух трех месяцев таким образом есть надежда что большую часть сезона парни будут гонять на новых покрышках. Что уже точно не удастся обновить так это форму продолжил Столяров. Кое что из формы мы купили на половину команды. Денег хватило на мотоботы и шлемы. К сожалению мы уже опоздали пошить комбинезоны. Также наставник спидвейного клуба Восток рассказал о реорганизации в руководстве приморской команды. Теперь у нас новый директор это Игорь Геннадьевич Черных. Он спортсмен выступает на аквабайке. Будем так говорить что власть в команде новая. Может что то изменится к лучшему. Также скажу что был на приеме у министра спорта края Жана Кузнецова. Разобрали все вопросы по пунктам. Пока занимаемся восстановлением техники которая находится в Уссурийске для подготовки дорожки. Думаем начать тренировочные сборы в первых числах мая резюмировал Игорь Столяров. Также спортсмены Востока приводят в порядок мотоциклы и готовятся выйти на трек уссурийского стадиона. Первая гонка Востока запланирована в Тольятти на 26 мая. Инфо sport25. pro,3,colloquial,Разговорный
Весна с каждым днем ближе а это значит что вы не успеете моргнуть как настанет 2 мая 33 Именно 2 мая 2022 года откроет нашу серию забег Майская гроза. В этом году пройдет уже 6 й забег в Екатеринбурге. Дистанции ktokenoid 400 м 800м 3 км 10 км Самое время начать действовать 33 Регистрируйся по ссылке tokentokenoid eamarathon майскаягроза,3,colloquial,Разговорный
Бандл Wtokenoid Team со скидкой в Dota 2 Уже сейчас ты можешь приобрести со скидкой 50 командный бандл в клиенте игры Dota 2 чтобы поддержать наше творчество и стремление быть лучшими в этой игре. Поделись с друзьями если они хотят быть частью нашего фанатского сообщества 33 wtokenoid tokenoid,3,colloquial,Разговорный
Руководитель Haas Гюнтер Штайнер в очередной раз дал понять что больше не хочет принимать в свою команду новичков. После летнего перерыва появились слухи о том что Шумахер младший покинет гоночную академию Скудерии хотя информация до сих пор официально не подтвердилась а немец числится в программе молодых пилотов. На вопрос какую роль сыграла Ferrari в принятии решения о замене Мика Шумахера на Нико Хюлькенберга Штайнер сказал Мы находимся в постоянном контакте с ними и у нас хорошие отношения. Мы объяснили чего хотим и почему. Они поняли. Штайнер сослался на желание больше не брать в команду новичков из академии Ferrari среди которых своего места в Формуле 1 ждут Роберт Шварцман Артур Леклер и другие молодые пилоты Выбирая нового гонщика теперь я буду отталкиваться от его опыта работы в паддоке. Скажу так больше никаких новичков в обозримом будущем 33.,3,colloquial,Разговорный
Александр Овечкин сделал фото с девочкой победившей рак,3,colloquial,Разговорный
ВНИМАНИЕ 33 Летняя АКЦИЯ для наших старых и новых подписчиков Сегодня у Вас есть очень выгодная возможность приобрести подписку или продлить ее 33 Приобретите подписку сейчас на любой срок две недели один месяц три месяца и Вы получите бесплатно плюс точно такой же срок подписки. Условия акции 1 Выберите подписку на любой предлагаемый срок 2 Приобретите выбранный Вами срок подписки 3 Получите точно такой же срок в подарок. Например Вы приобрели подписку на три месяца значит вы получите три месяца в подарок в общем шесть месяцев по цене трех и т. д. Количество подписок по Акции ограничено 5 на один месяц 2 подписок на три месяца 1 подписок на один год поэтому приобретайте подписку сейчас акция может закончится в любой момент. Как приобрести подписку перейдите на сайт зарегистрируйтесь нажмите на кнопку КУПИТЬ выберите подходящий срок подписки и способ оплаты дальше следуйте инструкциям. Сразу после оплаты Вам откроется доступ к проанализированным матчам автоматически в течение нескольких секунд. Если у вас возникнут проблемы или трудности при оплате то пишите в обратную связь на сайте Вам помогут.,3,colloquial,Разговорный
Для чего нужен студенческий? Показать на входе в университет доказать бабушке что ты реально поступил а самое главное – оформить Плюс бесплатно до конца года. Заходи скорее,3,colloquial,Разговорный
Идет набор студентов на медицинский факультет Поступай Уровни обучения Колледж Специалитет Направления Фельдшер Лечебное дело Сестринское дело Стоматология Педиатрия Трудоустройство выпускников Государственные и частные больницы Государственные органы здравоохранения Научно исследовательские институты Медицинские факультеты вузы колледжи Государственные органы здравоохранения Медицинские кабинеты в учебных заведениях и на предприятиях Отделения компаний партнеров ⠀ Преимущества Востребованная специальность на рынке труда Соотношение цена качество 1 в РФ Знания для открытия своей клиники Карьерный рост Практика в ведущих клиниках Москвы Новое оборудование Преподаватели действующие специалисты в области медицины Возможность совмещать стажировки и теоретическое обучение Изучение иностранных языков с 1 курса Поступай,3,colloquial,Разговорный
Дорогие друзья присылайте свои беговые материалы для публикации в комментарии к этому посту ⬇️ А сейчас своим бегом позитивом и мотивацией делятся наши беговые друзья Александр Афанасьев tokenoidtokenoid Кустова tokenoidtokenoid Shtokenoid tokenoidtokenoid Серяков tokenoidtokenoid Перрейра tokenoidtokenoid Казанцева tokenoidtokenoid Петросян tokenoidtokenoid Шакуров tokenoidtokenoid Никифоров tokenoidtokenoid Хардов Спасибо за отличный бег дорогие друзья 33 Всегда вам очень рады 33 Легких ног 33 бегжизнь легкихног спорт бег делисьбегом спорт старт пробежка,3,colloquial,Разговорный
МАУЗ ПРЕРВАЛИ СТРИК КЛАУДОВ В 11 КАРТ БЕЗ ПОРАЖЕНИЙ 33 ВТОРОЙ ПОЛУФИНАЛИСТ ОПРЕДЕЛИТСЯ НА ЭНШЕНТЕ 33 НТ КАМБЭК 33,3,colloquial,Разговорный
Через 20 минут будем пытаться прекратить серию из поражений Пеликанс 3 2 РоКо ковид Кавай реабилитационные процедуры OUT У НОП Зайон будет принимать участие. Ингрэм OUT,3,colloquial,Разговорный
Остин Ривз вспомнил эпизод из матча прошлого сезона когда на его лице во время разговора с Леброном Джеймсом появилось изумленное выражение Честно не могу вспомнить и сказать в точности что там было. Я тогда задал Леброну вопрос не знаю возможно ему показалось что я находился в какой то другой позиции или просто занял неправильную позицию но это точно застало меня врасплох. . . Я постоянно делаю такое лицо. Было забавно когда я вернулся в раздевалку а мой телефон разрывался. Я такой Что происходит? Что за. . . ? А на следующий день Леброн это запостил я сразу понял что это станет популярным.,3,colloquial,Разговорный
Istokenoid of Man TT 2022 Хикман выиграл квалификации Stokenoid Stokenoid и Stokenoid Питер Хикман представляющий в этом году на Istokenoid of Man TT команду Gas Monkey Garage tokenoid FHO Ratokenoid BMW уже заслужил славу героя дня он возглавил протоколы квалификаций 2022 года с рекордной скоростью в трех классах.,3,colloquial,Разговорный
Красотка Соболенко желает всем доброго утра tokentokenoid,3,colloquial,Разговорный
RSD Битва Городов 2022 Новосибирск Райдеры Ярослав Герасимов Семен Чудов Вадим Огоньян Артем Сафонов Сергей Шишкин Камера монтаж Никита Горинский,3,colloquial,Разговорный
Егор Чезганов – единственный представитель МХЛ в кэмпе сборной Беларуси В этом сезоне он провел в МХЛ 27 игр и отметился 23 10 13 очками. При этом на старте сезона воспитанник жлобинского хоккея дебютировал в КХЛ за Северсталь 2 матча 0 0 а также поиграл в ВХЛ за Буран 2 4 в 14 встречах. Подробнее про весь ростер рассказываем здесь.,3,colloquial,Разговорный
Расписание матчей на сегодня Wtokenoid 13 00 Хумберт Гуркач Давидович Фокина 13 00 Кэмерон Норри Пабло Андухар 13 00 Каспер Рууд Альберт Рамос 15 30 Новак Джокович Квон Сун Ву 16 30 Янник Синнер Стэн Вавринка 16 30 Карлос Алькарас Ян Леннард Штруфф 17 30 Александр Бублик Мартон Фучович 19 00 Энди Маррей Джеймс Дакворт 15 00 Онс Жабер Мирьям Бьорклунд 15 00 Даниэль Коллинс Мари Бузкова 15 00 Анетт Контавейт Бернарда Пера 16 30 Белинда Бенчич Ван Цян 17 30 Эмма Радукану Алисон ван Эйтванк 18 30 Елена Остапенко Осеань Доден 18 30 Анжелика Кербер Кристина Младенович 18 30 Мария Саккари Зои Хайвс В главную таблицу вошли матчи с участием теннисистов из Топ 15 Казахстан. Все остальные результаты матчей будем публиковать на стене. Прямые трансляции На территории СНГ Etokenoid.,3,colloquial,Разговорный
Omen tokenoid HP разыгрывает пять комплектов аксессуаров из игровых наушников игровой мыши Розыгрыш пройдет на легендарном стриме с Антоном Городецким руководителем проекта PLAYER ONE. Мы обсудим как устроен бизнес в игровой индустрии. Это очень интересно без рофлов Ты можешь выиграть один из комплектов на изичных если выполнишь пару действий Подпишешься на OMEN tokenoid HP и паблик tokenoidtokenoid c tokenoid tokenoid. Оставишь вопрос про игровую индустрию в комментариях под закрепленным постом в группе Omen tokenoid HP. Победители будут выбраны случайным образом после трансляции. Залетай по ссылке,3,colloquial,Разговорный
CEO G2 сегодня празднует день рождения и вот как его поздравили его игроки из CS GO состава,3,colloquial,Разговорный
Игровой стрим BasketStream с Марком Бурчаковым. Играем в симулятор баскетбольного ГМ НБА и пытаемся привести тандем Шона Кемпа и Гэри Пейтона к чемпионству в составе их родного Сиэттла. А еще молимся за то чтобы свет не был отключен во время стрима в очередной раз Приятного просмотра 33,3,colloquial,Разговорный
Обожаю эту вариацию для закачки плечевого пояса делаю ее в конце жимовой тренировки 33 Работаю по 1 минуте в каждом упражнении без отдыха между упражнениями выполняю 4 5 кругов между кругами отдых 3 минуты 33 Jtokenoid Matokenoid,3,colloquial,Разговорный
На курорте Шерегеш впервые запустят трассу для вечернего катания Трассу для вечернего катания запустят на горнолыжном курорте Шерегеш в Кузбассе сообщил журналистам министр туризма и молодежной политики региона Антон Пятовский. Курорт был большим исключением на нем не было организовано вечернего катания. В других наших комплексах освещение установлено на том же Югусе Танае. В этом сезоне такая система заработает и в Шерегеше. Это позволит нам удлинить время катания mtokenoid сказал Пятовский. Министр уточнил что открытие новой трассы пройдет в секторе Б. В первый день вечернее катание для всех гостей будет бесплатным. Также по словам Пятовского на курорте заработает новый физкультурно оздоровительный комплекс. Называется Опушка на самом верху. Там можно будет посидеть отдохнуть получить какие то услуги связанные с физической активностью добавил министр. Ранее сообщалось что горнолыжный сезон в Шерегеше откроется 11 ноября.,3,colloquial,Разговорный
Рубрика С Филь Владимиром на спорте. Готовясь к соревнованиям я решил проводить 2 тренировки по жиму и трицепсу. Чтобы не перегружать грудные плечи и трицепс я решил работать на скорость в одной тренировке и во второй на силу от 2 до 3х повторов. Почему именно так? Скорость можно развивать постоянно и эти тренировки выполняются с весом 40 60 процентов от 1ПМ по 3 5 подходов. то есть обьем работы не большой и мышцы не забиваются как от 10 повторов. в итоге мы держим мышцы в тонусе развиваем скоростные качества не забиваем жимовые мышцы и хорошо восстанавливаемся к тяжелым тренировкам. Пробуйте ищите свое и всегда улучшайте свои результаты.,3,colloquial,Разговорный
Всем бег и легких ног 33 rtokenoid спорт бег забег зож пробежка бегун бегунья беганутые,3,colloquial,Разговорный
Сказали нужно со всем соглашаться. Как русского волейболиста забанили на четыре года,3,colloquial,Разговорный
Игорь Брикун сравнялся по количеству матчей с Леонидом Гришукевичем среди вратарей в истории экстралиги Игра во вторник может стать для голкипера знаменательной.,3,colloquial,Разговорный
Улыбочку 33 Сейчас вылетит птичка Идеальный кадр уже в продаже Сделать идеальное общее фото задача 80 tokenoid. Кто то хочет стоять рядом со столом поближе к еде. А кто то увидел корги и теперь не хочет отходить от него весь вечер У каждого гостя есть по 3 пожелания где и рядом с кем им хочется быть на фото. И мы как супер фотограф будем расставлять их чтобы сделать кадр который принесет нам как можно больше очков Приятный бонус 33 При покупке вы получаете еще 9 промо карт которые можно добавить в игру Цена 2 990 руб.,3,colloquial,Разговорный
Требуется VFX дизайнер Для обучения с нуля 3П от 70к нужен только ноут и 3 4 часа в неделю. Обучу лично Что по условиям 1. Тратишь 3 4 часа в неделю пилишь пару несложных эффектов к роликам получаешь перевод на карту. Больше делаешь больше получаешь 2. Оплата за один проект от 5 до 15к. В месяц можно брать 10 20 заказов 3. Тебе не нужны никакие навыки и опыт. Я составил инструкцию так что справится даже школьник. 4. Заказов полно. Сейчас весь бизнес уходит в онлайн. Рекламные ролики от 5000 ролик для блогеров от 7000 музыкальные клипы от 15000 Этот навык не устареет в ближайшие лет 20 точно. А у тебя всегда будут деньги. Готов попробовать? Переходи по ссылке Меня зовут Алексей Мишарев. Я прошел путь от простого охранника до 200к мес на VFX дизайне. Мой опыт в сфере уже более 7 лет. Пропустил через себя заказы от студий блогеров музыкантов и бизнеса по РФ Что я предлагаю Навык не зависящий от кризисов вирусов и увольнений. Ты можешь обучаться и начать зарабатывать не бросая текущую работу или учебу. А со временем зарплата будет конечно расти. . Теперь только хороший доход свободный график и двухчасовой рабочий день Я не могу тебя заставить менять свою жизнь но точно уверен оно того стоит. Ведь прошел схожий путь сам. 8 из 10 моих учеников уходят с основной работы и зарабатывают дома. Хочешь получать от 15000 руб. в неделю работая по 2 3 часа? Тогда переходи по ссылке Заявок много. Возьму только самых быстрых.,3,colloquial,Разговорный
Поздравляю наших дорогих прекрасных любимых девушек с 8 марта 33 ️,3,colloquial,Разговорный
Друзья кидайте в предложку свои фото и видео с тренировок и соревнований. Посмотрим кто на что горазд в нашей дружине Тренировка спины и никуда бе базы становая тяга 200х4,3,colloquial,Разговорный
Прямая трансляция повторного матча между Сарыаркой и Снежными барсами. Начало матча в 17 00 часов.,3,colloquial,Разговорный
ОБИДЧИК УСИКА КОВАЛЁВА ДЕРЕВЯНЧЕНКО СИЛЛАХА МАТВЕЙ КОРОБОВ о своей любительской карьере,3,colloquial,Разговорный
Технические записи матчей Мемориала Вагнера Сербия Иран Польша Иран Польша Аргентина Сербия Аргентина,3,colloquial,Разговорный
Тяньцзинь чемпион Китая третий раз подряд Женский китайский волейбольный клуб Тяньцзинь провел невероятный сезон одержав 17 побед в 17 матчах проиграв всего две партии и даже не в плей офф завершив сезон 14 м трофеем в своей истории и третьим подряд. Как и в первой игре у Цзянсу не было шансов во второй игре финала 3 0 25 10 25 12 25 20. Несмотря на то что Тяньцзинь провел весь сезон без одного из лучших игроков мира Чжу Тин которая восстанавливается после травмы команда Ван Баоцюаня была непобедима для всех соперников в Суперлиге. За это Тяньцзинь может поблагодарить кубинскую диагональную Мелиссу Варгас которая завершила сезон лучшим бомбардиром соревнований 301 очко. Во втором матче финала она набрала 19 очков благодаря атаке 70 в атаке 16 23 3 ошибки. CHNCWtokentokenoid,3,colloquial,Разговорный
Драма про отца теннисисток сестер Уильямс Король Ричард получила 6 номинаций на премию Оскар 2022 года. Фильм получил номинации в категориях Лучший фильм Лучший оригинальный сценарий Лучший монтаж и Лучшая песня. Также Уилл Смит был номинирован на Лучшую мужскую роль а Анжаню Эллис – Лучшую женскую роль второго плана. Фильм Король Ричард вышел в 2021 году и заработал в прокате более 32 млн долларов. Лента повествует о детстве теннисисток Винус и Серены Уильямс а Уилл Смит играет роль их отца. Оценка фильма на Кинопоиске составляет 7. 6 баллов а на IMDb – аналогичный рейтинг. 94 я премия Оскар пройдет 27 марта 2022 года.,3,colloquial,Разговорный
Дорогие друзья продолжаем наш мотивационный беговой проект делисьбегом бегжизнь Ваши беговые фоточки для публикации присылайте в комментарии к этому посту ⬇️ А сейчас своим великолепным бегом делятся участники нашей группы наши беговые друзья Василий Варламов tokenoidtokenoid Чуйко tokenoidtokenoid Захаров tokenoidtokenoid Шульгин tokenoidtokenoid Пазгалов tokenoidtokenoid Жабин tokenoidtokenoid Дудин,3,colloquial,Разговорный
Этих парней я сделаю лучше Они в правильном месте они настроены прибавлять,3,colloquial,Разговорный
Увлекательное расследование ждет ХХХ в комикс игре Шерлок Холмс и Ирэн Адлер 33 ХХХ поздравляем вас и просим связаться с нами через сообщения сообществу Hotokenoid Wortokenoid Скриншоты из программы рандомайзера выложим в комментариях. Осталось 8 подарков 33 Подробности в посте ХХХХ Конкурс Hotokenoid HW21год,3,colloquial,Разговорный
Разыгрывающий Мэверикс Лука Дончич помог команде добиться выездной победы в матче с Пеликанс – 125 118. Дончич набрал 49 очков 17 из 35 с игры включая 7 из 14 из за дуги 15 подборов и 8 передач за 38 минут на площадке. Дончич стал 4 м игроком в истории НБА Уилт Чемберлен Элджин Бэйлор Уолт Беллами который провел за календарный месяц несколько матчей с как минимум 45 очками 15 подборами и 5 передачами у словенца это второй такой матч за февраль. Последний раз подобное удавалось Чемберлену в январе 1966 года. На прошлой неделе Лука набрал рекордное для себя 51 очко во встрече с Клипперс. ntokenoid mavs petokenoid tokenoid,3,colloquial,Разговорный
Как вы думаете сможет ли Лион со своей суперзвездой Перуджей выиграть значимые трофеи в этом сезоне?,3,colloquial,Разговорный
Формула 1 в кино. Жан Люк Годар вставил Mtokenoid М28 в фильм Satokenoid qtokenoid petokenoid tokenoid vtokenoid 1980 Машина появляется в кадре на несколько секунд. Механики запускают двигатель пилот сдает назад и повернув уносится по улице. Как это работает на сюжет трудно сказать. Фильм был на французском смотреть не осилил. Однозначно Годар великий режиссер. Наверное он знал что делает. . .,3,colloquial,Разговорный
Поучительная история про дружбу на утро Хотим напомнить что если у вас есть выбор между помощью другу и пустым молчанием вспомните Гриню и Демиана. Именно Гнидя прикрыл жопу Франшизы прим. ред. Портленда колкой фразой в сторону СиДжея. У тебя никогда не будет перстня сказал тогда Грин. Неизвестна судьба СиДжея после такого жестокого абьюза как и неизвестно ушел ли он ценой перстня? . Зато известно что СиГэй очень пожалел об уходе из Портленда. Лиллард лишившийся подсосника а ля Кайри и ЛеБрон в Кавс был рад что Грин лишний раз напомнил за кем будет чемпионат. Дреймонд лишь опускает журнялюг с начала своей карьеры 33 Ведь именно этот огузок скакал на побегушках перед папой шефом отвечая о чемпионстве в своих мусорных подкастах. . . . мусорных как и рекорды леброна,3,colloquial,Разговорный
Юмористическая пауза Похоже кто то не поленился и дернул аркаду SEGA Wortokenoid Drtokenoid Champtokenoid пелотон Stokenoid GT 2018 19 из японских игровых автоматов на Wtokenoid с эмулятором Комплекс зданий SWDC Speetokenoid имеет поразительное сходство с комплексом Mostokenoid Ratokenoid кстати,3,colloquial,Разговорный
Осталось менее 2 часов до старта гоночного викенда 33 США 33 ОСТИН 33 Поддержи нас,3,colloquial,Разговорный
Илюха уже во всю в клубе развлекается много не пей главное,3,colloquial,Разговорный
С таким другом и от вечерних хулиганов не страшно отбиваться,3,colloquial,Разговорный
На сайте tokentokenoid В платной подписке добавлен новый проанализированный матч. На сегодня будет более 10 прогнозов приобретайте подписку сейчас и зарабатывайте вместе с нами регулярно. Подписку можно приобрести на сайте,3,colloquial,Разговорный
Women 5 A. Награждение. Победителем в номинации Лучший игрок команды стала Ирина Гуляева ВК Астерия и получила приз – подарочный сертификат на сеанс профилактического массажа спины. Поздравляем 33 Подробнее здесь Адрес Ленина 3 Фото Мария Окунева. 21. 05. 2022. nvtokenoid,3,colloquial,Разговорный
GeFortokenoid RTX 3060 стала самой популярной видеокартой среди пользователей Steam но есть нюанс Видеокарта GeFortokenoid RTX 3060 стала самой популярной на платформе Steam в сентябре ее доля составила 7 52 следует из свежего отчета Steam Hartokenoid Stokenoid. Однако есть один важный нюанс речь идет о совокупных показателях мобильной и настольной версий видеокарты. Тогда как по отдельности они находятся лишь на 5 и 6 местах по популярности. Абсолютным лидером по популярности на платформе по прежнему является настольная GeFortokenoid GTX 1060 с 6 94 пользователей. На втором месте расположилась модель GeFortokenoid GTX 1650 с 6 32 пользователей а на третьем расположилась GeFortokenoid RTX 2060 с 5 19 пользователей. У мобильной версии GeFortokenoid RTX 3060 доля составляет 4 а у настольной 3 52. В целом видеокарты NVIDIA используют 76 77 пользователей Steam еще 14 41 приходится на решения компании AMD а Intel довольствуется долей в 8 61. Доля пользователей операционной системы Wtokenoid 11 выросла за последний месяц до 24 84. Операционная система Wtokenoid 10 по прежнему остается самой популярной в Steam но за минувший месяц утратила 0 57 процентных пункта. Теперь ее доля составляет 68 49. Что касается процессоров то самыми популярными у пользователей Steam остаются шестиядерные модели. Доля их владельцев составляет 33 54 от общего числа. Прирост за месяц 0 50 процентных пункта. Доля владельцев восьмиядерных процессоров тоже выросла на 0 22 п. п. и теперь составляет 19 19. Доля владельцев гарнитуры виртуальной реальности Otokenoid Qtokenoid 2 на платформе Steam за минувший месяц рухнула на 7 86 п. п. Однако данное устройство по прежнему остается самым популярным в своей категории. Доля его владельцев составляет 41 39. На втором месте находится Vatokenoid Intokenoid с 17 21 пользователей а на третьем Otokenoid Rtokenoid S с долей 13 94.,3,colloquial,Разговорный
СБУ на ступеньках ‍ ️ rtokenoid бег спорт зож забег забегРФ офп упражнения легкаяАтлетика,3,colloquial,Разговорный
Такой же старый. Наблюдательный совет блокирует переход 28 летнего греческого вратаря Бенфики Одиссеаса Влаходимоса. Hamstetokenoid Ajax Vtokenoid,3,colloquial,Разговорный
Сегодня 12 мая в 15 00 по МСК наконец то состоялась премьера финальной битвы первой стадии Intokenoid D сделанная в Btokenoid Ctokenoid 33 Такуми Фудживара против Рейске Такахаши. tokenoid Intokenoid,3,colloquial,Разговорный
Как вам анимированные обои с Сэйдж? vatokenoid валорант киберспорт,3,colloquial,Разговорный
Поговаривают что у этого парня были лыжи скороходы. Узнаëте его?,3,colloquial,Разговорный
Обзор первого игрового дня VNL 2022 Болгария Сербия Канада Германия Китай Иран Словения США,3,colloquial,Разговорный
Лето еще не скоро а мототоксикоз все еще мучает. Зато можно подготовить свой байк к новому сезону.,3,colloquial,Разговорный
Формула 1 утвердила новые правила и Ferrari согласилась с этим. Как рассказал наш итальянский коллега Франко Нуньес даже в самой команде многие не в восторге от этого.,3,colloquial,Разговорный
Шалость удалась 33 Рандомайзер выбрал победителя розыгрыша фигурки Ftokenoid POP с Гарри Поттером Никакой магии только удача и она сегодня на стороне Dasha Skywatokenoid. Даша мы поздравляем тебя 33 Напиши нам в сообщения группы куда отправить приз Кстати сейчас у нас проходит еще один в котором можно выиграть настолку Я не робот,3,colloquial,Разговорный
В продажу вернулся Вковрик для Индустрии отечественной настолки про торги и построение производственных цепочек Заказывайте по ссылке Это неопреновое покрытие размером 68х28с которое легко помещается в компактную коробку игры. На коврике удобно размещать карты для аукциона и счетчик раундов а также хранить фишки ресурсов деньги и жетоны модернизации. Новинки Hotokenoid Индустрия,3,colloquial,Разговорный
Хотите проработать свои выпрямители позвоночника ягодичные мышцы и подколенные сухожилия не нагружая диски позвоночника? ? ? Что ж вот вам и инструмент 33 33 33 Обратите внимание как широко друг от друга я расположил ноги совсем другое упражнение получается в сравнении когда ваши ноги находятся узко 33 Попробуйте так 33 Matt Wenntokenoid,3,colloquial,Разговорный
Этот полумарафон лучший из тех что я бегала и не потому что личник а потому что все сегодня было идеально спасибо организаторам tokentokenoid. famtokenoid Проснулась на завтрак традиционная овсянка на воде с бананом кофе собралась и пораньше двинула в мещерский вес на этих соревнованиях 60 кг. Самочувствие прекрасное чувствую много сил и энергии ️ ️ ️ Получила стартовый пакет пофоткалась переоделась размялась все без суеты встретила много ребят бегунов из соцсетей приятно Получила вводные от тренера и помчала за личником ‍ ️ Сразу все пошло не по плану. . . . а лучше плана Я бежала мне было хорошо кайфово темп секунд на 10 быстрее лечу наслаждаюсь осенним лесом Трасса классная горки не напугали каждую преодолевала уверенно не задыхалась До 11 км. вела за собой пейсеров на 1. 49 ‍ ️ метрах в пяти позади меня потом они меня все таки съели и я пробежалась с ними примерно 5 км. пока не поняла что устала от спин и ног перед глазами и мне тесно и нужно пространство вокруг еще и по темпу чувствую могу и хочу быстрее Вырвалась на 18 ом км. бегу впереди съела последний гель кофеин и втопила хорошо оторвалась от группы бегу одна начинаю обгонять впереди бегущих парней они с удивлением провожали меня взглядом сил полно это очень крутое ощущение На финишной прямой вижу девушку и понимаю что вот она моя финишная заруба мне надо ее обогнать врубаю пятую скорость лечу на всех порах мне казалось что мои ноги от такой скорости сейчас отвалятся обгоняю ее и триумфально финиширую медалька поздравления от волонтеров болельщиков они невероятные по трассе были барабанщики уххх как же они заводят своим ритмом Личник улучшен на 5 минут я счастлива И что может быть лучше вкуснейшей гречки с мясом и чаем после забега на просто все идеально в этот день Результат 1 47 53. 30 ‍ ️ tokenoidtokenoid Сметлева делисьбегом osennygrom полумарафоносеннийгром2022 беганутаянастя ябегуивдохновляю бег люблюбег бегаюкаждыйдень,3,colloquial,Разговорный
Краткие итоги Тар 2022 7 8 человек и 3 5 дня завески до тестового. Как мы это сделали так быстро сами удивлены на 4ую завеску уже отработали систему приноровились. Без косяков провели первые веревки квадрокоптерами а наши старые блоковские лебедки отработали по максимуму. В том году напрыгали 50 прыжков в этом получилось поменьше то ливень то сильный ветер. Большая зависимость этой огромной системы от погоды долго ее приводить к первичным параметрам после любых растяжений веревок. Все еще считаем Тар тяжелым объектом во всем. Но эти тяжести нам в удовольствие а вот с другим видом проблем нам бороться не понравилось. . несмотря на договоренности с регионом возникли большие административные сложности Скорее всего объект отправляется в архив. Грустно. Но пришло время двигаться дальше,3,colloquial,Разговорный
Гол Ховарда в ворота Болтона Вспоминаем как Тим Ховард открыл счет в матче волшебным ударом через все поле Правда его команда все равно проиграла в той встрече со счетом 1 2 ️,3,colloquial,Разговорный
ФРАНШИЗА СЕТИ ДЕТСКИХ ШКОЛ ВОЛЕЙБОЛА СОФИЯ ПЕРЕХОДИ ПО ССЫЛКЕ И ОСТАВЛЯЙ ЗАЯВКУ НА ОТКРЫТИЕ СОБСТВЕННОЙ ШКОЛЫ В СВОЕМ ГОРОДЕ,3,colloquial,Разговорный
2013 год. Филипп Форсберг в тренировочном лагере Вашингтон Кэпиталс,3,colloquial,Разговорный
Продам Укажите что вы продаете Пулемет m249para Опишите свой товар Доброго времени суток 33 К продаже m249 para от Ctokenoid Army. Внутри из стока только стенки гира. Все заменено на запчасти от м power Камера хопа от булгир. Стволик 6. 02. Бункер от СА в комплекте есть царапины от примыкания. Родные прицельные в комплекте. Все исправно. Пробег 2 воскрески. Пересыл ТК. Город Улан Удэ. Любые проверки есть отзывы. Цена 49000₽ сорок девять тысяч рублей. За вопросами в личку если айфон то в друзья. Местонахождение Город Улан Удэ Наличие пересыла. При наличии пересыла без ID на фото не публикуем Нет Цена 49000 tokenoid,3,colloquial,Разговорный
Вторник как зомби Не приходит осознание что учебный год уже начался и впереди 4 четверти,3,colloquial,Разговорный
Здесь все для баскетбола tokenoidtokenoid яркие кроссовки и майки tokenoidtokenoid 6 лет выполнили 100. 000 заказов,3,colloquial,Разговорный
Впервые с 2019 года гонщики Ferrari смогли одержать 2 победы подряд. Та серия продолжилась до трех в итоге. Сумеем ли повторить или улучшить?,3,colloquial,Разговорный
Василий Ломаченко прибыл в Лос Анджелес Бывший чемпион мира в трех весовых категориях Василий Ломаченко прибыл в Лос Анджелес для подготовки к следующему бою. Пока неизвестно кто станет соперником украинца и когда пройдет поединок но по словам Василия его конечная цель стать абсолютным чемпионом мира в легком дивизионе. Я подготовился к этому моменту и мне нужен этот шанс. Мне нужен этот бой за бесспорный титул. Я хочу стать бесспорным чемпионом мира сказал Ломаченко.,3,colloquial,Разговорный
Форвард Торонто Оджи Ануноби лидирует в текущем сезоне по количеству перехватов в среднем за матч. Он совершает 3 1 перехвата в среднем за игру. Далее за ним идут Деджонто Мюррей и Джейлен Саггс. На четвертом месте находится Фред Ванвлит усредняющий 2 1 перехвата за матч. WeTheNorth,3,colloquial,Разговорный
Вместо России на ЧМ 2022 скорее всего сыграет Украина. Формат турнира сократили на 18 игр В Лиге наций россиян заменил Тунис.,3,colloquial,Разговорный
Кубок мира Рупольдинг 15 января 1994 спринт 1 Патрик Фавр 2 Петр Гарабик 3 Олег Рыженков 4 Патрис Байи Салин Кубок мира Рупольдинг 15 января 1994 спринт 1 Патрик Фавр 2 Петр Гарабик 3 Олег Рыженков 4 Патрис Байи Салин,3,colloquial,Разговорный
Бывшая жена Кармело Энтони Переезд в Нью Йорк стал началом распада брака Ла Ла Энтони бывшая жена звезды НБА Кармело Энтони в подкасте Catokenoid Her Datokenoid призналась что ее брак с игроком начал разваливаться после его обмена в Нью Йорк. Когда мы начали жить в Нью Йорке под всем этим вниманием все стало сложно. Я думаю что это было своего рода началом распада брака. Тяжелее всего было справляться с пристальным вниманием СМИ прессой со всем этим. Это было очень тяжело. Это не единственная причина по которой ничего не получилось но после переезда в Нью Йорк стало тяжело. Мы постоянно были в центре внимания каждая мелочь была под наблюдением – рассказала Ла Ла Энтони.,3,colloquial,Разговорный
news LampPost warhammer mertokenoid Народ просыпаемся джойтой снова что то показывает. В этот раз новинок перепало черным храмовникам 4 космодесантника из отряда крусейдеров и ультрамаринам один довольный vtokenoid gtokenoid’овец с двумя плащами в наборе.,3,colloquial,Разговорный
Разнообразные и конечно же смертельно опасные противники из эпичной кооперативной настолки Destokenoid Сказания тьмы. Этими монстрами управляет специальное приложение игры и героев оно жалеть не будет. В путешествиях по Терриноту столкнутся придется с самыми разнообразными врагами от тронутых демонической порчей варваров и омерзительной нежити до злобных фей големов и более прозаичных но все равно крайне опасных бандитов и волков. Справитесь? Покрашено в DeathWattokenoid Sttokenoid. Посмотреть на игру поближе можно по ссылке настольныйфэшн tokenoid,3,colloquial,Разговорный
Сакраменто обменяли Марвина Бэгли в Детройт Шэмс Чарания,3,colloquial,Разговорный
Выполни условия и обзаведись надежным спутником в мобильном гейминге конкурс розыгрыш реклама Inftokenoid rtokenoid rtokenoid,3,colloquial,Разговорный
Определились участники 1 4 финала женской Лиги чемпионов В квартете А победителем стала польская команда Жешув Девелопрес. Также первые места в своих группах заняли турецкие Вакифбанк и Фенербахче российский клуб Динамо Москва и итальянский Карраро Имоко. Еще три путевки в четвертьфинал получили три лучшие команды из числа тех которые оказались на вторых местах в своих группах. Это два российских клуба Локомотив Калининград и Динамо АК Барс Казань а также итальянский Веро Волей из Монцы. А вот Игор Горгонзола из Италии и польский Хемик оказались двумя лишними. CLVotokenoid,3,colloquial,Разговорный
Составы ЗАКРЫТЫ для группового этапа ESLProLeagtokenoid S16 В чью победу верите?,3,colloquial,Разговорный
Юнайтед обыграл Тоттенхэм 2 0. Как Роналду вчера уходил за 3 минуты до конца понимая что на поле его не выпустят.,3,colloquial,Разговорный
Друзья задался вопросом максимального пробега. Про буст все понятно но хочется его оставить. Для меня комфортная скорость на дольгяки бывает и 140 160км ч. На этой скорости уже буст льет. Есть мысли растянуть главную передачу заменив редуктор целиком или пару в нем. На светофорах не гоняюсь. Приглядывался к другим редукторам. На драгстарах и многих еще моделях корпус редуктора такой же плюс минус отличия в креплении. Вопрос есть у кого то опыт замены или конкретные примеры донора? К примеру старая вирага 1100 едет 200. Км ч если не врет ее спидометр.,3,colloquial,Разговорный
Начался прием заявок на открытое первенство ПАО Корпорация ВСМПО АВИСМА по легкой атлетике. Соревнования состоятся 16 июля в Верхней Салде. В программе забеги на 400 800 и 1000м. Адрес проведения стадион Старт ул. Карла Либкнехта стр. 1. Начало соревнований в 11. 00. Заявку можно отправить по электронной почте указанной в Положении либо заполнив форму по этой ссылке Как проходили старты на призы ВСМПО АВИСМА в мае можно посмотреть здесь Фото Алексей Комельских.,3,colloquial,Разговорный
Если надоело каждый раз выстегиваться можно передвигаться в стиле Майлса Фэлона qtokenoid,3,colloquial,Разговорный
Я был с мамой в ее последние дни. Трагедия не сломала юного российского волейболиста Илье Федорову всего 20 лет но он уже ведет игру Зенита и рвется в сборную России.,3,colloquial,Разговорный
Ассалаумагалейкум джиги Буйрса жарамыз Бүгінге ЖБ 45. 06 кф жинадык Басталуы 00 30 Нур Султан Бағасы 9000тг. Экспресс шықпаган жағдайда замена бесплатно Ал джиги удачи всем успейте,3,colloquial,Разговорный
Мотогонки на льду 2022 Speetokenoid tokenoid Личный чемпионат Европы. Финал 1. 19. 02. 2022 г. Санок Польша Начало соревнований в 14 45 мск. Россию представят Дмитрий Солянников и Владимир Фадеев Планируется трансляция на канале Motowtokenoid.,3,colloquial,Разговорный
4х2Mtokenoid 1 A. Желаем всем доброго утра отличного настроения и продуктивного дня 33 Пусть любовь окружает Вас 33 Фото Марина Курилина. 22. 01. 2022. nvtokenoid,3,colloquial,Разговорный
За кроссовками в Баскетбольный магазин Ghetto Basket Shop Консультация tokenoidtokenoid Стрельский,3,colloquial,Разговорный
Охрана предотвратила попытку маскота Буллз помешать Девину Букеру,3,colloquial,Разговорный
Пятничные новинки безумный Ftokenoid минималистичный градострой дополнения к Трамваю смерти и акриловые жетоны для Нечто. Ftokenoid в Стране чудес это новая версия быстрой карточной игры которая постоянно меняется. Сам по себе игровой процесс прост и объяснить его можно буквально за полминуты ведь по сути игроки берут и разыгрывают карты. . . Вот только с каждой выложенной карточкой появляются новые обстоятельства цели и правила партии 33 Нырнуть за белым кроликом можно по ссылке Стройполис это карманный градостроительный симулятор в котором огромный мегаполис уместился всего на 18 двусторонних картах кварталов целей. Действуя сообща команде игроков нужно создать город максимально соответствующий условиям текущей партии выкладывая и соединяя карты. Несмотря на минималистичность Стройполис предлагает большой простор для планирования и множество вариантов раскладки. Почувствовать себя градостроителем Два дополнения для игры про сложные моральные выборы Трамвай смерти от создателей Цианистый калий и счастье Секреты с новыми картами ужасных тайн персонажей Добряки и негодяи с новыми героями которых можно задавить ужасным трамваем Акриловые жетоны для замены картонных элементов из Нечто горячей новинки про холодную арктическую станцию паранойю и космический кошмар Новинки Hotokenoid Ftokenoid ТрамвайСмерти Нечто,3,colloquial,Разговорный
Калгари переиграл Даллас Ткачук набрал 100 е очко в сезоне В очередном матче в рамках регулярного чемпионата НХЛ Калгари Флэймз переиграл Даллас Старз 4 2. У победителей голы забили Мэттью Ткачук Ноа Ханифин Кристофер Танев и Эндрю Манджапане. Для Ткачака этот гол стал 40 м в сезоне он набрал 100 е очко в регулярке 2021 22. Защитник Никита Задоров отыграл 14 33 и нанес 1 бросок. У проигравших отличились Джейсон Робертсон и Люк Гленденинг. Даллас потерпел 3 е поражение кряду.,3,colloquial,Разговорный
Cобрали самые популярные Шарды первого сезона DPC. С доминацией Квопы невозможно поспорить,3,colloquial,Разговорный
Джошуа и Машьянов 33 Сделка века случилась на улице после боя Дмитрия Бивола Хитрец Антоха решил переманить на свою сторону одного из лучших российских специалистов. Пока без контрактов договорись только о фотографии Геннадий Юрьевич точно научил бы Джошуа попадать по юрким крузерам Джошуа ЭнтониДжошуа Бивол ДмитрийБивол Бокс Boxtokenoid ГеннадийМашьянов,3,colloquial,Разговорный
Вышел боевой комплект для Batttokenoid Pass Купив этот комплект вы сэкономите 75 от общей цены уровней и сокровищниц а 25 от продаж пойдут в призовой фонд The Internattokenoid 2022. Каждый пользователь может приобрести этот комплект один раз.,3,colloquial,Разговорный
Курьезнейший гол был забит в ворота Флаерс Лильегрен просто набросил и даже не попал в створ ворот. Шайба прилетела в борт а от борта придательски зашла в ближний угол Харта. Даже Бантинг ее в итоге не коснулся. Швед забрасывает во второй встрече к ряду Ltokenoid,3,colloquial,Разговорный
Камден Пулкинен прибыл в Лейк Плэсид для участия в соревнованиях.,3,colloquial,Разговорный
Тато Григалашвили в 22 года Чемпион мира Двукратный чемпион Европы Браво Тато,3,colloquial,Разговорный
️ Официально ЛУКОЙЛ объявил о выкупе 100 акций Спартака и стадиона Открытие Леонид Федун слагает полномочия Президента члена и Председателя Совета директоров АО ФК Спартак Москва и не будет принимать участие в управлении Клубом говорится в заявлении компании.,3,colloquial,Разговорный
Англ версию запустили 33 Ура. Ссылка в закрепленном сообщении,3,colloquial,Разговорный
Обновленный силуэт Stokenoid BRZ GT300 коллектива R D Sport за рулем которого Такуто Игути и Хидэки Ямаути будут защищать титул чемпионов в новом сезоне японской гоночной серии Stokenoid GT. Stokenoid Stokenoid RDSport,3,colloquial,Разговорный
Российский тест пилот Ferrari Роберт Шварцман будет использовать израильскую лицензию для выступлений за команду в Формуле 1. В феврале команда объявила что россиянин Роберт Шварцман занявший второе место в Формуле 2 2021 года будет выступать за них в двух тренировочных сессиях в течение сезона. Помимо того что российские пилоты должны участвовать в качестве нейтралов FIA также требует чтобы они подписали обязательство признающее что они теряют свое право на участие если они выражают поддержку специальной военной операции России. Пилоты имеющие не российские или белорусские паспорта могут участвовать в сериях FIA без подписания водительского обязательства. Матиа Бинотто подтвердил что Шварцман больше не поддерживается российскими компаниями На данный момент он все еще наш тест пилот он останется им и если у нас будут в будущем какие либо возможности позволить ему сесть за руль мы позволим ему это сделать.,3,colloquial,Разговорный
Для тех кому надо много кубов а под рукой их нет приложение от товарищей Мы Khaottokenoid Mtokenoid 39 s Cave. Наша цель максимально разнообразить и облегчить игру игрокам и мастерам в разных сеттингах и настольных играх. Играешь в D D WHFB WFRP Легенду 5 колец и другие настольные игры? Ищешь приложение чтобы всякие кубы были а не только банальные tokenoid tokenoid? И чтобы кидать можно было сразу несколько 33 Да еще и журнал бросков чтобы? Мы тоже долго искали и решили сделать сами. Бесплатно. Зацени 33 Ну и самое главное мы можем добавить ваши любимые и нужные кубы в игру. Пишите обсудим. В дальнейшем планируем сделать систему контроля боя инициативы и бестиарий для D D и WFRP. Впрочем потом можем добавить и другие. Наша группа Наше канал в телеграмме Наше приложение,3,colloquial,Разговорный
Николя Тодт В Ferrari выше прессинг но больше и радость 33 Николя Тодт одним из первых поздравил Шарля Леклера с победой в Гран При Бахрейна ведь он давно занимается карьерой гонщика из Монако и конечно всегда радуется успехам своего подопечного. Николя Тодт Мы очень рады ведь все знают что пара предыдущих сезонов были для Ferrari сложными но мы понимали что переход на новый технический регламент – это серьезный вызов но надеялись что перед командой откроются новые возможности и она станет более конкурентоспособной. Именно поэтому в Ferrari еще в прошлом году приняли решение направить очень большие ресурсы на создание новой машины и похоже что F1 75 отлично работает. На лучшее начало сезона мы даже не могли надеяться но чемпионат очень длинный и надо продолжать упорно трудиться оставаясь при этом реалистами. Надеюсь мы сможем стабильно показывать высокие результаты. И конечно Шарль уже стал более зрелым профессионалом чем был в 2019 м когда он упустил победу в Бахрейне. Это уже его пятый сезон в Формуле 1 а опыт значит очень много. Он необходим чтобы успешно соперничать с такими быстрыми гонщиками как Макс Ферстаппен или Карлос Сайнс. И в Бахрейне Шарлю помог опыт в критические моменты гонки когда его опережал Макс он не сдавался ему удавалось сразу возвращать себе позицию. Именно это и стало решающим фактором предопределившим победу. Когда вы выступаете в Формуле 1 колоссальный прессинг вам гарантирован но в Ferrari он еще сильнее особенно после стольких лет когда этой команде не удавалось выиграть чемпионат. Зато когда вы побеждаете радость тоже в десять раз больше 33 И вы выше цените этот успех.,3,colloquial,Разговорный
Rtokenoid warhammer40k Что о где то порвалось и хаос медленно вытекает на этот раз протечка в 40к на хаос рыцарей,3,colloquial,Разговорный
За кроссовками в магазин Ghetto Basket Shop Консультация tokenoidtokenoid Стрельский,3,colloquial,Разговорный
Алекс Ринс и Такааки Накагами успешно прошли медкомиссию MotoGP в Германии Такааки Накагами и Алекс Ринс оба пострадавших при аварии на старте Гран При Каталонии по MotoGP две недели назад получили от Доктора Анхеля Чарте допуск на гонку в Германии.,3,colloquial,Разговорный
toptokenoid ntokenoid баскетбол Айзейя Томас подпишет 10 дневный контракт с Шарлотт,3,colloquial,Разговорный
На 4 часовой гонке прошедшей на трассе Mostokenoid Ratokenoid в конце июля пилоты команды BR Engtokenoid стали не только лучшими в своем классе но и героями спецрепортажа канала Матч ТВ. SMPRatokenoid BR03 BREngtokenoid МихаилАлешин ВиталийПетров,3,colloquial,Разговорный
Признайся в любви к настолке и выиграй приз 33 Условия 1. Запиши вертикальное видео длительностью около 10 секунд и показывая игру объясни почему она тебе нравится. 2. Отправь видео на tokentokenoid с темой Я люблю настольные игры и указанием в письме ФИО и ссылки на твою страницу во ВКонтакте. Мы принимаем видео до 16 июля включительно. 16 июля мы случайным образом выберем 3 х победителей. Каждый из них получит бокс с разными ништяками. Доставка приза по РФ бесплатная. Победители будут извещены по электронной почте и здесь. Участвуйте будет здорово 33 После окончания конкурса из полученных материалов мы смонтируем видеоролик который выложим в наших соц. сетях. Твой отзыв увидят многие настольщики 33 Подробные условия тут Конкурс Hotokenoid,3,colloquial,Разговорный
Сегодня хотим познакомить Вас с партнерами нашего мероприятия 33 PRO GROUP результативное маркетинговое агентство. Команда ProGrotokenoid предоставляет полный спектр услуг от сопровождения социальных сетей до организации мероприятий любой сложности под ключ. Именно они являются организаторами Дрифт Юг Matstokenoid. 16 января 2022 года. Исполнилось 100 лет государственности Кабардино Балкарии. 16 октября 2018 г. Президент Российской Федерации В. В. Путин подписал указ о праздновании в 2022 г. 100 летия образования Кабардино Балкарской Республики. Генеральный спонсор мероприятия компания tokenoidtokenoid. RU Климатические Системы Краснодар лидер по инновациям в безопасном обслуживании сплит систем. tokenoidtokenoid КБР Федерация Автомобильного и Мотоциклетного спорта Кабардино Балкарской Республики основана в 2011 и является организатором автоспортивных мероприятий в КБР. ФАМС готовит маршалов судей для участия во Всероссийских и международных соревнованиях касающихся автоспорта. Официальный партнер мероприятия Гостиница Корона. Гостиница предоставляет большой выбор вариантов размещения – от стандарт до люкс и коттеджа с сауной. Бесплатный Wi Fi телевизор холодильник кондиционер бассейн и кафе все что нужно туристам Кабардино Балкарии. Vtokenoid Atokenoid бренд необходимый автолюбителям. Производят автомобильные аксессуары радары видеорегистраторы свет гарнитуры и многое другое. Партнер нашего мероприятия бренд tokenoidtokenoid Tamagne качественные натуральные вина для широкого круга потребителей созданные в результате успешного десятилетнего сотрудничества с институтом Энологии провинции Шампань. Они радуют наших призеров вкусными винами и шампанским. Информационно просветительский проект Горная Россия запущен в декабре 2012 года. Цель проекта тиражирование туристических достопримечательностей горной части России. Горная России соорганизатор мероприятий Машук Архыз СМИ СКФО чемпионатов Кабардино Балкарской Республики по автоспорту а также фестивалей BMW Day Седьмая Скорость Мясо на Кавказе Nal Rotokenoid и других. Проект сотрудничает с Ростуризмом. Сегодня Горная Россия это центр развития туризма. Творческая фуд флористическая студия tokenoidtokenoid DARI – это вкусные букеты и подарки из конфет орехов фруктов и других продуктов.,3,colloquial,Разговорный
4х2Mtokenoid 8 С. Желаем всем доброго утра отличного настроения и продуктивного начала рабочей недели 33 Фото Мирра Шевлякова. 27. 08. 2022. nvtokenoid,3,colloquial,Разговорный
Эстебан Окон Фернандо с годами становится лучше Во время гонки в Джидде болельщики стали свидетелями борьбы колесо в колесо между напарниками по команде Atokenoid – Фернандо Алонсо и Эстебаном Оконом. Очное противостояние закончилось победой чемпиона мира но затем он сошел из за проблем с машиной. После гонки Эстебан отдал должное напарнику и его умению сражаться на трассе. У меня получилась интересная борьба в гонке с Ландо Фернандо и Валттери – рассказал после финиша Окон. – Благодаря новым машинам философия борьбы на трассе кардинально изменилась и теперь больше напоминает картинг. Мы с Фернандо боролись колесо в колесо но мы на протяжении всего уик энда были очень близки – в тренировках и квалификации нас разделяло меньше десятой. Полагаю так будет продолжаться на протяжении всего года но это здорово поскольку позволяет команде двигаться вперед. С одной стороны соперники смогли приблизиться к нам с Фернандо из за того что мы боролись с ним но это нормально что ты теряешь время в такой ситуации. С другой стороны в гонке с одним пит стопом позиция на трассе критически важна. Команда разрешила нам бороться и для меня – привилегия бороться с Фернандо. Мой напарник – отличный гонщик и знаете он невероятно быстр. Здорово что у нас с ним есть возможность вести плотную борьбу. Думаю он не стал медленнее с тех пор как боролся за титул с Льюисом Хэмилтоном в 2007 м. Фернандо как хорошее вино – с годами становится только лучше 33,3,colloquial,Разговорный
Админ надеюсь еще не надоел Немножечко ловли как и просили ️ P. S. не обращайте внимание на штангу в центре там своя история играл я в большие Инст в профиле кому интересно,3,colloquial,Разговорный
Хоккейный календарь. 12 сентября 1965 года родился Александр Черных.,3,colloquial,Разговорный
Выживет только одна история невероятного спасения в фильме катастрофе Одна. В кино с 9 июня. 12,3,colloquial,Разговорный
Одна из главных интриг межсезонья разрешилась Кузьменко отправляется к Подколзину в Ванкувер Сможет ли Андрей показать себя в НХЛ?,3,colloquial,Разговорный
Елена Вяльбе назвала самую большую неожиданность на Олимпиаде 2022 в Пекине Наверное серебро Спицова в скиатлоне. Не хочу сказать что он прыгнул выше головы но я была удивлена его состоянием и тем как Денис провел всю гонку. В этом году он вообще нас всех приятно удивляет например стал бегать классикой. А ведь после Игр в Пхенчхане Спицов несколько ушел в тень приводит слова Вяльбе RT на русском.,3,colloquial,Разговорный
Ax1Le? sh1ro? Нет HOtokenoid 33 Он завершает полуфинальный матч против BIG с самым высоким рейтингом 0. 92 KPR 93. 8 ADR и 11 первыми убийствами IEM,3,colloquial,Разговорный
Терринот снова в опасности 33 Встречайте Destokenoid Сказания тьмы Огромная коробка наполнена миниатюрами невероятной детализации. Плохие ребята будут управляться приложением вас ждут сюрпризы и лихие сюжетные повороты. С обучением игроков подсчетами модификаторов и даже проверкой линии видимости поможет приложение. Ваши приключения станут осязаемыми и получат новое измерение благодаря трехмерному многоуровневому террейну. Этот флагман среди данжеон кроулеров стал еще ближе к ролевым играм. В игре множество интересных предметов для взаимодействия. Вам предстоит создать свой стиль прохождения и развития персонажа. Ваши решения навсегда изменят сюжет и будут иметь значение при прохождении большой кампании. Новинка Hotokenoid Destokenoid,3,colloquial,Разговорный
стиля пока определенного нет но я решила изобразить Эндрю Миньярда девушкой что для меня было немного ново но не менее интересно. atokenoid aftg,3,colloquial,Разговорный
Каждую тренировку ты борешься сам с собой пытаясь превзойти прошлые результаты чувствуешь как становишься быстрее сильнее как меняется твое тело. Те кому это не знакомо очень многое теряют. . . Всем отличных беговых тренировок друзья 33. . . rtokenoid. . . rtokenoid parkrtokenoid sport забег тренировка легкаяАтлетика наспорте всембег марафонец,3,colloquial,Разговорный
Григор Димитров в матче первого круга на турнире в Лондоне.,3,colloquial,Разговорный
Я очень хочу начать работать в футболе но не знаю как Надоела работа которая не приносит удовольствия С детства мечтал связать жизнь с футболом но не получилось Посещают такие мысли? У нас есть решение 33 Вступай в наше сообщество. Наши выпускники уже работают в Сочи Ростове Нижнем Новгороде женском Зените Алании Енисее Акроне и других клубах России и ближнего зарубежья. Сделай первый шаг переходи по ссылке,3,colloquial,Разговорный
Derrek Послушайте ребята не имеет значения попали ли мы в Amertokenoid лигу когда игрока OpTtokenoid являются свободными агентами. Никто не в безопасности я увижусь с вами в Astokenoid лиге.,3,colloquial,Разговорный
Прыжок в роупджампинге выглядит так выпускающий дает тебе обратный отсчет и ты прыгаешь нужно оттолкнуться хорошо чтобы вылететь подальше. Тебе нужно не завалиться головой вниз выпрыгнуть максимально ровно. В идеале увидеть линию которая выше линии горизонта и стремиться в прыжке к ней. Смотреть вниз нельзя 33 Иначе будет завал корпуса полет боком или вниз головой это некрасиво а ведь хочется же красоты Роупджампинг это ведь не только про адреналин но и про красоту вокруг техничность прыжка и дружескую атмосферу,3,colloquial,Разговорный
А вот тапки призеров чемпионата мира по триатлону на полужелезной дистанции 2022. Hoka живет и процветает в триатлоне в чистом беге ее нет в топе да и вообще на стартах редко редко можно ее увидеть я про карбоны конечно. Тренировочные Hoka имеют немало поклонников ц. карбоны,3,colloquial,Разговорный
Макс поздравляем тебя с рождением 33 Оставайся таким же безбашенным и бери от жизни все 33,3,colloquial,Разговорный
каждый шаг имеет последствие. не сделанный как ни странно тоже.,3,colloquial,Разговорный
Что вы знаете о невероятных историях? Ислам ANISMAS Керимов пока что главный герой Ltokenoid Pro Wtokenoid Sptokenoid,3,colloquial,Разговорный
Зимние перчатки на 3 и пальца изготовлены из козлиной кожи и текстиля микс ⠀ Sotokenoid ТЕКС® мембрана Tri флис подкладка Тинсулейт® утеплитель 100 г на тыльной стороне руки 40 г на ладони Ладонь из кожи с двойным слоем Костяшки руки с двойной слоем кожи Обивка из кожи пальцах перчатки Регулировка задней части руки Манжета с защитой от проникновения воды Светоотражающие детали и печать на задней части руки Резиновая губа на левом указательном пальце чтобы протереть визор шлема Запястье стрейч регулируемое с липучкой Регулируемая ширина манжеты с застежкой липучкой Безопасность в соответствии со стандартом EN13594 2015 ⠀ Перчатки IXS Wtokenoid Gtokenoid 3 Ftokenoid ST черный Цена 4 530 руб. ⠀⠀ Наш сайт интернет магазина tokentokenoid ⠀ Оформи заказ по телефону 7 800 555 34 96 ⠀ ftokenoid мотоэкипировка ftokenoid motoektokenoid motoektokenoid motoektokenoid байкер защита мотошлем шлем мотоцикл,3,colloquial,Разговорный
Просто взгляни на это сокровище 33 Принимай участие в Operattokenoid Steal Sktokenoid Gtokenoid в котором ты сможешь забрать себе кучу топовых призов с общим призовым фондом 036 1680 33 Успей урвать свой скин,3,colloquial,Разговорный
МАКСИМ КРЕСКИН КОМАНДУ НЕ ПОСТРОИШЬ ЗА ДВЕ НЕДЕЛИ Связующий Югры Самотлора об изменениях в составе многолетнем партнере и взаимопонимании.,3,colloquial,Разговорный
Парни кто сможет? Всем до конца недели бесплатно открыли доступ к профессиональному обучению по заработку 3 4 часа в день в интернете обучитесь 4 дня и можете работать по 3 4 часа в день делая по 2 настройки в час по инструкции Подходит тем кому нужна подработка в гибком графике без опыта работы по паре часов в день c 3 выходными в неделю. Курс бесплатный. Забирай учись и трудоустраивайся. Не хватает людей. Переходи по ссылке ниже нажимай Разрешить и забирай курс.,3,colloquial,Разговорный
Успейте оформить кредитную карту от Альфа Банка. Вечное бесплатное обслуживание. Целый год без. Кэшбэк до 33 у партнеров. Оформите сейчас доставим на дом завтра. Оставьте заявку,3,colloquial,Разговорный
Шестеркин затаскивает Рейнджерс в финал Восточной конференции 33 Американцы в Twtokenoid Игорь – хоккейное божество 33 Нью Йорк Рейнджерс одержали сенсационную победу в семиматчевой серии с Каролиной взяв верх над Харрикейнз в решающем противостоянии 6 2. Первой звездой встречи был признан российский голкипер синерубашечников Игорь Шестеркин отразивший 37 из 39 бросков и не упустивший шанса потроллить одного из болельщиков хозяев по завершении поединка. Очередная блестящая игра Шестеркина привела в восторг заокеанских пользователей Twtokenoid. tokentokenoid – У Каролины много что пошло не так в этой серии но в первую очередь стоит отметить вклад в общую победу Рейнджерс который сделал Игорь Шестеркин. Он – важнейшая причина того почему у Кейнз не получалось действовать так результативно. tokentokenoid – У Шестеркина первый полноценный сезон в качестве основного вратаря Рейнджерс – и он уже выводит команду в финал конференции. Как же нам с ним повезло 33 tokentokenoid – Несмотря на то что все победы Рейнджерс в этой серии были разгромными именно Шестеркин являлся их фундаментом. Остановил почти все что летело в его ворота. tokentokenoid – Наблюдение за Игорем Шестеркиным – это самый настоящий религиозный опыт. tokentokenoid – Шестеркин лучше трех вратарей Каролины вместе взятых. Все даже близко не стоят к нему по уровню а единственной причиной по которой Андерсен показывал такую статистику в регулярном чемпионате было то что Кейнс отлично действовали в обороне. tokentokenoid – Игорь – самый ценный хоккеист всей лиги и это даже не обсуждается. tokentokenoid – Сегодня Шестеркин так заскучал в первом периоде что даже прилег чтобы вздремнуть. tokentokenoid – Респект Рейнджерс за отлично проведенную серию качественная работа перед дедлайном и Шестеркин превратившийся в настоящую стену дали им преимущество в котором они так нуждались перед плей офф. tokentokenoid – На мой взгляд именно Игорь стал главной звездой этой серии. tokentokenoid – Обожаю Шестеркина 33 Как же классно он потроллил тролля из Каролины после игры 33 tokentokenoid – Игорь Шестеркин – хоккейное божество. И оно – наше. tokentokenoid – Игорь – мой герой 33 tokentokenoid – Василевский пока остается лучшим вратарем мира но Шестеркин уже стучится в его дверь. Согласно продвинутой статистике в серии с Каролиной Шестеркин пропустил на 8 шайб меньше показателя ожидаемых голов Кейнс. В текущем розыгрыше плей офф Игорь одержал 8 побед отразив 92 8 бросков. В финале Восточной конференции Шестеркина ждет мощнейшее противостояние с Андреем Василевским и его Тампой. Перевод tokenoid,3,colloquial,Разговорный
На следующей неделе изменится время турниров ️ Из за перевода времени на Зимнее на Западе все Дивизионные Кубки будут проводиться на час позже Регионы у которых изменится время Европа Северная Америка Восток и Запад Время Zero Btokenoid не изменится,3,colloquial,Разговорный
Новый номер журнала Мир фантастики в продаже Майский номер наполнен юбилеями 33 Отмечаем двадцатилетие The Etokenoid Stokenoid III Morrowtokenoid тридцатилетие третьего Чужого тридцатилетие Wotokenoid 3D сорокалетие фильма Конан варвар сорокапятилетие Оби Вана Кеноби и семидесятипятилетие Брайана Фрауда. А еще это 222 й номер журнала и выходит он в 2022 году впрочем даже такое совпадение не является причиной публиковать в нем статью про нумерологию 33 МирФантастики Новинка Hotokenoid,3,colloquial,Разговорный
Новое видео 33 52 летний Ананд ДАВИТ Карлсена 33 Виши снова 17 на турнире Norway Chess Новый мощный курс по тактике от Алексея Гоганова 33 С промокодом Anand скидка 1500руб. Действует до 15 июня,3,colloquial,Разговорный
Проблемы с суставами распространенная проблема не только среди спортсменов. Болезни связанные с суставами мешают жить счастливо комфортно и в гармонии. Каждый шаг может причинять боль. Для решения этих проблем был разработан комплексный пептидный препарат для опорно двигательного аппарата Revtokenoid ML 09. Revtokenoid ML 09 – это препарат который подойдет и спортсменам и людям с проблемами опорно двигательного аппарата. Revtokenoid ML 09 это профилактика заболеваний опорно двигательного аппарата помощь при подагрическом артрите помощь при воспалительном поражении суставов помощь при дегенеративном заболевании суставов помощь при остеопорозе помощь при остеохондрозе помощь при ревматизме Это новейший препарат с комплексом пептидных биорегуляторов В звена иммунной системы сосудистой стенки и хрящей. Также в состав входят вещества обладающие хондропротекторными свойствами антиоксиданты и жирные кислоты. Переходите по ссылке узнайте больше о продукте регистрируйтесь и получите скидку. БАД. Не является лекарственным средством,3,colloquial,Разговорный
Сборная Республики Башкортостан заняла первое место на Всероссийских соревнованиях Общества Динамо 11 ноября в Нижнем Новгороде завершились Всероссийские соревнования Общества Динамо по волейболу среди мужчин. Первое место в турнире заняла сборная Общества Динамо Республики Башкортостан. На турнире башкирские спортсмены провели в групповом этапе пять матчей против команд Красноярска Самары Нижнего Новгорода Санкт Петербурга Челябинска одержав победы во всех играх. В полуфинале Динамо Башкортостан оказались сильнее Челябинска а в финале уверенно обыграли Самару. Отметим что два игрока сборной Общества Динамо Республики Башкортостан получили индивидуальные награды. Лучшим принимающим стал Игорь Фролов а лучшим блокирующим – Максим Титов. В общей сложности в соревнованиях участвовали 15 команд которые были поделены на три группы по численности субъектов. Федерация волейбола Республики Башкортостан и волейбольный клуб Урал поздравляют башкирских спортсменов с успешным выступлением на турнире 33,3,colloquial,Разговорный
Меняем настолку на мемы 33 Подпишитесь на группу Hotokenoid Wortokenoid Поставьте лайк на эту запись Выложите в комментариях угарный мем с участием котов. Все же любят котиков правда? Давайте покреативим. 7 апреля случайным образом выберем победителя который получит в свои пушистые лапки взрывную настолку Взрывные котята. Доставка приза по РФ за счет организатора. Желаем удачи всем мяу 33 Конкурс Hotokenoid,3,colloquial,Разговорный
Васильев в ВАДА дело Норвегии замнут как и все скандальные ситуации ️ Двукратный олимпийский чемпион по биатлону Дмитрий Васильев прокомментировал информацию о том что Норвегию могут лишить права проводить международные соревнования из за нарушения антидопингового кодекса ВАДА. Абсолютно очевидно что такого никогда не будет что сборную Норвегии отстранят. Главным виновником в области нарушений допинг правил назначена Россия а Норвегия назначена самой главной лыжной страной. Было бы нелогично в таком случае обвинять Норвегию которая для всех специалистов очевидно выиграет все свои медали. Значительную часть Норвегия выигрывает на легальном допинге. Скорее всего в ВАДА это дело замнут как и многие другие известные скандальные ситуации. Например как с доктором Шмидтом у которого нашли огромное количество кровяных допингов но это продолжения так и не имело. Таких примеров полным полно. Это дело также замнут и ничего не будет. Потом в очередной раз акцент сдвинут на сборную России которая мол чего то нарушила для того чтобы отвести внимание от Норвегии сказал Васильев,3,colloquial,Разговорный
WSBK Пол Денниг не верит что титул утрачен Топрак может идти к цели словно одержимый 33 Хотя Альваро Баутиста летит в Индонезию с преимуществом над Топраком Разгатлиоглу в 82 очка босс заводской команды PATA Yamaha Пол Деннинг считает что шансы на спасение чемпионской короны еще не исчерпаны 33 Впереди два этапа Wortokenoid Stokenoid в Индонезии и Австралии в рамках которых состоятся 6 заездов четыре длинных и два спринта и будут разыграны 124 очка. 124 гораздо больше чем 82 33 Это дает некоторую надежду Yamaha что титул завоеванные Топраком Разгатлиоглу в последний уикенд сезона 2021 года еще можно удержать. Чемпионат более менее завершился об этом все думают так считают. Я же не считаю что у нас не осталось ни единого шанса 33 заявил Деннинг после этапа в Аргентине. Многие основывают свое мнение на результатах 1 й гонки ошибке Топрака уровне и темпе Альваро здесь в Аргентине смотрите он едет к титулу 33. . Но я же с большим нетерпением жду возвращения на Phtokenoid Istokenoid. Мы постараемся быть конкурентоспособными в Мандалике и побороться за три победы надо побить Альваро создать давление перед Phtokenoid Istokenoid. Это было бы неплохо для нас. Никогда не говори никогда 33 Стратегия PATA Yamaha в последние два этапа будет строиться на доминировании Топрака что весьма реально учитывая его боевой дух. К тому же команда перешла на этот сценарий еще в мае после провального старта чемпионата. Топрак рассматривает этот сезон не как единую линию в погоне за титулом а как цепочку отдельных событий не связанных друг с другом. Каждая гонка как первая и последняя и выиграть ее надо уже в пятницу. Вот над этим Деннинг и его команда и будут работать в Индонезии и Австралии. Но как вы уже поняли здесь стратегия отдельных событий может быть пересмотрена именно исходя из того что появилась необходимость рассматривать финальные раунды через призму воздействия на лидера чемпионата Альваро Баутисту. Бау может потерять свое хладнокровие. Он уже терял его несколько раз в прошлом. Для этого нужно создать предпосылки. Stokenoid Ratokenoid в Аргентине выигранный Топраком Деннинг назвал одной из лучших гонок турка за всю карьеру Разгатлиоглу навязал Баутисте большую битву за победу и каждый раз когда Баутиста перехватывал инициативу Топрак возвращался. Преимущество мотора Dtokenoid не помогло Баутисте на главной прямой El Vtokenoid. Кажется он трижды отбирал позицию у Альваро именно в 9 м повороте продолжает Деннинг. Я подошел и сказал это Филу шефу команды Топрака что это демонстрирует уровень уверенности даже после того как он грохнулся там в первой гонке. Это впечатляющий сигнал. Гонка меня впечатлила больше всех в этом сезоне. Тактика Топрака теперь очевидна он хочет вырваться в лидеры чтобы ехать так будто других не существует это его сильнейшая позиция. Когда он так едет даже дефицит скорости не будет помехой. Он просто одержим целью.,3,colloquial,Разговорный
️Обзор полуфинального поединка турнира в Галле между Даниилом Медведевым и Оскаром Отте,3,colloquial,Разговорный
Конкурс на KUNAI SNOW CAMO Условия для участия Поставить лайк ️ Написать комментарий Репост данной записи Итоги 15. 04. 22. Спасибо за 2. 800,3,colloquial,Разговорный
Для любителей мотокросса Финал Чемпионата России прошедший в начале сентября в Набережных Челнах. Гонка с участием Никиты Богданова и Владимира Бобина Speetokenoid мотокросс m17vtokenoid,3,colloquial,Разговорный
Мой любимый. Деннис Родман после школы работал уборщиком вплоть до 21 летнего возраста. После чего вытянулся и занялся баскетболом. В итоге зафдрафтован в 25 лет. Безумие.,3,colloquial,Разговорный
Наглядная партия в необычную настолку Идеальный кадр от Настолки LIVE. В этой игре вы примерите на себя роль светского фотографа и попытаетесь так расставить гостей аристократической вечеринки чтобы учесть их многочисленные и зачастую противоречивые предпочтения. Для достижения цели вам понадобится и хорошая память и комбинаторные умения. А еще в Идеальном кадре нужно по настоящему фотографировать картонные фигурки за трехмерной ширмой. Купить игру ИдеальныйКадр,3,colloquial,Разговорный
1972. Канада. Юрий Ляпкин против нападающего сборной Канады Бобби Кларка.,3,colloquial,Разговорный
Сегодня день рождения отмечает администратор дублирующего состава БАТЭ Андрей Игнатович с чем его искренне поздравляем 33 С праздником Андрей Викторович 33,3,colloquial,Разговорный
Времена проведения пит стопов на Гран При Эмилии Романьи. Зачет в номинации DHL FASTEST PIT STOP AWARD и 10 самых быстрых пит стопов на данный момент.,3,colloquial,Разговорный
А вот и очередная среда пришла а за не ворвался к нам в группу День монстров. Сегодня мы расскажем вам о двух обитателях Страны Фей Ведьме лягушке фее что хочет превратить фейские земли в подконтрольные ей болота и отмеченных феями гуманоидах потерявших рассудок за месяцы и годы скитаний по угодьям Благого и Неблагого дворов. Напомним что переводим мы книгу Monsters of Feytokenoid hetokenoid monsterstokentokenoid,3,colloquial,Разговорный
Rafael Memtokenoid ‍ Когда спросили про шансы на в Париже,3,colloquial,Разговорный
fRONZES открывает свою сферу гаранта 33 Если хотите провести сделку безопасно обращайтесь к менеджеру указанному в контактах группы.,3,colloquial,Разговорный
Вспомогательное упражнение от Вестсайд Барбелл для укрепления подколенных сухожилий 33 Weststokenoid Bartokenoid,3,colloquial,Разговорный
MATCHDAY SUPERLIGA GKH MARKET Вот мы и дождались решающей стадии турнира. Сразу 4 команды в сдвоенных матчах определят имена соперников Подзембургаза и Зари 33 Первый шаг будет сделан уже сегодня 33 19 марта в 21 и 22 часа на паркет УСК Подмосковье выйдут принципиальные соперники 33 Полет У Палыча Обе команды неоднозначно провели сезон. Палычи во втором круге стали одним из скрытых фаворитов турнира и сейчас у них есть отличный шанс подтвердить сформировавшуюся репутацию. Однако Полет точно не собирается входить в штопор. Точечные усиления и правильный настрой могут помочь летчикам набрать нужную высоту для выхода в следующий раунд. Автолицей Рековери Рековери безусловный фаворит но лицеисты могут и умеют удивлять. Их финишный рывок и 6 очков с Полетом показали что у команды из Пушкино есть зубы. А учитывая трудности со сбором у Рековери в этом матче может быть абсолютно все 33,3,colloquial,Разговорный
Не прыжками едины 33 В субботу 2 июля будем сплавляться на сапах по реке Оредеж. Обрывистые берега из красного песчаника фантастические водоросли и нависающие над водой деревья. Красота 33 Маршрут длиной 6 километров проходится за 3 часа. Это если не спеша с купанием фотографированием и отдыхом. А если будем шустрыми то можно и продолжить река длинная. Время старта 11 30 Стоимость 3 000 рублей С нас сапы обучение плаванию на них сопровождение инструкторов фото видео отчет о прогулке и трансфер с места финиша на место старта. Записаться или задать вопрос,3,colloquial,Разговорный
Даллас в гостях в овертайме обыгрывает Бруклин 125 129. Всем доброго утра 33 ntokenoid mavs nets,3,colloquial,Разговорный
️Началась подготовка к бою Артура Бетербиева с Энтони Ярдом Промоутер британца Фрэнк Уоррен заявил о том что уже зарезервировал арену О2 в Лондоне для поединка между чемпионом мира в полутяжелом весе по трем основным версиям WBO WBC IBF Артуром Бетербиевым и обязательным претендентом по версии WBO Энтони Ярдом на октябрь. Увы но теперь уже с уверенностью можно сказать что Бетербиев и Бивол смогут встретиться друг с другом в ринге только через один бой. В случае победы естественно. ‍ ️,3,colloquial,Разговорный
GTWortokenoid Дрис Вантор и Чарльз Виртс покидают Ауди. Ожидается что гонщики присоединятся к БМВ и останутся в составе WRT.,3,colloquial,Разговорный
СПРИНТ В АККУРАСИ НА ТРУБУ Еще один пример когда казалось бы и просто прыгнуть было бы сложно но Оскар Опатовски приземляет в стик еще и пролетев в отверстие сложившись пополам,3,colloquial,Разговорный
На стадионе Урал в Екатеринбурге идет Первенство Свердловской области по легкой атлетике среди юниоров до 20 лет. Программа онлайн табло Фото Андрей Минжулин Андрей Акуленко.,3,colloquial,Разговорный
Новак Джокович стал единственным теннисистом в мужском туре которому удалось выиграть титулы на всех трех покрытиях в 2022 году. Теннисист был лучшим на грунтовом Мастерсе в Риме брал главный трофей травяного Уимблдона и праздновал победу в Израиле на харде,3,colloquial,Разговорный
Нарисуй Древнего и выиграй наборы карточного Ужаса Аркхэма на свой выбор 33 20 августа день рождения отмечает мастер ужасов Говард Лавкрафт 33 И мы запускаем новый творческий конкурс в честь великого писателя. Подпишись на Hotokenoid Games и поставь лайк этой записи Нарисуй любого монстра из вселенной Лавкрафта и укажи на рисунке хештэг ПриветИзАркхэма2022 Выложи свой рисунок в этот альбом ссылка до 5 сентября 2022 г. включительно. 6 сентября среди участников мы выберем пять победителей которые выберут в подарок наборы Ужас Аркхэма. Карточная игра Кто получит призы? 1. Случайный участник выбранный приложением Рандомайзер сможет выбрать наборы на общую сумму до 5000 р. 2. Участник чей рисунок наберет больше всего лайков в альбоме зрительские симпатии наборы на сумму до 5000 р. 3. Еще ТРЁХ победителей выберем с помощью жюри 1 место наборы до 6000 р. 2 место до 4500 р. 3 место до 3500 р. Требования к работам Рисунок можно нарисовать от руки или с помощью графического редактора в том числе необычным методом например выжечь на доске Рисунок должен быть уникален и создан самим участником. Не допускаются рисунки уже опубликованные в интернете. Участник может выложить любое количество уникальных работ. Случайный победитель будет выбран среди участников вне зависимости от количества рисунков а жюри будет выбирать среди работ. Зрительские симпатии тоже среди работ. На рисунке нужно указать хештег ПриветИзАркхэма2022 в стиле работы. Призером не может стать победитель прошлых конкурсов Нарисуй своего Древнего Про приз Карточный Ужас Аркхэма это настольная игра про отважных сыщиков расследующих жуткие тайны и сражающихся с невыразимыми ужасами. Это игра с разнообразными сценариями требующими индивидуального подхода и возможностью тонкой и эффективной настройки личных колод игроков. Работы конкурса 2021 года можно посмотреть tokentokenoid здесь Работы 2020 года tokenoidtokenoid здесь. Призы бесплатно доставим по России 33 Выдача призов проводится в соответствии с полными правилами конкурсов Hotokenoid Games ссылка Принимая участие в конкурсе вы даете разрешение на использование выложенного рисунка на ресурсах Hotokenoid Games. Для предотвращения нечестных действий организаторы оставляют за собой право исключать работы из конкурса. Выбранные в качестве призов наборы должны быть в наличии на складе интернет магазина tokentokenoid Конкурс Hotokenoid УжасАркхэмаКарточнаяИгра Лавкраф,3,colloquial,Разговорный
В ФК Урал перешел сербский атакующий игрок Лазар Ранджелович. Футболист выбрал 9 игровой номер. Место рождения Лесковац Сербия Возраст 25 лет Рост 174 см Амплуа полузащитник нападающий Лазар Ранджелович родился в сербском городе Лесковац где и начал заниматься футболом. В местном клубе Слога Лесковац прошел через все молодежные команды а летом 2015 оказался в ФК Единство Бошняце где и дебютировал во взрослом футболе. Затем на протяжении трех лет Лазар выступал за разные сербские клубы. 30 августа 2018 года он подписал контракт с греческим клубом Олимпиакос но было решено что он останется в своем прежнем клубе Раднички на правах аренды на сезон 2018 19. В том сезоне Лазар провел 30 матчей и забил 7 голов. Вскоре после возвращения в Олимпиакос он забил два мяча в игре против Краснодара в раунде плей офф Лиги Чемпионов. Далее последовала аренда в испанский Леганес выступающего в Сегунде. Там серб провел 16 матчей и забил 4 гола. В нынешнем сезоне Лазар вновь вернулся в Олимпиакос и помог греческому клубу пробиться в групповой этап Лиги Европы. Всего в еврокубках наш новый игрок провел 25 матчей. В сентябре 2018 года новичок Урала получил свой первый вызов в юношескую сборную Сербии и в дебютной игре отметился голом. Спустя два года Ранджелович впервые сыграл за главную команду своей страны. Он принял участие в игре Лиги наций против сборной России.,3,colloquial,Разговорный
Виктор Оладипо может дебютировать в сезоне уже на второй неделе марта сообщает Адриан Войнаровски,3,colloquial,Разговорный
Не недооценивай тех за кем большие перспективы Куча убийств игра без потерь и грамотный пуш все это про команду GMT Esports Именно этот коллектив красиво забирает первую строчку на четвертой карте за что и получает вкусный ужин Заключительная карта уже наготове сейчас самое время увидеть исход сегодняшнего дня Yotokenoid Twtokenoid VK PUBGMOBILE PMPL PMPLCIS,3,colloquial,Разговорный
Командный чемпионат России 2022 г. Speetokenoid СпидвейКЧР MegaLatokenoid Ttokenoid 16. 06. 2022 г. МЕГА ЛАДА Тольятти ТУРБИНА Балаково Видеосюжет Спорт Up,3,colloquial,Разговорный
Уже сегодня стартует женский турнир в Индиан Уэллсе у мужчин состоялась жеребьевка Мастерса Даниил Медведев стал лидером посева и может вновь встретиться с Рафаэлем Надалем в полуфинале. Это будет их третья встреча за сезон две предыдущие выиграл испанец Новак Джокович все еще в сетке хотя его шансы въехать в США пока неясны. Организаторы турнира поддерживают связь с его командой. Больше подробностей по ссылке,3,colloquial,Разговорный
Порой мастерство волейболиста состоит в том чтобы избежать касания с мячом. . .,3,colloquial,Разговорный
Иринка Гусева и tokenoidtokenoid Киселев поздравляем вас 33 Вам достается по бесплатному прыжку с Утопии. Прыгать будем уже завтра с 12 до 17. Мест по предварительной записи почти нет но можно приехать записаться на месте и прыгнуть по живой очереди. До встречи 33 tokenoidtokenoid с Утопии 22 мая воскресенье ЗАПИСАТЬСЯ 7 981 135 11 20,3,colloquial,Разговорный
Ваши любимые не любимые нужное подчеркнуть фотки игроков с отдыха Сегодня на очереди Ти Джей и его жена,3,colloquial,Разговорный
Конкурентов не нужно опасаться. Пользуйтесь их опытом и учитесь на их ошибках чтобы сделать ваш продукт уникальным.,3,colloquial,Разговорный
Со скольки лет лучше начинать заниматься легкой атлетикой?,3,colloquial,Разговорный
Тренер сборной России по биатлону Сергей Башкиров высказался о том есть ли шанс у Евгения Гараничева и Матвея Елисеева вернуться в команду. Мы не вычеркивали этих спортсменов следим за ними. Гараничев знаю работает с личным тренером Максимом Кугаевским готовится выступить на летнем Кубке Содружества в Сочи. По Матвею информации нет. На начало подготовительного периода некоторые показатели здоровья не позволяли ему получить медицинский допуск. Изменилась ли эта ситуация сказать не могу,3,colloquial,Разговорный
Я Прыгал на Скакалке 30 Дней подряд 33 Как изменилось мое тело и силовые показатели? Как похудеть в домашних условиях и быстро? Все в этом видео,3,colloquial,Разговорный
Алексей Протас прокомментировал свой гол во встрече с Виннипегом Было отличное вбрасывание мы сделали то что планировали. Просто играли быстро как мы говорили перед вторым периодом. Шульц отлично сыграл Уилсон остановился сделал паузу и отдал пас. Так что все сработало и мы вероятно заслужили этот гол своей рабочей этикой и движением шайбы приводит слова Протаса телеграм канал Белорусский хоккей.,3,colloquial,Разговорный
И все же не судьба? Похоже что Гран При Финляндии MotoGP так и не состоится В пресс центре Atokenoid tokenoid Atokenoid быстро распространился один слух источником которого считают офицера по безопасности MotoGP Лориса Капиросси похоже что Гран При Финляндии может не состояться и в 2022 году. Автодром Kymtokenoid до сих пор не готов?,3,colloquial,Разговорный
Нью Джерси выиграл 9 матчей подряд в 5 й раз в своей истории. Сегодня Девилс обыграли Аризону 4 2 в регулярном чемпионате НХЛ. Команда выдала лучшую серию побед начиная с 2007 года. Ранее в истории клуба было только 4 серии с 9 или более победами 13 в сезоне 2000 01 11 – 2005 06 9 – 2005 06 и 2007 08. С 24 очками в 15 матчах команда под руководством Линди Раффа лидирует в Столичном дивизионе и идет на 2 м месте в таблице Восточной конференции.,3,colloquial,Разговорный
Вот то место N 53. 555646 E 49. 293041. Построить маршрут в Яндекс Навигаторе,3,colloquial,Разговорный
Берра Прохладная погода больше подходит шинам Soft Переменчивая погода не позволила командам полноценно поработать с резиной в пятницу а из за прохладной погоды шины было сложно прогреть. Итоги дня подвел главный инженер Ptokenoid Симоне Берра Симоне Берра Состояние трассы постоянно менялось из за погоды асфальт был грязным и скользким – в таких условиях сложно сделать выводы о работе шин. Новый асфальт – довольно гладкий сцепление оказалось не столь высоким как несколько недель назад когда мы оценивали его сразу после гонки 24 часа Спа. Но по ходу уик энда асфальт покроется отработанной резиной и сцепление наверняка улучшится. Прохладная погода больше подходит шинам Soft. Гонка пройдет в схожих условиях так что и воскресенье самый мягкий состав сыграет свою роль в зависимости от скорости деградации.,3,colloquial,Разговорный
WSS еще один пилот Мото Гран При переходит в Wortokenoid Stokenoid Наварро подписал контракт с Ten Kate Испанец Хорхе Наварро покинет чемпионат мира по Мото Гран При где сейчас он выступает в классе Moto2 ради карьеры в Wortokenoid Stokenoid с Ten Kate Yamaha. Хорхе Наварро займет место действующего чемпиона WSS Доминика Эгертера в Ten Kate. Эгертер все же решил перейти в Wortokenoid Stokenoid и получил поддержку Yamaha Motor Etokenoid он будет выступать за саттелит GRT Yamaha. Наварро никогда не выступал в серийных чемпионатах. Всю свою карьеру преследовал цели в MotoGP начав свой путь в 2015 году с Moto3. В том же году он стал лучшим новичком класса Rooktokenoid of the Year. Первые победы пришли к Наварро в 2016 а в 2017 он вступил в 2017. Но в среднекубатурном классе Moto2 Хорхе уже не был столь успешен хотя 2019 год мог стать его триумфальным он взошел на подиум 8 раз взял 4 победы в 4 х гонках стартовал с поула но этого все равно оказалось мало чтобы поспорить за титул с более стабильными Алексом Маркесом Брадом Биндером и Томом Люти так что завершил испанец сезон только на 4 й строчке. Сейчас Наварро является партнером Арона Канета в Pons HP40 и занимает 12 ю позицию в чемпионате Moto2 у него в копилке всего один подиум 3 место на Гран При Португалии.,3,colloquial,Разговорный
До Гран При Сингапура еще есть время но условия чемпионства Макса в следующей гонке желательно знать уже сейчас. Мы произвели подсчеты.,3,colloquial,Разговорный
Поздравляем с Днем защитника Отечества 33 Будьте здоровы любимы и успешны 33 Пусть удача всегда будет с вами а все невзгоды проходят стороной. Желаем атмосферных вечеров с настолками друзей рядом и радостных побед в игре 33,3,colloquial,Разговорный
АВТОСПОРТИВНЫЕ ДВИЖЕНИЯ Наконец то Атрон трек 12. 06. 2022 Требования к Пилоту космолета и его кораблю резина строго без шипов Ремни безопасности сток или 4 5 точек Шлем Сектлофары в скотче. Аккумулятор закреплен. Течь масла. Если в течении 5 10 минут авто в заведенном состоянии стоит на месте и под ним не будет большой лужи авто допускается. Пропуск в тех парк строго только участники тренировки. У пилота должны быть права Правила прибывания на треке для участников Очередь. Все выстраиваются в одну полосу друг за другом. При парном дрифте второй встает рядом перед стартом а не в самой очереди. Если вы хотите в паре с тем кто в начале очереди а вы в конце то дожидаетесь его в конце очереди пропуская других после чего встаете оба друг за другом в общую очередь. Съезд с трассы. Можете проезжать всю очередь и вставать на старт за первым очередным пилотом Показываете маршалу руками крест он его видит после чего БЕЗ дрифта съезжаете с трассы. Въезд на трассу. Встаете перед маршалом ждете команды после чего можете проехать на прямых до очереди. Обгон запрещен за вами едет авто. Если вы сломались на трассе и нужна эвакуация поднимаете руку вверх. Скорость по паддоку не более 10кмч Если вы сломались но можете ехать то лучше старайтесь выехать с траектории на щебень. ПОВНИМАТЕЛЬНЕЕ на треке. Если видите перед собой стоящее авто то прекращаете дрифт и проезжаете мимо него на прямых колесах. Желательно ехать вдвоем в одном заезде даже если не хотите парно. После старта отпускаете на небольшое расстояние и продолжаете заезд. Для уменьшения времени простоя в очереди. Снесете отбойник будете платить. У кого будет прям не капать а течь масло то трек покидает. Дрифт Такси для пассажира Получаете один билет на один проезд. Обязательно должен быть шлем у пассажира и пристегнут ремень. Шлем может быть у пилота узнавайте заранее. Можно взять в аренду у Атрона 200р нужен документ для залога. Можно прокатиться на любой машине по желанию пилота. Подходите спрашивайте кайфуйте. Если по указанию руководителя тренировки участник не покидает трек то заезды останавливаются до тех пор пока участник не покинет трек. Расписание 9 00 заезд участников 11 00 брифинг 13 00 начало тренировки 17 00 конец Стоимость 2500 По всем Вопросам к нему Андрей Яров,3,colloquial,Разговорный
Третий круг турнира WTA 1000 в Майами Джессика Пегула Елена Рыбакина 6 3 6 4 Следующая соперница Ангелина Калинина,3,colloquial,Разговорный
Мы записали подкаст Детройт против всех. Межсезонье 39 22. Часть первая. В эфире представители комьюнити Пистонс в ВК Олег Кирилл Павел. Обсуждаем драфт и обмены. Делаем первую попытку оценить состав.,3,colloquial,Разговорный
Джон Уолл сегодня против Лейкерс 10 очков 4 подбора 6 ассистов 0 потерь 2 перехвата 1 блок Я бесился из за того что не смог попасть сегодня трехочковый 1 5 3РТ но я наконец то нормально попал со штрафной 3 3 FT 33,3,colloquial,Разговорный
Картина Оноре Домье Шахматисты созданная в 1860 е годы входит в коллекцию Малого дворца в Париже.,3,colloquial,Разговорный
Александр Кадейкин Равная игра все очень близко Александр Кадейкин ответил на вопросы после пятого матча серии плей офф с Трактором. Александр Кадейкин нападающий ХК Салават Юлаев Равная игра все очень близко. В третьем периоде наверное все решила игра в большинстве. Мы не забили они забили вот и весь результат. Расскажите как вы забросили шайбу. Видели ли вы позицию Вилла? Сегодня позаряженнее вышли. Моментов хороших много создаем в течение серии и порой думаешь не мытьем так катаньем. Начинаешь уже злиться и бросать в сторону ворот. Так работает. Что не складывается у вашей тройки? Реализация моментов у нас не складывается мы в каждой игре создаем хорошие моменты. Источник Официальный сайт ХК Салават Юлаев,3,colloquial,Разговорный
BREAKING NEWS 23 июля на RZD Gotokenoid Rtokenoid Utokenoid Tratokenoid 100 впервые выступит группа Rotokenoid Prtokenoid 33 Rotokenoid Prtokenoid – это российская группа исполняющая каверы совмещая песни разных жанров и придавая им роковое звучание. Да да да Алла Пугачева с Rammstetokenoid Гарик Сукачев с AC DC а МакSим с Ltokenoid Park – это все они. Специальная программа для бегунов и гостей GRUTa и целый час лучших хитов в уникальных обработках. Вход бесплатный. ДаешьРок,3,colloquial,Разговорный
Формула 3 Зак О’Салливан перешел в Prema Участник Гоночной академии Wtokenoid Зак О’Салливан продолжит карьеру в Формуле 3. В следующем сезоне британец будет выступать за команду Prema где станет напарником Пола Арона и Дино Бегановича. В 2022 м О’Салливан дебютировал в Формуле 3 в составе Cartokenoid дважды поднялся на подиум завоевал поул на домашней трассе в Сильверстоуне и занял одиннадцатое место в личном зачете по итогам сезона. Зак О’Салливан Я очень рад присоединиться к Prema в Формуле 3 в сезоне 2023 года. Меня ждет сотрудничество с новой командой но история Prema говорит сама за себя поэтому я надеюсь что вместе мы проведем успешный сезон. Первое впечатление составленное на тестах оказалось хорошим а темп высоким. Я продолжаю изучать особенности машины знакомлюсь с командой и инженерами а также немного учу итальянский 33,3,colloquial,Разговорный
As Боссы ПСЖ недовольны что Мбаппе пытается диктовать клубу свои правила. ️Они считают предательством желание Килиана уйти.,3,colloquial,Разговорный
Желания играть в России не меньше. Олимпийский чемпион из Франции о корнях и ЧМ 2022 Женя Гребенников рассказал о любимых русских блюдах разнице менталитетов и выборах президента.,3,colloquial,Разговорный
Егор Клюка один из самых универсальных нападающих в нашем чемпионате Он одинаково уверенно чувствует себя как в доигровке так и в диагонали. Но все же предпочитает участвовать в приеме Смотри больше топовых моментов прошедшего сезона с участием игрока питерского Зенита в полной версии ролика yotokenoid. tokenoid 8 RWYByUtokenoid,3,colloquial,Разговорный
Согласитесь было круто 33 Фото с забега можно посмотреть здесь,3,colloquial,Разговорный
Проигрываем потому что мажем открытые трехи. Начнем попадать выиграем этот матч.,3,colloquial,Разговорный
Татьяна Тарасова высказалась об отъезде Этери Тутберидзе в США Этери Тутберидзе ни у кого не спрашивала совета. Зачем ей об этом переживать? Ехать в США или нет исключительно ее дело 33 Этери взрослый человек именитый тренер. Она знает что делает. Не надо к ней приставать объяснила Тарасова Тутберидзе должна прибыть в клуб фигурного катания в Бостоне где Бенуа Ришо ставит программу для Дэвис и Смолкина. Американские пользователи Твиттера крайне негативно восприняли эту новость,3,colloquial,Разговорный
А вот и первые слова болельщикам Самотлора от экс капитана Локомотив Изумруда и нашего нового центрального Романа Еркина.,3,colloquial,Разговорный
Игоря Сайдуллина и его избранницу Анну поздравляем с бракосочетанием 33 Наши самые наилучшие пожелания молодоженам 33 Будьте счастливы 33,3,colloquial,Разговорный
Дорогие любители бега ждем ваши бегофоточки для публикации в комментариях к этому посту ⬇️ А сейчас своим классным бегом делятся наши беговые друзья участники нашей группы Себастьяно Перрейра tokenoidtokenoid Лучшев tokenoidtokenoid Ламакин tokenoidtokenoid Гуревич tokenoidtokenoid Король tokenoidtokenoid. shoromov tokenoidtokenoid Хардов tokenoidtokenoid Мусихин tokenoidtokenoid Зюзин tokenoidtokenoid Янулевич Спасибо за мотивацию позитив и отличное настроение дорогие друзья 33 Всегда вам очень рады бегжизнь делисьбегом спорт 5верст забег наспорте старт rtokenoid,3,colloquial,Разговорный
Привет всем 33 У кого есть на продажу запчасть только в целом виде? Вариант заварить пока как запасной,3,colloquial,Разговорный
Выиграй веселую игру для вечеринок Я не робот. Капча из интернета превратилась в забавную настолку с быстрыми правилами для игры с семьей или друзьями Поставь лайк на этот пост и подпишись на группу чтобы участвовать в розыгрыше Счастливчика выберем через рандомайзер 8 августа Доставка по РФ за наш счет,3,colloquial,Разговорный
Здравствуйте 33 Вам редактор нужен для группы? ️ Не обращайте внимание на имя и фамилию страницы я не являюсь фанатом футбольного клуба Манчестер Сити и Эрлинга Холанда записан так ВКонтакте по чистой случайности рандом этот футболист первый пришел в голову и решил подстроиться под него могу делать вам такие картинки для вашей группе,3,colloquial,Разговорный
Забавный факт Яннис и Танасис служили в греческой армии,3,colloquial,Разговорный
Расширение Btokenoid for Trtokenoid стало поддерживать Dota 2 Мод позволяет зрителям Twttokenoid влиять на ход кастомного матча с помощью донатов. newstokentokenoid,3,colloquial,Разговорный
Atokenoid создала уникальный S1 E Tron Qtokenoid HOONITRON для Кена Блока Новый электрический Atokenoid S1 E Tron Qtokenoid Hoontokenoid 2022 создан что бы отдать дань уважения раллийному автомобилю Sport Qtokenoid S1 1985 года Шасси сделано из карбона а в движение модель приводится двумя электродвигателями на передней и задней оси полный привод Начинка скорее всего досталась спорткару от серийного Atokenoid RS e tron GT на котором суммарная отдача агрегатов достигает 646 л. с. При этом двухдверка может похвастать наличием полного набора гоночных систем безопасности за счет чего отвечает всем требованиям FIA,3,colloquial,Разговорный
Всем привет друзья 33 В этом ролике буду выполнять тягу с гирей 150 9кг. что левой что и правой на время 30 секунд 33 Очень интересное упражнение 33 Особенно хорошо прокачивает мышцы спины 33 Насчет результата все увидите в ролике 33 В следующий раз планирую со 170кг. без времени на максимум 33 Всем спортивной мотивации и приятного просмотра 33 спорт тяга ЗОЖ гиря сила силач качок силач тренировка качалка,3,colloquial,Разговорный
Давно Тодор Скримов не баловал поклонников Енисея сериями подач 3 эйса в ряд Поддержите сообщество tokentokenoid Сайт tokentokenoid Tetokenoid tokentokenoid Волейбольный чат Вконтакте tokentokenoid Tetokenoid tokentokenoid Tetokenoid каналы клубов tokentokenoid Спонсор сообщества tokentokenoid Волейбол Votokenoid ПляжныйВолейбол Пляжка НовостиВолейбола KeepTheBatokenoid ДержиМячВИгре ВолейболСМИ Первоисточник Мужская волейбольная Суперлига,3,colloquial,Разговорный
Узнал себя? Ставь и поделись с друзьями 33 Или оставь свою версию в комментариях,3,colloquial,Разговорный
Начинаем новый сезон Сегодня Урал сыграет против Динамо ЛО в Сосновом Бору. Динамо ЛО VS Урал 20 00 16 00 мск Прямая трансляция на tokentokenoid и tokentokenoid г. Сосновый Бор. Волейбольный центр,3,colloquial,Разговорный
21 летний бельгийский игрок Шарль Де Кетеларе перешел из Брюгге в Милан 33 Сумма трансфера составила 32 млн евро 4 млн евро в качестве бонусов. Контракт до окончания сезона 2026 27.,3,colloquial,Разговорный
Комментарии Мартен после сегодняшнего спринта Выступление Йоханнеса великолепно. Это его третья личная медаль на Олимпийских играх и его вторая золотая медаль здесь в Пекине. Между Кентеном и Йоханнесом ожидется грандиозное сражение чтобы узнать кто станет лучшим биатлонистом на этих Олимпийских играх. Именно это противостояние мы хотели увидеть с прошлого года. В этом году Йоханнес был немного ниже своего уровня на старте сезона. Но он сумел среагировать чтобы выйти на свой пик к Олимпиаде. Три гонки три медали для этих двух биатлонистов и завтрашний поединок между Йоханнесом и Кентеном в гонке преследования обещает быть фантастическим. Инстасторис Мартена 1. И у нас есть новые чемпионы 2. И отдельные поздравления этому парню. Это была одна из крупнейших аномалий что он не получил личную олимпийскую медаль,3,colloquial,Разговорный
Разыгрывающий Горан Драгич интересен пяти клубам НБА. Как сообщает инсайдер ESPN Эдриан Воджнаровски Драгича хотят подписать Бруклин Клипперс Лейкерс Милуоки и Чикаго. Отмечается что фаворитом на словенца являются Бакс в составе которых он может получить значимую роль на площадке. Драгич начинал сезон в Торонто который перед дедлайном отправил ветерана в Сан Антонио. Техасцы выкупили контракт 35 летнего игрока.,3,colloquial,Разговорный
Отличной бегомотивации друзья 33 делисьбегом бег атлет забег забегрф мотивация мотивациябег спорт rtokenoid,3,colloquial,Разговорный
С международным днем студенческого спорта 33 Ежегодно в этот день мы рассказываем вам о наших успехах в области развития и популяризации студенческого бокса ведь это направление является одним из приоритетных в работе Федерации. В настоящее время благодаря плодотворному сотрудничеству Спортивной Федерации бокса Санкт Петербурга с ВУЗами города у большого количества молодежи появляются дополнительные возможности для раскрытия своих талантов и реализации на спортивной арене. Для того чтобы у каждого студента была возможность попробовать себя на ринге Спортивная Федерация бокса предоставляет спортивный инвентарь и экипировку для высших учебных заведений нашего города. В настоящее время мы активно сотрудничаем с десятками ВУЗов Северной столицы. Программа развития приносит свои плоды 33 В 2022 году на Чемпионате города по боксу среди студентов принимали участие более 160 спортсменов из 22 высших учебных заведений. На Универсиаде в 2020 году боксерская команда из Петербурга заняла первое общекомандное место а в этом году вновь подтверила свой класс. бокс федерациябокса tokenoid fetokenoid студенческийспорт,3,colloquial,Разговорный
12 й BetBoom этап ЧР по пляжке в Орле позади Смотрим фото моменты заключительного игрового дня в объективе Александра Лукина ВФВ,3,colloquial,Разговорный
РЕЛИЗ АЛЬБОМА ПИСЬМА НЕ ОТСЮДА OJV Первый альбом на русском языке вдохновленный китайской BL новеллой Мосян Тунсю Магистр Темного культа. Текст и музыка Otokenoid J. Votokenoid Альбом уже доступен VK Яндекс. Музыка Amazon Shazam Instagram ITtokenoid Ttokenoid Spottokenoid Поиск по названию альбома или нику O. J. V. обратите внимание на точки между буквами их надо ставить обязательно 33 Будем рады вашим впечатлениям пишите в комментариях тут или в tokenoidtokenoid автора,3,colloquial,Разговорный
ТОП 5 бомбардиров РПЛ Сычевой вырвался на первую позицию,3,colloquial,Разговорный
ВСЕМ БЕГ И ЛЁГКИХ НОГ ДРУЗЬЯ rtokenoid rtokenoid rtokenoid бег беганутые бегун ла легкаяАтлетика спорт,3,colloquial,Разговорный
Также Зал славы пополнили Иан Райт Венсан Компани Серхио Агуэро и Дидье Дрогба,3,colloquial,Разговорный
Полиция конфисковала полностью функционирующее ружье замаскированное под игрушку,3,colloquial,Разговорный
Представляем посев в группы команд участвующих в Ярославль Комус Фест komtokenoid,3,colloquial,Разговорный
GAME DAY ⠀ Кубок Казахстана Астана vs Тобол Нур Султан Велотрек Сарыарка 8 февраля вторник Начало в 19 30 по столичному времени Вход свободный Зеленый статус в приложении Ashyq 18 Трансляция ⠀ Информация о сопернике история встреч и сравнение команд опубликованы в анонсе на нашем сайте ⠀ PBCAstana NBF NBFKZ VTBUntokenoid Kazakhstan Astana Ntokenoid Baskettokenoid Samrtokenoid SportQory KazakhstanCtokenoid Totokenoid ⠀ ПБКАстана НФБ НФБРК ЕдинаяЛигаВТБ Казахстан Астана НурСултан Баскетбол СамрукКазына СпортҚоры КубокКазахстана Тобол,3,colloquial,Разговорный
Господа подскажите пожалуйста сервисы или мастеров по сварке рам в спб. Что то страшновато с таким катать,3,colloquial,Разговорный
С возрастом понимаешь что важно не количество пешек а их качество. цитатышахматы,3,colloquial,Разговорный
Первая домашняя победа В четырех партиях обыгрываем Белогорье во втором туре PARI Суперлиги. Урал Уфа – Белогорье Белгород – 3 1 22 25 25 21 25 21 25 19,3,colloquial,Разговорный
Не спрашиваю про того кто справа. Но парнишку слева признали?,3,colloquial,Разговорный
Пост с необычными местами для игры в волейбол Низкие потолки или максимально явный аут что выберете вы? komtokenoid,3,colloquial,Разговорный
Сегодня день рождения празднуют прекрасные волейболистки Варвара Шубина Елена Гатина Арина Гоцелюк Поздравляем желаем счастья 33,3,colloquial,Разговорный
Сегодня на СТК имени Анатолия Степанова начала работу касса по продаже билетов на гонку командного чемпионата России Мега Лада Восток Владивосток. ⭐ Касса со стороны улицы Республиканская работает с 10 00 до 19 00,3,colloquial,Разговорный
Всех болельщиков с победой Крамарь показал свои стальные покахонтасы Вообще все рубились от ножа 33 Золотой дубль в этом сезоне 33 Мы луучшиие,3,colloquial,Разговорный
Команды Формулы 1 привезли в Барселону множество технических новинок. Мы отобрали те что могли ускользнуть от вашего внимания,3,colloquial,Разговорный
Сегодня свой День Рождения празднует прекрасный хореограф и творческий человек Алексей Железняков 33 Алексей от всей души поздравляем Вас с Вашим Днем 33 Желаем неисчерпаемого запаса интересных идей прекрасных постановок выражения своих эмоций в рисунке танца постоянного вдохновения талантливых учеников 33 Пусть жизнь будет полна волшебными моментами крепчайшего здоровья море любви благополучия и всего самого наилучшего 33,3,colloquial,Разговорный
Реал Мадрид уступал Манчестер Сити в счете с 1 32 минуты первого матча до 90 50 минуты второго. Никогда не сбрасывайте со счетов Реал Мадрид. statstokentokenoid,3,colloquial,Разговорный
Легкая атлетика ‍ ️ ‍ ️Треним синхронно rtokenoid rtokenoid ла легкаяАтлетика СБУ спорт беговыеУпражнения sport,3,colloquial,Разговорный
Петр Ян попросил помощи у Генри Сехудо Оставшись без секундантов перед поединком против Алджамэйна Стерлинга временный чемпион UFC в легчайшем весе Петр Ян предложил занять место в своем углу бывшему двойному чемпиону UFC Генри Сехудо. Эй тренер Генри Сехудо какие у тебя планы на 9 апреля? написал российский боец в Твиттер процитировав новость о том что его угловым не были одобрены американские визы. Генри Сехудо ответил Я поработаю в твоем углу если поставите мне сиденье повыше. А то еще зарядишь с колена написал американец в Твиттер оставив многозначительный хэштег antokenoid и три эмодзи с российским флагом.,3,colloquial,Разговорный
Продам Укажите что вы покупаете нет Укажите что вы продаете страйкбольное снаряжение Укажите что вы обмениваете нет Опишите свой товар наколенники 850 р набедренная платформа 500 р сбросник олива 300 р сбросник койот 700 р кабура пластик с крепежом 2000 р ремень двуточка 500 р ремень одноточка 1000 р утилитарка 800 р подсумок под рацию 500 р подсумки под пистолетную обойму по 300 р механы 3000 р лоадер 700 р разгруз китай 1000 р Нагрудник ASR D3 tokenoid rtokenoid 3000 р ручка койот 400 р ручка черная короткая 500 р ручка черная 500 р прицел 2500 р акум литиевый 1500 р бокс 500 р привода цена договорная все в отличном состоянии пресыл есть за счет покупателя территориально все находится в г. Астрахани Местонахождение Астрахань Наличие пересыла. При наличии пересыла без ID на фото не публикуем Есть Цена 0 Сергей Скляров,3,colloquial,Разговорный
Если не бегаешь пока здоров придется побегать когда заболеешь. древнеримский поэт золотого века Гораций. ВСЕМ АТЛЕТАМ СПОКОЙНОГО СНА,3,colloquial,Разговорный
Первый матч финальной серии остался за Рубином 33 Тюменцы не проигрывают дома в этом плей офф,3,colloquial,Разговорный
БАСКЕТБОЛЬНЫЕ КРОССЫ ТАМ ПОКУПАЮТ ВСЕ tokenoidtokenoid ПОКУПАЮТ ВСЕ tokenoidtokenoid ПОКУПАЮТ ВСЕ ВСЁ ДЛЯ БАСКЕТБОЛА ПО НИЗКИМ ЦЕНАМ,3,colloquial,Разговорный
Отпросим к ласковому солнцу и теплому песку у строгого начальника мамы или жены На один из наших Фестов конечно же 33 Напишите нам в личные сообщения и мы подготовим официальный вызов на соревнования 1. ФИО того кого отпрашиваем 2. Название организации откуда отпрашиваем 3. Должность начальника 4. ФИО начальника 5. Почта начальника Ну а для тех кто сам себе хозяин здесь ссылка для бронирования билетов на турниры в Самаре komtokenoid,3,colloquial,Разговорный
Тренер сборной России объяснил почему Терезе Йохауг не смогла догнать Наталью Непряеву Было ожидаемо что Йохауг не догонит Непряеву? Да потому что во первых это всего пять километров во вторых Йохауг здесь в классике почему то не показывает тех скоростей которые она показывала. Или может наоборот другие спортсменки приблизились к ней по скорости. В то что Йохауг не сможет на пяти километрах большое количество секунд отыграть это было предсказуемо.,3,colloquial,Разговорный
СБОРНАЯ МИРА ВЫИГРАЛА LAVER CUP Сборная Мира впервые стала победителем Кубка Лэйвера. Победителями Кубка Лэйвера стали Феликс Оже Альяссим Фрэнсис Тиафо Томми Пол Джек Сок Алекс де Минор Тейлор Фритц и Диего Шварцман. newstokentokenoid,3,colloquial,Разговорный
Друзья мы рады приветствовать в нашей pro team Артема Щуркина 33 Артем провел очень продуктивный сезон как на всевозможных джемах и контестах так и снимая мощный материал на камеру на питерских улицах. Индивидуальность в катании стиль навыки и упорство помогли Артему получить заслуженное звание профессионала 33 Поздравьте его и наслаждайтесь этой работой приятного просмотра 33,3,colloquial,Разговорный
Серф мув от Atokenoid который поможет чуть быстрее оказаться на воде,3,colloquial,Разговорный
Шайба Карлсона в пустые ворота Карлсон обновил личный снайперский рекорд по количеству заброшенных шайб за сезон 33,3,colloquial,Разговорный
Самое время для горячих фоточек 10 го BetBoom этапа ЧР по пляжке в Калининграде Смотри полный фотоальбом третьего игрового дня от Максима Папакина ВФВ,3,colloquial,Разговорный
Факундо Кампаццо подписал контракт с Далласом 1 год 2 млн долларов Аргентинский разыгрывающий отказался от выгодных предложений испанского Реала и турецкого Фенербахче чтобы остаться в НБА. Выбор аргентинца объясняют также тем что Факундо Кампаццо и лидер Далласа Лука Дончич были одноклубниками в мадридском Реале. новостиtokentokenoid,3,colloquial,Разговорный
ЖИЛЬ СИМОН ОДЕРЖАЛ 500 Ю ПОБЕДУ В КАРЬЕРЕ НЕ ХОЧЕТ ПОКИДАТЬ ТЕННИСНЫЙ МИР,3,colloquial,Разговорный
Коллеги пора возвращаться в творческое русло после продолжительного отдыха Проводится 27 й конкурс D1. 5 – придумай игру за 36 часов 33 Ознакомившись с условиями и ограничениями вам предстоит разработать соответствующий им концепт настольной игры краткие правила и PNP которые могут быть выполнены в схематичном очень условном виде. Регистрация на конкурс открывается прямо сейчас а закрывается ровно через неделю 23 мая в 11 59. Принять участие можно перейдя по этой ссылке Всем удачи и помните – нет предела совершенству 33,3,colloquial,Разговорный
Сергей Калинин подписал новый контракт с Трактором Соглашение капитана черно белых будет действовать до конца сезона 2023 2024. Сергей Калинин воспитанник омского хоккея обладатель золотой медали молодежного чемпионата мира 2011 олимпийский чемпион 2018 и победитель Кубка Гагарина 2019. В течение двух прошлых сезонов нападающий выступал за Трактор и был капитаном команды Анвара Гатиятулина. В этом году вместе с черно белыми форвард стал бронзовым призером Чемпионата КХЛ 2021 2022. В составе Трактора Калинин провел 116 матчей набрал 47 20 27 очков и совершил 217 хитов. Всего в Лиге форвард сыграл 538 поединков забросил 79 шайб 98 раз ассистировал партнерам провел 555 силовых приемов и имеет показатель полезности 37. Иван Савин генеральный директор клуба Рады продлению контракта с нашим капитаном. Сергей Калинин настоящий лидер коллектива как на льду так и в раздевалке. Таких хоккеистов в КХЛ сейчас единицы поэтому для Трактора продолжение сотрудничества с Калининым является хорошим решением.,3,colloquial,Разговорный
Прежде чем в следующий раз смеяться над игрой Кокорина в Фиорентине лучше спросите почему тупые итальянцы ставят лучшего вратаря России на позицию центрфорварда?,3,colloquial,Разговорный
О Юдзуру В этом посте мы соберем комментарии других спортсменов о Юдзуру. Шома Уно Юдзу кун многие годы возглавлял и вел вперед нашу сборную. Это давление и эта ответственность – это то чего я не смог бы вынести – лишь Юдзу кун может. Он поднимал свой уровень все выше и выше. Его стремление оставаться впереди – то что мне не под силу. Нэйтан Чен Я не думал что смогу выиграть Олимпийские игры. Что я смогу быть на моих играх и делать то что я делаю. Это восхитительно что я смог попасть на свои вторые игры и соревноваться с Юдзуру. Сегодняшняя попытка четверного акселя была невероятно близко я думал что он сделает это. Это великолепно – наблюдать как Юдзуру толкает этот спорт вперед. Это действительно невероятно видеть. Боян Цзинь Юдзуру принял решение соревноваться на своих третьих Олимпийских играх в 27. Он устремлен к вершинам и идет на четверной аксель. Это нечто экстраординарное то чего никто еще не делал. Это демонстрирует дух Олимпийского спорта ytokenoid ptokenoid 羽 生結弦 team hanyu tokenoid tokenoid atokenoid,3,colloquial,Разговорный
Если пропустили мужские полуфиналы US Open 22 обязательно смотрите мини обзоры⬇️ tokentokenoid,3,colloquial,Разговорный
Самое время побеждать 33 ️ Поспеши активировать новый промокод HERO и получить 0. 15 036 на баланс 33 ️ Количество активаций ограничено поэтому не тяни резину а скорее действуй 33 ️,3,colloquial,Разговорный
Третий этап TCR Германия прошел на трассе Зальцбургринг. TCR TCRGermany,3,colloquial,Разговорный
Дорогие Атлеты представляем Вам нового партнера наших забегов 33 POWERUP – отечественный производитель высококачественного спортивного питания и аксессуаров для бега и других циклических видов спорта. Участники дистанций Crazy Owl 50 на 50к и 20к получат в качестве вложения в стартовый пакет по гелю POWERUP из новой коллекции с легкими летними вкусами клубничного дайкири или вишневой колы. Эти гели содержат все три необходимых спортсменам углевода мальтодекстрин глюкозу и фруктозу в точно просчитанной пропорции и дополнены столь важными для организма электролитами. И все это в компактном и удобном формате 35 мл который придется очень кстати на предстоящем забеге экономя место и вес. Юные же спортсмены дистанции Совенок 1к найдут в стартовых пакетах вкусные и питательные батончики POWERUP на финиковой основе. И конечно же на всех пунктах питания участников будет ждать освежающий изотоник POWERUP содержащий полный набор необходимых электролитов и дополненный фирменной углеводной матрицей. POWERUP ПочувствуйЧтоНетПредела CrazyOwtokenoid Rtokenoid rhrtokenoid,3,colloquial,Разговорный
Российская лыжница Наталья Непряева прокомментировала выступление в скиатлоне на Олимпийских играх в Пекине серебро. Была заметена лыжня очень тяжелая погода очень холодно особенно холодно классикой. Очень тяжело. Но все в равных условиях. Я настраивалась выдать максимум. Ничего не загадывала перед этой гонкой. Рада что все получилось. Пока даже не осознаю но я безумно рада. Все было не зря да – сказала Непряева. Эта медаль стала первой для российской команды в Пекине.,3,colloquial,Разговорный
Секрет для безопасной позиции тела и здоровых плеч 33 Профилактика от получения травмы во время выполнения жима штанги Weststokenoid Bartokenoid,3,colloquial,Разговорный
Такая сомнительная серия у авы и магнитки что прям интересно че они там вообще делают,3,colloquial,Разговорный
Летняя подборка снимков полных тепла солнца и То что надо на излете первой рабочей недели года. komtokenoid,3,colloquial,Разговорный
Новак выходит на свободу Суд Джокович выиграл 33 Теперь ждем шаг от властей Австралии,3,colloquial,Разговорный
Евгений Гараничев Я чувствую что могу еще выступать на топ уровне. И я хочу показать хорошие результаты зимой. Особенно с учетом того что в гонках будут принимать участие все лучшие биатлонисты страны. Что то доказывать? Только самому себе что не зря остался. Здорово что еще увидим этого биатлониста,3,colloquial,Разговорный
Лада поздравляет с Днем Победы 33 Хоккейный клуб Лада поздравляет с 77 й годовщиной Победы в Великой Отечественной войне. Уважаемые ветераны 33 Вам мы обязаны всем – жизнью свободой счастьем наших детей. Низкий поклон вам 33 Живите долго оставаясь для нас примером чести и мужества. С Днем Великой Победы 33,3,colloquial,Разговорный
ПОТАПОВА ШАГНУЛА ВО 2 Й КРУГ В КЛУЖ НАПОКЕ Россиянка Анастасия Потапова вышла во второй раунд турнира в Клуж Напоке переиграв американку Энн Ли 6 2 7 6 5. Далее Анастасия сыграет либо с Викторией Голубич либо с Диан Парри. newstokentokenoid Potapova,3,colloquial,Разговорный
От собираюсь уйти из CS GO до обыграли Astratokenoid и едем в Бразилию,3,colloquial,Разговорный
Что творит команда Пеллегрини 3 0 Вальядолид 1 1 Райо Вальекано 2 1 Севилья 4 0 Алавес 4 1 Эспаньол 4 0 Сосьедад 0 2 Вильярреал 2 1 Райо Вальекано 4 2 Леванте 3 2 Зенит 2 1 Мальорка,3,colloquial,Разговорный
Большое достоинство человека заключается в его способности исправлять свои ошибки и постоянно делать нового человека из самого себя. Ван Янмин,3,colloquial,Разговорный
Япония огласила состав на чемпионат мира Тренерский штаб мужской сборной Японии определил 14 игроков которые примут участие в мужском чемпионате мира 2022 года который пройдет в Польше и Словении с 26 августа по 11 сентября. Япония сыграет в группе B где также будет играть Катар Бразилия и Куба. Состав мужской сборной Японии на чемпионат мира 2022 Диагональные Юджи Нишида Мияура Кенто Центральные блокирующие Онодера Тайши Ямаути Акихиро Мураяма Го Шуничиро Сато Связующие Секита Масахиро Оя Масаки Доигровщики Оцука Тацунори Такахаши Ран Таканаши Кента Юки Ишикава Либеро Огава Томохиро Огава Томохиро JPNMtokentokenoid FIVBMensWCHtokentokenoid,3,colloquial,Разговорный
До конца недели скидка 25 на детскую игру Банда монстриков Монстры близнецы заметали следы и водили за нос всех в округе пока однажды не перепутались сами. К счастью у нас на примете есть детективы которые могут их найти это вы Победит самая слаженная команда. Ведь нужно не только объяснить какого монстрика мы ищем но и сделать это не называя их некоторые приметы. Отличная игра для детей от 5 лет развивает внимательность и реакцию и учит работать в одной команде 33 Цена 1 118 руб. до 23. 10,3,colloquial,Разговорный
Комплексная тренировка на пресс и мышцы кора. . rtokenoid. . . . . . . . . офп спорт зож легкаяАтлетика забег старт всембег,3,colloquial,Разговорный
Мотокросс лидеры чемпионата мира выиграли в квалификации Гран При Германии MXGP MX2 Результаты субботней квалификации 11 го этапа чемпионата мира по мотокроссу MXGP MX2 в Тойчентале.,3,colloquial,Разговорный
Эта вариация упражнения на трицепс от Вестсайда позволяет сохранять постоянное напряжение на протяжении всего движения. Изолированные движения позволяют вам улучшить мышечные сокращения из за возможности сосредоточиться на связи ума и мышц. Также поскольку напряжение идет снизу сложно изменять.,3,colloquial,Разговорный
LS2 SCOPE FF902 – шлем модуляр. Подходит как для ежедневных поездок по городу так и для путешествий. ⠀ Внешний корпус удлиненной формы для улучшения аэродинамики изготовлен из высокопрочного термопластика по LS2 технологии HPTT Htokenoid Presstokenoid Thermoptokenoid Tetokenoid Внутренняя капсула изготовлена из вспененного полистирена EPS разной плотности с применением лазерного 3 D моделирования и раскроя для максимальной безопасности и комфорта прилегания Быстросъемный визор сделан из 3 D оптически корректного полимера А класса применяемого в аэрокосмической индустрии обеспечивающего максимальную прозрачность отсутствие искажений защищающего от любых внешних воздействий и ультрафиолетового излучения Внутренний солнцезащитный визор улучшает видимость в условиях яркой освещенности позволяет не брать с собой темное стекло быстро и удобно откидывается наверх при необходимости Предусмотрена возможность установки антизапотевателя Ptokenoid Max Vtokenoid Регулируемые передние воздухозаборники воздушные каналы в защитной капсуле шлема и задние экстракторы и обеспечивают комфортную и эффективную вентиляцию Внутренняя подкладка выполнена из дышащего гипоаллергенного материала полностью съемная допускает стирку Усиленный ремешок металлическая застежка с микрометрическим фиксатором Дополнительный защитный валик в области шеи Вес шлема 1650 50 г. Размерная линейка – XS ХXL Сертифицирован по Европейскому Стандарту ECE 22. 05 для шлемов закрытого типа благодаря надежному механизму крепления подбородочной дуги. ⠀ Шлем модуляр LS2 FF902 Stokenoid Sotokenoid Черный Цена 14 280 руб. вместо 20 400 руб. ⠀ Наш сайт интернет магазина tokentokenoid ⠀ Оформи заказ по телефону 7 800 555 34 96 ⠀ ftokenoid мотоэкипировка ftokenoid motoektokenoid motoektokenoid motoektokenoid байкер защита мотошлем шлем мотоцикл,3,colloquial,Разговорный
Финал олимпийских игр. Вадим Хамутцких отдает шикарную передачу на Игоря Шулепова. Комбинация вход в зону была отточена идеально и наводила шорох на всех соперников 33 В 2002 м году сборная России выиграла серебряные медали олимпийских игр. В своей карьере Вадим Хамутцких трижды брал медали Олимпиады и навсегда вписал свое имя в историю нашего волейбола. Спасибо за все маэстро 33 Светлая память,3,colloquial,Разговорный
21 22. Нефтехимик vs Трактор – 4 2 Черно белые уступили в Нижнекамске и прервали победную серию из семи встреч подряд. После двух побед в Мытищах Трактор приехал в Нижнекамск где матчем против Нефтехимика завершал выездную серию. Кроме того после официального заявления Лиги о переносе игр встреча в Татарстане возможно стала для черно белых последней в январе. Старт поединка остался за хозяевами. Волки были чуть быстрее и активнее выглядели в атаке. Первую шайбу в матче зрителям пришлось ждать чуть больше десяти минут. На экваторе периода счет открыл Эдуард Гиматов – 0 1. Челябинцы быстро отыгрались – отличился Андрей Стась. Однако через две минуты Нефтехимик вновь вышел вперед благодаря шайбе Вячеслава Лещенко. о втором периоде челябинцы добавили в скорости и сумели перехватить инициативу. Черно белые чаще стали доводить шайбу до ворот Александра Судницина в результате чего начали появляться опасные моменты. Однако Нефтехимик здорово действовал на контратаках – в одном из таких выпадов гостей выручил Роман Вилл. Успех голкипера Трактора поддержали игроки нападения. Так в одной из атак Лукаш Седлак сравнял счет после передачи Артема Шварева. Итог – 2 2 перед заключительным отрезком игры. В третьем периоде команды осторожничали – любая ошибка могла решить исход встречи. Чуть активнее в атаке были гости. Подопечные Олега Леонтьева ближе к концу третьего периода играли в откат. За две минуты до сирены Нефтехимик поймал Трактор на контратаке которую реализовал Павел Порядин – 2 3. После взятия ворот тренерский штаб Анвара Гатиятулина сначала взял тайм аут после чего заменил Романа Вилла на шестого полевого игрока. Впрочем последний штурм у южноуральцев не получился. Дэн Секстон поразил пустые ворота Трактора. НЕФТЕХИМИК 4 2 ТРАКТОР 1 0 – Гиматов Купцов Сидоров – 11 09 1 1 – Стась Пулккинен Шолохов – 12 55 2 1 – Лещенко Галимов – 14 45 2 2 – Седлак Шварев Кулик – 36 41 3 2 – Порядин – 57 46 4 2 – Секстон Лещенко – 58 51 5х6 НЕФТЕХИМИК Судницин Петрищев – Сидоров Порядин – Митякин А – Шафигуллин Кнот – Семенов Купцов – Вихарев К – Гиматов Севостьянов – Березин Лещенко – Галимов А – Секстон Чивилев – Шарифьянов – Попов Шутов. ТРАКТОР Вилл 00 00 58 10 58 51 60 00 Исаев – Бэйлен Тертышный – Седлак К – Гика Пилут – Яруллин А Шабанов – Ткачев – Бывальцев Блажиевский – Кулик Шолохов – Стась А – Пулккинен Карпухин Шварев – Основин – Фатеев. Броски 43 15 14 14 vs 65 21 27 17 Броски в створ 26 10 8 8 vs 24 8 11 5 Вбрасывания 27 5 13 9 vs 31 9 11 11 Блокированные броски 23 8 5 10 vs 9 2 4 3 Силовые приемы 13 5 7 1 vs 13 9 2 2 Штраф 2 0 2 0 vs 4 0 0 4. Главные судьи Васильев Алексей Одиньш Эдуард Линейные судьи Захаров Даниил Строганов Максим 12 января 2022. Нижнекамск Нефтехим Арена. 2103 зрителей.,3,colloquial,Разговорный
Продолжаем наши образовательные модули от Алексея Белякова 33 В новом видеоролике он продемонстрирует как научиться Вортекс двумя способами 33 Скорее смотри ролик ставь лайк и подписывайся на наше сообщество чтобы точно не упустить самое интересное из новостей паркура от tokenoidtokenoid парка Ангар 33 Научим всех и каждого делать классные трюки на паркур секции 33 Запись по рабочему телефону 8 924 6 033 330 или в личные сообщения группы 33 Ангар Иркутск Ангар интересное Просто тренируйся Иркутск Досуг Спорт Экстрим Паркур,3,colloquial,Разговорный
Голкипер Салавата Юлаева Александр Шарыченков покинет уфимский клуб. Вероятнее всего клуб пополнит либо Андрей Кареев либо Илья Ежов,3,colloquial,Разговорный
Комплекс 7 минут АBS rtokenoid спорт бег фитнес зож наспорте,3,colloquial,Разговорный
Эвертон завершает игровой день опускаясь в зону вылета впервые с декабря 2019 года.,3,colloquial,Разговорный
Бесплатные данные от StatsBomb будут полезные для обучения аналитиков Профессиональные футбольные клубы постоянно ищут специалистов которых можно добавить в свои аналитические отделы. Так что начните свое путешествие здесь возможно следующим станете вы Непобедимые,3,colloquial,Разговорный
LIBEMA OPEN ️Четвертьфинал ️ Даниил Медведев Илья Ивашка Центральный корт 4 й запуск 17 00 по московскому времени,3,colloquial,Разговорный
Аркадий Казаков показывает насколько непросто снять ценные кадры в стрите. История 1000 падений.,3,colloquial,Разговорный
Запись на УМО для членов сборной Свердловской области по легкой атлетике по ссылке Просьба согласовать день посещения с личным тренером во избежания задвоения записей. Углубленное медицинское обследование пройдет 23 24 25 ноября и 2 декабря 30 человек в день. Посмотреть количество записанных на каждый день и проверить свою заявку можно по ссылке УМО могут пройти только члены спортивной сборной команды Свердловской области список сборной со всеми дополнениями за 2022 год доступен по ссылке Адрес клиники инструкция необходимые документы бланки находятся на сайте ЦСП Список спортсменов 1 разряда и ниже кому продлен допуск опубликован 9. 11. 22,3,colloquial,Разговорный
Президент Эликски Сколас заявил что военные Падших сдавшиеся на заводе Технологий будущего на Европе имеют полное право выйти и сберечь свою жизнь что они получили санкцию на это от командования Дома Волков. Но есть то что есть. На сегодня ребята получили сигнал от военных о том что они имеют полное право выйти и сберечь свою жизнь заявил он. Сколас добавил что неоднократно просил лидеров других домов предоставить вооружения которые по его мнению могли позволить Дому Волков военным путем разблокировать окруженную на Технологии будущего группировку Падших силовиков. Также Сколас рассказал как Падшие Скиффы пытались долететь до Технологий будущего для помощи Очень большое количество Падших погибло наших летчиков. К сожалению погибли. Также абсолютно героические Еликсни которые знали что сложно. Знали что долететь почти невозможно. Долететь до Технологий будущего и привезти им лекарства пищевые продукты воду забрать тела раненых. Все это происходило. Много вещей происходило которые никто официально не мог комментировать. Почему? Потому что воздушных коридоров к Технологиям будущего не было из–за их мощных Стражей.,3,colloquial,Разговорный
Испытай себя Лесные тропинки природа свежий воздух и конечно БРОД который ждет участников 10км и 21км ‍ ‍ Дети тоже испытают себя но на дистанции 800м Частый вопрос какой глубины брод как проходить все можете посмотреть своими глазами на видео Будет жарко 33 Ждем тебя 11 июня на трейле Шигирский идол Регистрация по ссылке в шапке профиля,3,colloquial,Разговорный
Видео обзор Гран При Аргентины в классе Moto2 Как только асфальт Termas tokenoid Rtokenoid Hontokenoid достаточно прогрелся начались большие аварии и ошибки 33 Вторая гонка дня Гран При Аргентины в классе Moto2 имело неожиданный финал потому что подиум оккупировали азиаты. Кто им противостоял? Смотрите видео обзор 3 го этапа Moto2 Argenttokenoid,3,colloquial,Разговорный
В Лос Анджелесе состоялась 30 я по счету церемония вручения спортивных наград ESPY. Голден Стэйт победил в номинации лучшая команда года лидер калифорнийцев Стефен Карри признан лучшим игроком НБА. Лауреаты ESPY связанные с Уорриорз Лучший игрок НБА Стефен Карри Лучшее рекордное достижение Стефен Карри вышел на 1 е место по точным 3 очковым в истории НБА Возвращение года Клэй Томпсон Лучшая команда Голден Стэйт Уорриорз Dtokenoid Warrtokenoid,3,colloquial,Разговорный
Лидеры по количеству полуфиналов на Мастерсах среди россиян Евгений Кафельников 18 Марат Сафин 9 Николай Давыденко 8 Даниил Медведев 8 Андрей Чесноков 5 Андрей Рублев 4,3,colloquial,Разговорный
Селина Либманн первая женщина участница чемпионата мира по спидвею среди юниоров в истории. В ближайшую пятницу в Праге стартуют этапы индивидуального чемпионата мира среди юниоров начиная с этого сезона действующие под официальным названием Speetokenoid Grand Prtokenoid 2. Они получили дополнительный престиж поскольку будут проводиться в преддверии турниров Гран При в Праге Кардиффе и Торуне. Мероприятие в чешской столице станет историческим еще по одной причине впервые в турнире такого ранга выступит женщина немка Селина Либманн. Хотя несколько других девушек уже появлялись в спидвее ни одна из них даже не приблизилась к уровню Либманн. Немка ранее дебютировала во второй польской лиге и даже привозила очки. В этом году она подписала контракт с командой из Бранденбурга где может участвовать в гонках например с Вацлавом Миликом. Мне нравится ощущение что я единственная женщина в профессиональном спидвее. Иногда это приводит к довольно смешным с моей точки зрения ситуациям. В Германии регулярно случается что как только я выигрываю у какого то парня тот начинает плакать. Таких ситуаций уже было предостаточно и самое приятное то что плачут не только случайные соперники но и мои коллеги с которыми я давно знакома. Каждая неудача в соревновании со мной причиняет им боль вдвойне а меня мотивирует к еще большим усилиям признается Селина. Решение промоутеров цикла дать дикую карту женщине было встречено критикой фанатов которые считают что немку выбрали только из за ее пола а активисты рассматривают ее как инструмент для продвижения своего мероприятия. Интересно что сама спортсменка. . . отчасти согласна с таким мнением. Я конечно не была выбрана только потому что я женщина потому что в мире слишком много хороших гонщиков чтобы власти ФИМ могли пропустить их всех и отдать дикую карту какой нибудь женщине. В то же время я понимаю что мой пол тоже сыграл роль. Но учтите что на отборочном турнире в Даугавпилсе я заняла девятое место и у меня все получилось неплохо признается она. Я рада что могу соревноваться с мужчинами. Мне не нужна женская лига или что то в этом роде. Я хочу участвовать в гонках с мужчинами потому что они в основном ездят лучше чем женщины. В такой компании я могу чему то научиться. Конечно если бы были созданы женские соревнования то я бы с удовольствием попробовала себя в них но все равно ежедневно предпочла бы кататься с парнями признается спортсменка.,3,colloquial,Разговорный
Всем доброго утра 33 Увидимся на объекте Россия в предстоящее воскресенье 30 октября 33 Обещают великолепную погоду 33 Подробности по тел 8 988 099 8889 Сергей Малинин,3,colloquial,Разговорный
Если хочешь быть хорошим защитником и блокирующим то обязательно нужно работать над таким элементом как смена направления,3,colloquial,Разговорный
Он очень любить клуб и готов играть до конца мне не нравится что Тухель его мало использует Его сын,3,colloquial,Разговорный
Бегите на позитиве друзья 33. rtokenoid Прислал. . Друзья присылайте свои беговые материалы для публикации в сообщения группы. . . . rtokenoid. . . бег спорт забег легкаяАтлетика rtokenoid parkrtokenoid наспорте зож пробежка беганутые,3,colloquial,Разговорный
Новый тираж Каркассона в новом дизайне выйдет весной Каркассон настоящий шедевр в мире настольных игр уже многие годы объединяющий за столами людей всех возрастов по всему миру. Ход за ходом создавайте уникальную каждый раз новую карту средневекового княжества выкладывая квадраты с изображением городов и монастырей дорог и полей. А ваши верные подданные рыцари монахи разбойники и крестьяне помогут вам расширить свое влияние и получить победные очки. Этот Каркассон полностью совместим со всеми дополнениями которые выходили в предыдущем дизайне. Новинка Hotokenoid Каркассон,3,colloquial,Разговорный
Преимущества мы не получили. Кристиан Хорнер – о скандале вокруг Red Btokenoid Ratokenoid Руководитель Red Btokenoid Ratokenoid Кристиан Хорнер на пресс конференции в Остине прокомментировал скандал вокруг команды и заверил что они не нарушали ограничение расходов в 2021 году. Эксперты FIA считают что мы нарушили финансовый регламент мы считаем что – нет – сказал Хорнер на встрече с журналистами в субботу утром. – Процесс контроля расходов – новинка для всех. Финансовый регламент очень сложен состоит из 52 страниц и имеет разные интерпретации. В 2021 году мы подали промежуточный отчет и никаких замечаний сделано не было. Еще один отчет мы подали в марте этого года – ответ получили только в сентябре. Теперь вместе с федерацией мы проверяем как был проведен этот процесс. Как только FIA завершит расследование все факты будут обнародованы. Тогда мы и объясним почему считаем что уложились в лимит расходов. Надеюсь заключение будет вынесено в ближайшее время. Чем быстрее это произойдет тем лучше для всего нашего спорта. Хочу также подчеркнуть не получили какого либо преимущества в 2021 м и 2022 м будто бы нарушив финансовые правила это чистая выдумка.,3,colloquial,Разговорный
Начал смотреть второй матч Если често пируэты продолжаются,3,colloquial,Разговорный
Лучший защитник прошлой недели поздравляем Даниила Пыленкова,3,colloquial,Разговорный
Всем привет ищу следующие запчасти 1 траверса крыла 43 2 левое ухо 3 пластмаски под левое ухо 4 радиатор накладки 5 дуги под ноги защита 6 лапка КПП,3,colloquial,Разговорный
ЗАПИСЬ Формула 1 2022 ГП Великобритании Квалификация Алексей Попов и Наталья Фабричнова,3,colloquial,Разговорный
Дорогие подписчики мы решили сделать сходку на 10000 подписчиков поэтому чем быстрее добьем тем быстрее мы ее сделаем будет люто. Поэтому завите друзей в группу,3,colloquial,Разговорный
Главный вопрос. Уважаемая лига в России не введем режим ЧС. Вы у всех команд лиги забрали домашние матчи на которые куплены абонементы и билеты. Забрали не из за форс мажора на который все можно списать а забрали из за своего решения. У меня к вам вопрос кто будет возмещать болельщикам их траты причем если с билетами все понятно то что насчет абонементов? Я не хочу чтобы Трактор тратился из своего бюджета и терял деньги. Трактор в это ситуации не виноват никак. Решение приняла лига и она должна возмещать потери клубам и зрителям.,3,colloquial,Разговорный
А вот среди женщин победила. . . румынка 33 Давно мы не видели румынских марафонок на пьедесталах почета да еще с таким чудесным результатом 2 18 04 33 Кто же она Джоан Челимо Мелли?,3,colloquial,Разговорный
EVA КОВРИКИ НА ТЕСТ ДРАЙВ 30 ДНЕЙ 33 Отправь в помойку резиновый коврик Не дыши пылью и резиной пожалей себя и своих пассажиров. В EVA коврах от Dtokenoid более 1500 ячеек удерживают грязь и воду в себе что сохранит салон и обувь сухими и чистыми Напиши модель твоего авто чтобы узнать стоимость комплекта,3,colloquial,Разговорный
Требуются 2 сильных игрока в команду для участия в мужском турнире 29 мая. База Локомотива. С 14 45 до 18 00.,3,colloquial,Разговорный
️300 лайков нашему красавчику я делаю розыгрыш автографа Даниила tokentokenoid,3,colloquial,Разговорный
Ближайший матч 33 Спортинг – Тоттенхэм 13 сентября 19 45 МСК,3,colloquial,Разговорный
Состав доигровщиков который в следующем сезоне будет в распоряжении Андреа Анастази сейчас выглядит очень внушительно. К оставшимся Леону и Плотницкому пришел самый востребованный игрок летнего трансферного окна Камиль Семенюк. Перуджа пыталась убедить поляка подписать с ними контракт с марта. Волейболист которому скоро исполнится 26 лет привнесет в Перуджу свои великолепные технические и физические качества как в атаке так и на подаче. Карьера Семенюка была полностью связана с Заксой из Кендзежин Козле за исключением аренды в сезоне 2018 19. Семенюк был главным героем многих побед и титулов Заксы в последние сезоны 3 чемпионата Польши 3 национальных кубка с наградой MVP 2 национальных Суперкубка и 2 подряд Лиги чемпионов последняя с наградой MVP финала. Семенюк также является частью сборной Польши. В общем вице чемпионы Италии сорвали джекпот по крайней мере так оно сейчас выглядит на бумаге. Сайт tokentokenoid Tetokenoid tokentokenoid Товары для волейбола tokentokenoid Поддержите сообщество tokentokenoid Волейбольный чат Вконтакте tokentokenoid Tetokenoid tokentokenoid Tetokenoid каналы клубов tokentokenoid Волейбол Votokenoid ПляжныйВолейбол Пляжка ВолейболНовости ВолейболРоссии ДержиМячВИгре,3,colloquial,Разговорный
Лучшие вратари по сейвам по итогам группового этапа Лиги Чемпионов,3,colloquial,Разговорный
Cборная России. Новые лица Мамедов Магсад дисциплина лоу кик весовая категория 67 кг. Я начал свой путь в спорте в 7 лет с тхэквондо где мне удалось добиться черного пояса. В 11 лет пришел в кикбоксинг и первоначально выступал по дисциплинам лайт контакт и фулл контакт. В этих дисциплинах я становился неоднократно победителем первенств и Кубков Москвы но в более крупных турнирах не принимал участие. В декабре 2018 года начал тренироваться под руководством Новрузова Эльгуна Исаевича и Киселева Олега Юрьевича в новых для меня в дисциплинах К1 и лоу кик и стал заметно прогрессировать. Но до побед было еще далеко в 2019 году проиграл первенства Москвы по К1 и лоу кик стал вторым в этих дисциплинах а на первенстве России по К1 проиграл в 1 4. Такие результаты меня не радовали и именно тогда я начал усердно тренироваться и готовиться к следующему году. И вот уже в 2020 году стал победителем на первенствах Москвы и ЦФО смог выполнить норматив КМС. В этом же году стал победителем первенства России выполнил норматив МС а после уже в Черногории на первенстве Европы потерпел поражения в 1 8. В 2022 году для меня начался новый этап переход во взрослую возрастную категорию. В ней на чемпионате Москвы по К1 мне удалось стать только вторым а вот на лоу кике первым. После неудачного выступления на чемпионате России по К1 через неделю я с командой отправился в Анапу на чемпионат России в дисциплине лоу кик где попал на 4 боя. Здесь я смог пройти всю дистанцию до конца став чемпионом в весовой категории 67 кг. Я очень рад что у меня все получилось 33 Мало кто верил в мой успех много кто говорил что первый год в новой возрастной будет сложным но я показал своим примером что не важно сколько тебе лет если ты отдаешь всего себя в зале то победа не за горами 33 Сейчас даже в летнее время продолжаю тренироваться. В июле в составе сборной России отправлюсь на тренировочное мероприятие в Лобню где будем активно готовиться к спортивным стартам в 2023. В будущем году планирую также возглавить пьедестал почета чемпионата России 33,3,colloquial,Разговорный
Очень эффективное упражнение для мышц живота от Вестсайда меняйте резину на разные жесткости 33 Weststokenoid Bartokenoid,3,colloquial,Разговорный
МУЗЫКАЛЬНОЕ УТРО Всем доброе пятничное утро 33 Уверены вы очень рады что неделя подошла к своему завершению и вы ищите возможность занять себя чем нибудь на выходных 33 Мы знаем классное решение посетить наш Батут парк Ангар где есть гиперпрыгучие батуты ультабалдежная зона для VR игр и бесконечное море позитива 33 И собственно как и обещали ниже сочная подборка музыки для тренировок у нас 33 Ангар Иркутск Ангар интересное Просто тренируйся Иркутск Досуг Спорт Экстрим Паркур,3,colloquial,Разговорный
Прямая трансляция матча Беркуты Урала – СШОР Самотлор Первая игра в новом сезоне в Уфе,3,colloquial,Разговорный
UDAR Друзья незабываем что теперь вы можете обсуждать турниры в прямом эфире 33 Подключайтесь и обсуждайте поединки с другими фанатами единоборств онлайн 33 Чат доступен на сайте в браузере.,3,colloquial,Разговорный
Доброго времени суток подскажите по колодкам тормозным. По стене искал но нужную информацию не нашел. Кто нибудь брал с Али колодки для двухпоршневых суппортов? Дайте ссылку если не сложно что бы не ошибиться,3,colloquial,Разговорный
️ Ак Барс объявил о назначении Олега Знарка на пост главного тренера Контракт со специалистом рассчитан на 1 год. Последним клубом Знарка был московский Спартак которым он руководил с 2019 по 2021 год.,3,colloquial,Разговорный
Кто какие ставил подшипники на перед от 09? Перепробовал все до 1к летят махом 3 5 недель. Говорят что есть роликовые от 09? Кто пробовал? БКРпомощь,3,colloquial,Разговорный
Aston Marttokenoid официально объявили что Себастьян не выступит на ГП Саудовской Аравии. Вместо него в Джидде поедет Нико Хюлькенберг. Ожидается что Себ начнет свой сезон в Австралии. Vettel Setokenoid AstonMarttokenoid F1,3,colloquial,Разговорный
Можно забрать сыщиков из особняков Аркхэма но что делать если ужасы потустороннего мира находят их даже в дороге? В новом дополнении Зловещие путешествия вас ждут 3 новых сценария в поезде на дирижабле и на океанском лайнере. А еще четыре новых сыщика монстры предметы и компоненты для игровых механик Цена 4 990 руб. Какое дополнение к Особнякам безумия вам понравилось больше всего?,3,colloquial,Разговорный
MotoGP Баньяйя Полностью моя вина я был слишком оптимистичен Поднимаясь после падения на последнем круге гонки MotoGP Гран При Японии Пекко Баньяйя одарил себя саркастическими аплодисментами. Он понимает что потерял драгоценные очки в борьбе за чемпионство. Франческо чувствовал что может обогнать FQ20 и сократить отставание в чемпионате до 8 очков но в итоге все закончилось падением и увеличением отставанием до 18 очков. Сегодня я совершил огромную ошибку. В начале гонки пытался прорваться и удержаться в лидерах но не смог. Я боролся и это было немного странно потому что утром все было хорошо. В конце концов мне повезло потому что Фабио не смог кардинально изменить ситуацию и у Алейша тоже возникла проблема но некоторых вещей не должно было произойти. Сегодня был день когда нельзя было допускать ошибок. Нельзя терять очки мы должны были заработать их. На последнем круге я предпринял попытку обгона потому что знал что могу сделать это только на торможении. На разгонах соперники были сильнее. Я предпринял попытку и совершил очень серьезную ошибку. Полностью моя вина я был слишком оптимистичен. К счастью хоть не задел Фабио. Оставаться позади Фабио и подождать лучшего шанса провести обгон было бы лучшим решением но во время гонки все иначе. Я хотел обогнать его остаться рядом с Виньялесом и возможно воспользоваться его ошибкой. Я был слишком амбициозен но это единственный способ выиграть титул. Извиняюсь перед всей командой потому что они очень хорошо поработали а я – нет. Это беспокоит меня больше всего.,3,colloquial,Разговорный
Результаты хаус шоу WWE Рино Невада 10 июля Гюнтер ч победил Рикошета и Мэдкэп Мосса в матче тройной угрозы за Интерконтинентальный титул Хэппи Корбин победил Дрю Гулака Ракель Родригес победила Лэйси Эванс и Шейну Бэзлер в гандикап матче 2 против 1 Братья Усо ч победили Новый День Кофи Кингстон и Ксавье Вудс в матче за неоспоримые командные титулы WWE The Vtokenoid Ratokenoid Эрик и Айвар победили Джиндера Махала и Шэнки Лив Морган ч победила Наталью и Ронду Раузи в матче тройной угрозы за женский титул Smatokenoid Дрю МакИнтайр победил Шеймуса,3,colloquial,Разговорный
️Ситуация со спецоперацией поставила вопрос о том в каком состоянии находится Россия. Либо это триумфальное развитие начавшееся с распадом СССР либо что то обратное. Но не ответив на этот вопрос не получится отстоять свое место в мировом процессе. Госпиар говорит – триумфальное развитие. Реальность заставляет сомневаться. При этом известно что запуск регресса – излюбленный метод управлять для англосаксов. И очень похоже что его таки применили в отношении России. . . Россия СССР Развитие Регресс Война СВО США Запад Украина,3,colloquial,Разговорный
MotoGP А. Эспаргаро Сегодня я должен был доказать что реально быстр Ассен вчера покорили Dtokenoid но Aprtokenoid ликуют ничуть не меньше. Гонка Алейша Эспаргаро чуть не была разрушена в самом начале гонки когда его попытался вынести Фабио Квартараро. Но Алейш удержался на байке как можно скорее вернулся в борьбу закрепился на 15 месте и начал потрясающий прорыв до 4 места 33 Вишенкой на торте стал двойной обгон прямо в последнем повороте. С определенной точки зрения Эспаргаро должен даже поблагодарить Фабио за допущенную ошибку. Не ошибись Эль Дьябло он наверняка забрался бы на подиум и тогда пилот Aprtokenoid никак не смог бы отыграть у него разом 13 очков. А теперь преимущество Квартараро составляет 21 очко – уже не так разгромно как в начале дня. AE41 К сожалению очков не дают за самым сильный гоночный темп. Я был среди быстрейших в последних четырех гонках лишь в квалификациях мне не удавалось занять действительно хорошую позицию но в гонках мне кажется мой темп был лучшим. Сегодня я не выиграл из за падения Фабио. Он сразу же извинился между нам все ок. Без этого инцидента возможно победа могла бы стать моей. Но подобное происходит в гонках. Самое главное закончить уик энд с позитивным ощущения и я отлично справился с этим. После аварии я оказался на 15 месте. В тот момент я решил что мне нечего терять. Несколько очков совсем не имели бы значение. Поэтому мне пришлось поднажать и попытаться получить по крайней мере десять очков. Если бы я разбился мог бы сказать что во все виноват Фабио 33 смеется Я сказал себе сегодня день когда ты должен доказать всем что реально быстр 33,3,colloquial,Разговорный
15 мая прыгаем с Утопии. Высота 40 метров. Прыгать будем с 12 00 до 17 00. tokenoidtokenoid с Утопии 15 мая воскресенье 7 981 135 11 20Прыжки с Утопии уже завтра 33,3,colloquial,Разговорный
Посадит надо Наума в запас ну не идет у него игра сегодня.,3,colloquial,Разговорный
Мелкий который выпросил у родителей фингербордов в надежде быть похожим на тебя,3,colloquial,Разговорный
Стало известно украинские власти отключили электроснабжение Чернобыльской АЭС. Из за этого возникла угроза аварийной ситуации которая представляет реальную опасность не только для сотрудников станции но и жителей Украины ряда регионов России Белоруссии и других европейских стран. Утром сегодня электричество отключилось а дизель генераторы не запустились. Может ГСМ там не было факт остается фактом что в течение какого то времени электропитание отсутствовало насосы не работали и вода через хранилище отработанного ядерного топлива не прокачивалась. Это вообще чревато. Такого допускать нельзя. Если эта ситуация продлится в течение длительного времени то это второй Чернобыль. В Чернобыльской зоне радиационный фон сейчас находится в переделах нормы рассказал академик РАН Леонид Большов.,3,colloquial,Разговорный
Шарль Артур и Лоренцо после финиша Формулы 3 Brtokenoid,3,colloquial,Разговорный
Спасибо этой игре за все прекрасное что я от нее получаю 33,3,colloquial,Разговорный
Олимпийские Игры 2022 ЕвгенияТарасова ВладимирМорозов Произвольная программа Фото Etokenoid Anne Chrtokenoid Potokenoid Otokenoid,3,colloquial,Разговорный
Сезон 1968 69 На снимке спартаковец В. Старшинов 8 армейцы В. Лутченко 3 Ал. Рагулин 5 В. Толмачев 25 и В. Полупанов 12.,3,colloquial,Разговорный
Моя личная страница Подписывайтесь сторис вопросы по тренировкам контент который будет только там,3,colloquial,Разговорный
ТРИЛОГИЯ ФИЛЬМОВ ДЛЯ ЛЮБИТЕЛЕЙ БЕГА Техника бега на сверхдлинные дистанции Бег на средние и длинные дистанции Бег на средние и длинные дистанции. Анализ техники фильмы сняты по заказу управления легкой атлетики ГОСКОМСПОРТА СССР К сверхдлинным относятся все дистанции более 20 000 м. Классической сверхдлинной дистанцией является марафонский бег 42 195 м 26 2 мили. Дистанции длиннее марафонской принято называть ультрамарафонскими. Из всего многообразия сверхдлинных дистанций помимо марафона который был включен в программу Олимпийских игр уже с первых современных игр следует выделить дистанции на которых проводятся чемпионаты мира и Европы полумарафон 21 097 5 м 13 1 мили и ультрамарафонские дистанции бег на 100 км и суточный бег. Никакой другой вид спорта не привлекает на свои соревнования такого огромного количества участников самых разных возрастных групп. Популярность бега на сверхдлинные дистанции обусловлена следующими факторами относительная простота техники исполнения дешевизна экипировки возможность проводить тренировки и соревнования при отсутствии дорогостоящих специальных сооружений и оборудования сильный оздоровительный эффект. rtokenoid бег техникабега марафон ультра rtokenoid легкаяатлетика забегРФ,3,colloquial,Разговорный
Чейл Соннен обрушился с критикой на Джона Джонса Я ошеломлен что за три года он так ничего не сделал Главная Новости MMA 55 0 ￼ Экс боец смешанных единоборств и известный аналитик ММА Чейл Соннен обрушился с критикой в адрес бывшего чемпиона UFC в полутяжелом весе Джона Джонса. По словам Чейла Джонс за время своего отсутствия ни сделал ничего чтобы подготовить почву для своего возращения и большого боя с действующим чемпионом организации в тяжелом дивизионе Фрэнсисом Нганну. Я ошеломлен тем что за три года Джон Джонс так и не создал сюжетную линию. Когда он ушел три года назад то мы все надеялись что он вернется в бою с Фрэнсисом Нганну. Просто напоминаю вам что когда Джон сказал что поднимется в тяжелый вес то поединок против Фрэнсиса был нашей надеждой. И вот три года спустя у нас по прежнему есть только надежда на этот бой. Получается за три года совершенно ничего не изменилось. Это дело Джона. Я все это говорю не для того чтобы дать ему пощечину. Просто делюсь своим мнением. За три года Джонс не провел ни одного поединка а также ничего не сделал для того чтобы бой с Нганну стал ближе. В общественности по прежнему нет интереса к этому противостоянию. Представьте какую работу можно было проделать за этот период времени сказал Соннен. Источник,3,colloquial,Разговорный
Коварно скинул или все же была задержка мяча? komtokenoid,3,colloquial,Разговорный
Кубок Свердловской области по легкой атлетике с участием сильнейших прыгунов в высоту. Приезжайте на наши соревнования 13 августа город Ирбит стадион Юность.,3,colloquial,Разговорный
Это видео довольно короткое но даже этих секунд достаточно чтобы увидеть точные попадания Ибрагима Бахрамжанова бокс федерациябокса tokenoid fetokenoid sftokenoid петербургскийбокс,3,colloquial,Разговорный
На 76 м году жизни скончался фигурист тренер и арбитр Александр Веденин Он являлся двукратным чемпионом СССР 1963 и 1965 годы в одиночном катании бронзовым призером лично командного первенства СССР 1967 бронзовым призером Кубка СССР 1969 После завершения спортивной карьеры был тренером сборной СССР по фигурному катанию техническим специалистом работал тренером в других странах в последние годы был консультантом сборной страны,3,colloquial,Разговорный
Несмотря на травму Джереми Грант продолжает вызывать интерес у множества команд лиги. По сообщению Шэмса Чарании к Лейкерс и Блейзерс которые активно интересовались Грантом ранее добавились Уизардс и Никс.,3,colloquial,Разговорный
Российский лыжник Александр Большунов проводит летние тренировки вместе со своей собакой Фалуном. В аккаунте который ведется от имени пса был выложен фрагмент совместного забега с прыжком через забор. Один из подписчиков написал Ну Клэбо держись. В ответ на это другой написал Клебо то держится от смеха за живот держится что его соперник занимается х ерундой ведя аккаунт своей собаки Аккаунт самого пса ответил Клэбо скорее завидует как вы что его кошка так не умеет. Х это ваша зависть в любом хорошем деле всегда найдете что желаете. Я собака но намного человечнее вас умею разделять радость и ненавижу зависть. Ранее Клэбо вел инстаграм от имени своей кошки. Напомним что на прошедших в Пекине зимних Играх Большунов стал трехкратным олимпийским чемпионом. Также на его счету по одной серебряной и бронзовой награде.,3,colloquial,Разговорный
Накрутим Словенской магии этой ночью? Прямой эфир регулярного матча сезона НБА Бруклин Нетс Даллас Маверикс Ловим кайфули вместе Хукой и нашими друзьями из студии Wtokenoid Sport Поддержать We Love Baskettokenoid tokentokenoid,3,colloquial,Разговорный
WRC Ралли Японии 2022 презентация Toyota Yartokenoid Ratokenoid и мнения. Четырехкратный чемпион Мира по Ралли из Финляндии по имени Юха Канккунен что и презентовал собственно Yartokenoid Ratokenoid говорит что Ралли2 будет следующим главным раллийным классом в мире. Учитывая что у ФИА есть мода сокращать и закрывать все что слишком быстрое и ставить в абсолют то что слишком медленное делая уродливые машинки по типу GTD Ratokenoid которые оценивают детишки из Тиктока что зачем то тянут свои руки в автоспорт я уверен так и случится. Ралли2 будут главным классом. Потому что Ралли1 окажутся слишком быстрыми чтобы их себе позволить.,3,colloquial,Разговорный
Райан Гарсиа келесі жекпе жекке дайындалу үшін жаттығу залына оралды Жұлдызды американдық жеңіл салмақтағы 61 2 кг ға дейін Райан Гарсиа 21 0 0 18 КО командасының ресми мәлімдемесіне сәйкес психологиялық мәселелерге байланысты ұзақ уақыт үзілістен кейін жаттығуға оралды.,3,colloquial,Разговорный
Всем привет 33 Подскажите где приобрести ремкомплект 41 вилки? Всем добра 33,3,colloquial,Разговорный
Молодая поросль новозеландских фрискиеров просто взрывает мозг. Финли Мелвил Ивсу всего 16 а он уже добрался до попыток на 2160 33,3,colloquial,Разговорный
НАДАЛЬ ВЫШЕЛ В ФИНАЛ AUSTRALIAN OPEN Испанец Рафаэль Надаль пробился в финал Открытого чемпионата Австралии переиграв итальянца Маттео Берреттини 6 3 6 2 3 6 6 3. За свой 21 й титул на ТБШ Рафаэль скрестит ракетки либо со Стефаносом Циципасом либо с Даниилом Медведевым. newstokentokenoid Natokenoid,3,colloquial,Разговорный
Мне Чикаго на все бабки. Стартовая пятерка лучших игроков десятилетия по позициям.,3,colloquial,Разговорный
Даниил Медведев ответил на вопрос о том как на него влияет отсутствие на Atokenoid Open девятикратного чемпиона турнира Новака Джоковича который победил Медведева в прошлогоднем финале. Мельбурн и арена Рода Лэйвера определенно его любимые места в мире. Число матчей полуфиналов финалов которые он здесь выиграл просто потрясающее. Помню в прошлом году я думал что попытка его остановить будет для меня хорошим вызовом. В итоге я был очень очень далек от этого. Хотя в целом я люблю испытания и хотел бы снова сыграть с ним в финале или в каком то подобном матче на арене Рода Лэйвера. Я уже говорил что его отсутствие не может поменять мой подход. Все равно нужно выиграть семь тяжелых матчей чтобы взять титул. Точно так же было на US Open где я смог победить Новака в финале. И если здесь я дойду до финала просто не будет вне зависимости от того с кем сыграю. Чтобы выиграть турнир Большого шлема нужно показать свой лучший теннис.,3,colloquial,Разговорный
Не спрашиваю про того кто справа. Но парнишку слева признали?,3,colloquial,Разговорный
Американский военный на фоне горящего БРДМ 2 советского производства. Операция Urgent Ftokenoid Вторжение США на Гренаду. Октябрь 1983 года P. S. Фото интересно тем что ВС Гренады имели на вооружении всего две единицы БРДМ 2 один из которых горит на фото. Второй выживший БРДМ 2 был выставлен американцами на экспозиции захваченного оружия.,3,colloquial,Разговорный
Норвежская биатлонистка Тириль Экхофф пропустит этап Кубка мира в немецком Оберхофе который пройдет 6 9 января. Не поеду в Оберхоф. Я неделю болела после того как вернулась домой из Франции. Два дня назад я провела первую интенсивную тренировку и решила что не хочу спешить. Сейчас нужно привести себя в хорошую форму прежде чем я снова отправлюсь на Кубок мира – сказала Экхофф.,3,colloquial,Разговорный
Факты о хет трике Владимира Тарасенко В карьере Тарасенко это 2 й хет трик в плей офф. Первый был оформлен в 2015 году также в серии против Миннесоты. Это рекорд клуба – за Блюз 2 хет трика в плей офф также оформляли Джейден Шварц и Фрэнк Сент Марсель Все шайбы Владимира были заброшены в 3 м периоде. До него только два блюзмена забивали 3 шайбы в пределах одного периода кубкового матча Ред Беренсон и Брендан Шенахан 1 я и 2 я шайбы Тарасенко забросил с разницей в 68 секунд. Он превзошел достижение Брендана Шенахана – тот забил дважды с разницей в 85 секунд в плей офф 1994 95,3,colloquial,Разговорный
Валерий Поляков установил личный рекорд в ВХЛ Нападающий Металлурга забросил 21 ю шайбу в регулярном чемпионате ВХЛ – это лучший показатель для хоккеиста за время выступления в Высшей лиге. Ранее Поляков максимум забивал 20 голов в гладком сезоне 2019 20. Тогда Валерий провел 51 матч. В текущем турнире форвард отличился 21 раз в 49 встречах. Поляков занимает 3 место среди бомбардиров сезона набрав 54 21 33 очка. Чтобы установить новый рекорд в карьере по результативности в регулярном чемпионате Валерию в оставшихся 3 встречах нужно заработать 3 балла. Рекордными являются 56 очков в сезоне 2019 20. Отметим что среди лучших снайперов турнира нападающий Металлурга уступает только трем хоккеистам как и среди ассистентов. По показателю полезности 29 Поляков находится на 2 месте в ВХЛ. Ближайший матч Металлург проведет 12 февраля дома против Звезды.,3,colloquial,Разговорный
Атакующий защитник Нотр Дама Блэйк Уэсли прошел воркаут для Никс,3,colloquial,Разговорный
Уже завтра в 10 45 по Москве Матч ТВ в прямом эфире покажет Деминский марафон в котором примут участие члены сборной России по лыжным гонкам,3,colloquial,Разговорный
Комплексная тренировка с гантелями rtokenoid. . . . . офп спорт зож rtokenoid sport пробежка всембег,3,colloquial,Разговорный
На курорте Ведучи проходят тренировки российских горнолыжников Впервые на всесезонном горном курорте Ведучи в Чеченской Республике проходят тренировки сборной команды России по горнолыжному спорту. Параллельно курорт принимает спортсменов из Нижегородской области которые представляют относительно новый для страны вид спорта – горные лыжи по траве.,3,colloquial,Разговорный
СМИ Челси договорился с Барселоной о трансфере Френки де Йонга сам полузащитник видит этот вариант более перспективным чем предложенные ему ранее и не возражает против перехода.,3,colloquial,Разговорный
Когда что то идет не так Марк Маркес рассказал о своей жизни в MotoGP последние пару месяцев Последние 2 3 месяца Марк Маркес и Repsol Hontokenoid переживали довольно тяжелые времена потому что. . . они уже знали что борьба за титул в 2022 году будет невозможна. Причина этого не новый Hontokenoid RC213V а последствия травмы и операции Марка 2020 года. Спустя полтора года после 3 й операции ему теперь придется сделать 4 ю и потерять еще от 3 х до 5 ти месяцев на реабилитацию.,3,colloquial,Разговорный
Фирузджа Жертвует Ферзя Непомнящему 33 Репетиция перед турниром претендентов.,3,colloquial,Разговорный
vtokenoid Rampage от Rtokenoid видишь не часто 33 Больше интересного контента из соцсетей,3,colloquial,Разговорный
31 я ракетка мира чешка Петра Квитова обыграла британку Хэрриет Дарт занимающую 103 ю строчку рейтинга WTA со счетом 6 3 6 4 в четвертьфинале турнира в Истбурне. В полуфинале соревнований в Истбурне Квитова скрестит ракетки с украинкой Лесей Цуренко или бразильянкой Беатрис Хаддад Майей.,3,colloquial,Разговорный
На этот раз Грут отправится не в космическое путешествие а в гости в победителю розыгрыша Семену Полухину Семен напишите нам в сообщение сообщества куда отправить Грута Он уже готов к встрече с вами 33 Еще больше фигурок Ftokenoid POP по разным вселенным можно найти у нас на сайте,3,colloquial,Разговорный
Флорида впервые в своей истории выиграла регулярный чемпионат НХЛ Как далеко Пантерз смогут пройти в плей офф?,3,colloquial,Разговорный
В Эль Класико нас ждет противостояние двух Великих форвардов,3,colloquial,Разговорный
Формула 3 Гонка 2 Гран При Венгрии Прямая Трансляция 2022,3,colloquial,Разговорный
hq от подписчика Аэа просто хотела поделиться любимцами,3,colloquial,Разговорный
Единственный дабл дабл в истории НБА с одним набранным очком. Конечно же в исполнении Уилта. htokenoid,3,colloquial,Разговорный
1961 год. Юрий Гагарин и волейбольная команда ЦСКА. С Днем космонавтики 33,3,colloquial,Разговорный
А вот и еще одна игра про телефончик только теперь 18 Трешовые задания для тех кто любит пранки и шоу Ильи Соболева Вы когда нибудь устраивали пранки? А наоборот? У друзей получалось разыграть вас?,3,colloquial,Разговорный
Я никого не хотел оскорбить или обидеть. Воронков заговорил впервые после скандала Главный тренер Локомотива Андрей Воронков которого дисквалифицировали на два года за расизм объяснил почему сохранял молчание. Впервые оказавшись в такой непростой и неоднозначной ситуации я взял паузу так как ожидал официального решения со стороны дисциплинарной комиссии ВФВ. Очень не хотелось подливать масла в огонь зная что любые слова могут быть истолкованы совершено по разному – сказал 55 летний тренер. Локомотив неделю спустя извинился перед Сесе и Уралочкой. Всероссийская федерация волейбола сообщала что Воронков принципиально отказался приносить извинения. Специалист сохранил свою позицию. Я сожалею что моя фраза произнесенная в личной беседе с игроком нашей команды в очень сложном для нас игровом моменте когда нервы находились в максимальном напряжении а эмоции буквально зашкаливали была воспринята как оскорбление и демонстрация неуважения. У меня не было никаких намерений обидеть кого либо из волейболисток соперника. И еще большее сожаление вызывает то что в данной ситуации оскорбленной посчитали именно Айламу Сесе. На протяжении всей своей карьеры как волейболист и как тренер я много работал с игроками разных стран и национальностей. И в наших взаимоотношениях никогда не было никаких проблем. Ведь все мы прекрасно понимаем насколько для легионеров важен психологический комфорт. Оказываясь в непривычной для себя обстановке волейболисты из других стран чтобы демонстрировать яркую игру которую от них ждут болельщики должны чувствовать себя спокойно и уверенно. И я именно так отношусь к игрокам из других стран и клубов. Пусть мы и находимся по разные стороны сетки но по сути дела делаем общее дело – играем в волейбол. Еще раз отмечу что я никого не хотел оскорбить или обидеть. Надеюсь что в ближайшее время ситуация окончательно прояснится и мы все сможем сосредоточиться исключительно на нашей любимой игре – цитирует пресс релиз от тренера Regntokenoid. Воронков два года не может работать в турнирах под эгидой ВФВ. Он может работать в иностранном клубе или тренировать в детско спортивной школе. RUSCWtokentokenoid,3,colloquial,Разговорный
Поболеем за нашу молодежку сегодня Играют в Минске с хозяевами начало в 20 30 по югорскому времени.,3,colloquial,Разговорный
Получи деньги на Steam геймерский монитор или ретроконсоль с кучей игр Подробнее tokenoid tokenoid реклама htokenoid,3,colloquial,Разговорный
Елена Рыбакина высказалась о поражении в первом матче после британского турнира Большого шлема. Я хорошо провела первый сет после чего условия немного изменились. Думаю я не выдержала весь матч физически и полностью потеряла концентрацию в концовке. Матч получился очень сложным. Конечно неделя после Уимблдона была тяжелой. Много дел переездов. Безусловно было непросто. Мне не хватило времени на подготовку к хардовому сезону. Я просто хотела приехать в Сан Хосе и попробовать свои силы так как знала что турнир будет очень сложным. Здесь очень много прекрасных игроков и я понимала что в первом круге могу встретиться﻿ с кем то из Топ 10. Например с Дашей которая играла здесь в финале год назад Я рада уже начать выступления в Америке и надеюсь прибавлять впоследствии приводит слова Рыбакиной официальный сайт WTA.,3,colloquial,Разговорный
Эта щас спектакль по типу без Радулова неплохо забиваем?,3,colloquial,Разговорный
Со своим четвертым подбором сегодня против Лейкерс Джален Дюрен стал вторым самым молодым игроком 19 лет 0 дней набравшим не менее 100 подборов и 15 блок шотов в своих первых 14 играх карьеры уступая только Дуайту Ховарду 18 лет 348 дней. .,3,colloquial,Разговорный
За кроссовками в Баскетбольный магазин Ghetto Basket Shop Консультация tokenoidtokenoid Стрельский,3,colloquial,Разговорный
Участница марафона в Китае пожизненно отстранена за использование велосипеда во время забега 33 Участница Международного марафона в Сюйчжоу пожизненно отстранена от турнира из за использования велосипеда во время забега. Спортсменка имя которой не называется преодолела дистанцию за 5 часов 38 минут и 36 секунд. Ей потребовалось всего 7 минут и 10 секунд для того чтобы пробежать последние 2 км и 195 метров. Организаторов насторожил тот факт что заключительный отрезок забега спортсменка под номером D2113 преодолела так быстро. Выяснилось что женщина проехала несколько отрезков дистанции на велосипеде. Кроме того во время марафона ей сообщили что пользоваться транспортом нельзя однако она проигнорировала это замечание. Организаторы марафона приняли решение аннулировать результат спортсменки а также пожизненно отстранить ее от турнира. Всего в марафоне в Сюйчжоу приняли участие около 22 тысячи человек. rtokenoid. . . . бег спорт зож ла легкаяАтлетика наспорте rtokenoid parkrtokenoid,3,colloquial,Разговорный
Квалификационные предложения от Автомобилиста получили 25 хоккеистов клубной системы Хоккейный клуб Автомобилист сделал квалификационные предложения игрокам которые выступали за основной состав нашей команды и которые после завершения срока действия своих контрактов после 30 апреля 2022 года получают статус ограниченно свободных агентов. Предложения о заключении новых контрактов получил защитник Сергей Зборовский а также нападающие Анатолий Голышев Степан Хрипунов Владимир Кузнецов и Василий Филяев. Кроме того квалификационные предложения от клуба получили игроки Горняка УГМК и Авто с истекающими контрактами – вратарь Владимир Сартаков защитники Валерий Ситников Даниил Валитов Владислав Леонтьев Семен Переляев Иван Сушинский Юрий Журавлев Степан Островский Артем Швайковский и Александр Федоров а также нападающие Владислав Пшеничников Константин Суслов Роман Ивашов Семен Кизимов Андрей Гришаков Александр Дербенев Егор Алексеев Илья Захаров Егор Платонов и Александр Путилов.,3,colloquial,Разговорный
️Обзор матча Даниила Медведева против Алекса Де Минаура,3,colloquial,Разговорный
ГРаНИ дискуссии Каждую неделю в разных ячейках Гильдии проходят тестирование авторских проектов где вы всегда получаете обратную связь от коллег. На них тесты проходят в очном формате а у наших партнеров из PRO геймдизайн они проходят также и дистанционно кстати напоминаем что набор тестировщиков к ним еще идет подробности в посте Сегодня же мы хотим предложить вам обсудить основную тему дискуссии Тестирования онлайн или тестирования офлайн что лучше? Коротко о Дискуссиях мы предлагаем обсудить в комментариях различные темы касающиеся геймдизайна.,3,colloquial,Разговорный
Целый стадион 33 Больше 40000 человек на презентации команды к сезону – и это Казань а не АПЛ или НБА 33 Такую аудиторию собрал баскетбольный фестиваль Wtokenoid UNICS fest 33 Программа получилась топовая – каждый нашел от чего кайфануть массовый любительский турнир челленджи от блоггеров Взял Мяч Btokenoid Rtokenoid Boss и Студия союз в качестве специальных гостей ‍ улетный перформанс от FEDUK 33 В парке Урам УНИКС со своим партнером сделали нечто невозможное ивент который побил рекорд по массовости баскетбольных фестов в России 33 И мы понимаем почему,3,colloquial,Разговорный
Мотогонки на льду 2022 Speetokenoid tokenoid Личное первенство России. Финал. 06. 02. 2022 г. Уфа ст н Строитель Начало соревнований в 12 00 мск. 14 00 местн. времени Главный судья Вячеслав Гладченко Салават Стоимость билетов 200 300 руб. ‼Вход при соблюдении масочного режима 33,3,colloquial,Разговорный
Запись трансляции Гран при Японии с комментариями Натальи Фабричновой и Алексея Попова Смотреть в записи все Гран при 2022 года вы можете на сайте По возможности помогайте группе донатами.,3,colloquial,Разговорный
СКА проводит свой 1000 й матч в Континентальной хоккейной лиге,3,colloquial,Разговорный
Как можно приобрести абонемент на сезон 22 23? Есть сразу несколько вариантов. Оффлайн Стадион Труд Миасс улица Набережная ул. 29А Онлайн Официальный сайт tokentokenoid Сайт партнеров Миасс спорт ТорпедоМиасс футбол,3,colloquial,Разговорный
ПОРАЖЕНИЕ за включенный телефон Наверное первым пострадавшим от него шахматистом стал чемпион мира по версии ФИДЕ Руслан Пономарев которому присудили поражение на Чемпионате Европы в Пловдиве в 2003 году когда правило было только что утверждено. Самое смешное что звонок состоялся в его день рождения а звонил президент ФИДЕ чтобы его поздравить.,3,colloquial,Разговорный
Исторических лошадей вам в ленту. Заезды на трассе Хэмптон Даунс.,3,colloquial,Разговорный
Австралийский разыгрывающий Оклахомы Джош Гидди считает что разработчики симулятора NBA 2K выставили неоправданно низкий рейтинг его соотечественнику Патрику Миллсу из Бруклина. Не мог поверить когда увидел рейтинг Патрика Миллса в 2К. Пришлось перечитать трижды прежде чем я все же убедился в том что правильно все понял. 72 – очень странное решение – заявил Гидди. Среди австралийцев сам Гидди 82 уступает лишь еще одному игроку Нетс Бену Симмонсу 83.,3,colloquial,Разговорный
С днем рождения сегодня поздравляем мотогонщика из Тольятти представляющего клуб из Каменска Уральского Савелия Ведянова 33 Speetokenoid HappyBtokenoid Твердой воли крепкой силы И спортивных достижений От души тебе желаем Мы в этот день рожденья. Первых мест медалей кубков Лучшим стать на целом свете И всегда чтоб были рядом Те кто рад твоей победе 33,3,colloquial,Разговорный
Кучеров сделал 4 й хет трик в НХЛ в матче с Баффало и стал его 1 й звездой,3,colloquial,Разговорный
ДвигатьсяВместе Наше сообщество очень молодо говорят что ему около 15 лет. Это небольшой возраст для явления но большая цифра для людей которые им увлечены. Все мы были озорными ребятами покорявшими городские джунгли а кто то только начинает этот путь. Теперь же многие из нас стали тренерами организаторами предпринимателями людьми искусства а кто то и вовсе отошел от уличной темы но все мы остались верны паркуру который вырос вместе с нами. Мы двигаемся к взрослой версии нашего комьюнити отбрасывая не актуальные взгляды и обиды на мир выстраивая перспективы для себя и тех кто рядом при этом сохраняя дух авантюризма. Сейчас как раз тот самый момент чтобы начать ДвигатьсяВместе к новым горизонтам. Если ты готов то мы ждем тебя на НеделеПаркура2022 c 4 по 10 июля в Нижнем Новгороде 33 До встречи 33,3,colloquial,Разговорный
Ох Валиеву все еще могут отстранить от личного турнира МОК топит против нее,3,colloquial,Разговорный
Хентеру Шепарду 27 33 Карьера в НХЛ ему вряд ли светит но в АХЛ парень тащит очень круто 33 С днем рождения глядишь и за Вашингтон разочек сыграет.,3,colloquial,Разговорный
Последние 20 книг тиража Наш партнер Performtokenoid Forward отгрузил последние 20 книг Реабилитация после травм коленного сустава. Методология и практика на Ozon. В таком виде и содержании книги больше не будет Сейчас создается абсолютно новая книга обновленная информация дизайн и верстка с добавлением важнейшей информации от Евгения Гончарова. Но выйдет она не раньше чем через год. Если ты хочешь приобрести абсолютный бестселлер по реабилитации после травмы ПКС сейчас самое время,3,colloquial,Разговорный
Последний летний месяц пролетает стремительно. И тут важно не только успеть запастись солнцем и витаминами но и до 5 августа до 23 50 по Москве заявить напарника на Ярославль Комус Fest Согласно регламенту все кто не укажет второго игрока на турнире в Ярославле до 5 августа потеряет свой слот без возможности возврата денег. Заполните форму для замены или заявки напарника Почему это обязательно для всех? Гандикапная комиссия должна проверить всех игроков и начислить уровень мастерства с 8 по 14 августа будет доступно оспаривавание. Все актуальные списки игроков доступны на странице мероприятия в разделе Документы komtokenoid,3,colloquial,Разговорный
Это’О думаю в финале чемпионата мира Камерун обыграет Марокко,3,colloquial,Разговорный
За последние 2 этапа пилоты Астон Мартина набрали больше очков чем пилоты Мерседеса У Льюиса не получилось устроить ад.,3,colloquial,Разговорный
Азеры хуесосы. Карабах Армения. Жду бана педики дырявые,3,colloquial,Разговорный
БИАТЛОН Смотрим сингл микст 33 Болеем за нашу команду 33 Нас очень важно быть сегодня в тройке 33,3,colloquial,Разговорный
Растягиваем основные мышцы для бега. . rtokenoid. . . . разминка заминка растяжка бег спорт зож забег,3,colloquial,Разговорный
Как сохранить деньги в текущей ситуации? В то время когда большинство людей кинулось скупать валюту технику машины и квартиры правительство России приняло решение потратить деньги ФНБ на покупку подешевевших акций российских компаний посчитав ее очень перспективной. На российском рынке сейчас сложилась уникальная ситуация 33 Согласно истории большие возможности открываются во время таких событий 33 Но почему же 90 людей не инвестируют? Главная причина не хватает знаний как правильно это делать. Боятся прогореть. Недоверие. Непонимание зачем им если они пока мало зарабатывают. Я решил это исправить и показать как каждый сможет более грамотно инвестировать. Обязательно уделю время финансовой грамотности без которой не выбраться из бедности. Расскажу подробно об налоговом вычете в размере 52 000 который может получить каждый работающий гражданин. Это будет мой авторский марафон о пути достижения финансовой независимости. Я поделюсь собственным опытом который вы легко сможете повторить. Принять участие П. С. Повтора не будет. . . И это единственный раз когда я провожу бесплатно в дальнейшем его можно будет купить только за деньги.,3,colloquial,Разговорный
Новак Джокович Я рад снова выйти на траву. Всегда с нетерпением жду турнира о котором мечтал с детства,3,colloquial,Разговорный
Битва за титул Moto3 обзор и результаты Гран При Австралии Как МОТОГОНКИ. РУ и предполагали гонка Гран При Австралии в классе Moto3 стала решающей в сезоне 2022 года стремительный заезд наполненный инцидентами и вылетами назвал имя нового чемпиона мира. Результаты Atokenoid Moto3.,3,colloquial,Разговорный
Субару заряжается от розетка Теслы 33 Как назовем Теслу на батарее?,3,colloquial,Разговорный
ФРАНЦИЯ ПО ПРЕЖНЕМУ ОТКРЫВАЕТ ДВЕРИ ДЛЯ НОВАКА ДЖОКОВИЧА Вот шансы что он сыграет на Rotokenoid Garros 33 Новые уступки последуют 16 февраля Хорошие новости для Новака Джоковича приходят из Франции 33 Все еще есть шанс что он получит возможность защитить свой титул на Ролан Гаррос несмотря на отсутствие прививки 33 Во Франции прошла первая фаза ковидных мер а вторая запланирована на 16 февраля. Так среди прочего отменяется ограничение на количество посетителей на стадионах и в залах при этом на трибунах ношение маски будет обязательным наряду с пропуском на вакцинацию. Маски на открытом воздухе вообще говоря больше не вводятся и эта мера за исключением крупных спортивных и культурных мероприятий останется в силе только в городских центрах крупнейших французских мегаполисов. Новые концессии последуют с 16 февраля когда будут открыты дискотеки и повторное потребление пищи на стадионах в кинотеатрах и транспорте напитки будут подаваться в баре в кафе будут проводиться концерты со стоячей аудиторией и банкеты в компаниях. Однако только накануне 15 февраля вступает в силу сокращенная с семи до четырех месяцев разница между прививками. Срок который признается после болезни сокращен с шести до четырех месяцев. В принципе Новак Джокович с его подтверждением от 16 декабря что он был положительным на Соvtokenoid 19 до этого изменения мог играть на Ролан Гаррос который проводится в последнюю неделю мая и первую неделю июня хотя он не был привит. Однако после этого изменения он больше не сможет играть. Но учитывая что меры постепенно смягчаются вполне реально ожидать что к маю произойдут еще некоторые изменения в санитарном протоколе в положительном смысле. В пользу этого говорит тот факт что волна пандемий во Франции достигла своего пика а число больных начинает снижаться. Некоторые надеются что к маю даже обоснованность пропуска вакцинации в такой реальности может быть поставлена под сомнение. Во Франции следуя примеру некоторых европейских стран все чаще задумываются о том что в будущем жить с ковидом как с гриппом.,3,colloquial,Разговорный
СДЕЛАЙ СЕБЕ ПОДАРОК НА НОВЫЙ ГОД ПОКУПАЙ ЗДЕСЬ tokenoidtokenoid ЗДЕСЬ tokenoidtokenoid ЗДЕСЬ САМЫЕ ТОПОВЫЕ БАСКЕТБОЛЬНЫЕ КРОССОВКИ,3,colloquial,Разговорный
Александр Шлеменко оценил действие Синтезита инновационной разработки для повышения выносливости восстановления количества стволовых клеток нормализации параметров крови ускорения регенерации. Ранее двое воспитанников Шторма Андрей Корешков и Александр Зырянов уже делились тем как Синтезит помогает им быть более выносливыми и быстрее восстанавливаться. Сегодня сам легендарный боец tokenoidtokenoid Шлеменко дал свою оценку действию Синтезита. Все сильнейшие бойцы школы Шторм Александра сегодня используют уникальный минерал Синтезит что позволяет им достичь наилучших результатов в здоровье и спортивных достижениях увеличить выносливость иммунитет ускорить восстановление продлить спортивную карьеру и защитить организм от чрезмерных нагрузок. Напомним что изначально Синтезит это средство для восстановления количества стволовых клеток насыщения крови кислородом и комплексного восстановления здоровья. Существенное улучшение спортивных результатов происходит благодаря этому действию минерала и многим другим его свойствам о которых можно узнать из научных исследований на нашем сайте Что такое tokenoidtokenoid? 1 капсула Синтезита содержит 0 8 мг активного вещества цитрата железа трехвалентное. Он производится путем моделирования процессов происходящих в глубине земной коры. Технология на сегодня является уникальной. По биологическим свойствам Синтезит несравним с другими препаратами железа и другими добавками. Даже такая небольшая концентрация активного вещества 0 8 мг работает что становится очевидным на субъективном уровне уже в течение первых недель приема а на объективном уровне анализы и спортивные тесты в течение 2 3 недель. Сегодня tokenoidtokenoid не имеет аналогов по своим свойствам и безопасности. Минерал сертифицирован и имеет антидопинговый сертификат Института спорта г. Кельн. В России тестирование на безопасность подтверждено исследованиями в ФМБА. tokenoidtokenoid можно применять как монопрепарат так и в комплексном подходе к тренировкам лечению или общему укреплению здоровья. Прием Синтезита помогает стабилизировать АД снизить ЧСС при максимальных нагрузках скорректировать АЛТ АСТ холестерин и сахар. Эти и многие другие результаты улучшаются уже в течение месяца приема Синтезита. Группа tokenoidtokenoid Вконтакте с сотнями интервью Научные исследования Синтезита БАД. Не является лекарственным средством. 18,3,colloquial,Разговорный
Кроссовки пришли. К качеству нет претензий ногу облигает отлично тракция хорошая. Подписывайся на магазин ссылка в комментах,3,colloquial,Разговорный
Новак Джокович рассказал о своих детях на церемонии награждения Уимблдона. Его дочь Тара появилась на трибунах после матча а сына Стефана не было. О моя дочь тоже здесь. Ого. Ей еще нет пяти лет так что ей нельзя было смотреть матч. Но в следующем году если ей будет интересно она сможет посмотреть как папа играет. Хотя теннис ей не особо интересен. Из родных на трибунах не хватает только моего сына. Он сейчас играет сет против сына Боба Брайана. Последние пару дней они постоянно играют.,3,colloquial,Разговорный
Анастасия Павлюченкова сообщила о досрочном завершении сезона Это было действительно очень трудное решение. Из за боли в течение длительного времени травма ограничивает меня физически и морально чтобы тренироваться и соревноваться в полной мере. После нескольких месяцев реабилитации в этом году и участия только в трех турнирах последние два турнира показали мне что боль не отступает поэтому я приняла решение продолжать реабилитацию и вернуться сильнее в следующем году 33 сообщила спортсменка. Напомним что Анастасия должна была защищать очки за финал Ролан Гаррос.,3,colloquial,Разговорный
Грин задел сидящего на паркете Джейдена Айви коленом по голове Дрэймонд Грин во время матча с Пистонс 114 128 получил очередной технический В начале третьей четверти Грин нарушил правила на Джейдене Айви после чего задел оказавшегося на паркете новичка коленом по голове. На счету Дрэймонда 7 очков 7 подборов и 7 передач.,3,colloquial,Разговорный
Продам Укажите что вы продаете Gtokenoid CLT 1911 Опишите свой товар Затвор ходит при выстреле. Хорошее состояние. Жизненные потертости. Местонахождение г. Москва Наличие пересыла. При наличии пересыла без ID на фото не публикуем Нет Цена 8000 Роман Гусаков,3,colloquial,Разговорный
Всем здравствуйте 33 У меня есть вопрос который не дает мне спокойно смотреть на питбайки кроссовые эндуро мотоциклы. Можно ли поставить на него колеса одинакового диаметра 17 17 допустим если получиться то будет ли плохо от этого мотоциклу или я просто переделаю мотоцикл для грязи под мотоцикл для дороги?,3,colloquial,Разговорный
У Дзюбы есть предложение из Китая. Не исключаю что и из МЛС есть. Белоус о форварде Юрий Белоус сообщил о возможном переходе форварда Артема Дзюбы в чемпионат Китая. – В январе 2021 года вы говорили что вам звонили из МЛС насчет перехода Кокорина. Сейчас идут разговоры что в США интересуются Дзюбой. – Не исключаю того что у Дзюбы есть предложение от МЛС. Думаю что он вполне соответствует уровню. Многие футболисты на закате своей карьеры которые показали себя в международных матчах – а Дзюба был одним из лидеров сборной России на ЧМ 2018 – вполне могут попасть в один из клубов МЛС. Почему нет? Это хороший для него вариант или Дубай или МЛС. В МЛС три игрока освобождены от потолка зарплат. Поэтому он может например как Швайнштайгер который пошел в Чикаго Файр идти туда. На 2 5 миллиона и какие то другие деньги. Но главное другое это сумасшедший опыт. Туда можно идти это международная лига где играют очень интересные футболисты из Латинской Америки и Европы. Поэтому – да это вполне может быть. – Какие другие варианты есть? – Знаю что у Дзюбы есть предложение из Китая. По деньгам думаю оба варианта примерно одинаковые. Не знаю где ему будет лучше – заявил футбольный менеджер.,3,colloquial,Разговорный
Друзья спешим поделиться новыми подробностями относительно Rtokenoid Stokenoid Day 33 Сразу после джемов мы приступаем к реализации проекта RSD Битва Городов 33 Это будет видеоконкурс в течение которого мы отберем пять неспонсируемых райдеров в каждом из 9 городов присутствия и дадим задание отснять максимально мощный и атмосферный видос 33 Получившиеся 9 видео будут оценены нашими зарубежными партнерами а авторы лучших работ будут щедро ими вознаграждены 33 Как считаешь есть ли среди твоих друзей райдеры которые были бы достойны отстоять честь города в подобном мероприятии? Кто еще пока не замечен спонсором но уже может люто раздать на камеру? Поделись мнением поделись новостью оставайся с нами новые подробности о Rtokenoid Stokenoid Day будут совсем скоро 33,3,colloquial,Разговорный
Премиум контент Вратари. Принятие решений при вводе мяча и выходе из под прессинга Автор Atokenoid Arranz,3,colloquial,Разговорный
Марвин Веттори Надеюсь что Адесанья снова покинет бой в кислородной маске Средневес UFC Марвин Веттори высказался о бое между Исраэлем Адесаньей и Алексом Перейрой. Я хочу чтобы Перейра победил только потому что в конечном итоге это будет больше волновать меня как следующего претендента. И я думаю что это произойдет потому что после этого я стану претендентом номер один. В смысле что мне еще осталось? Я дрался почти со всеми и я думаю что получу еще один титульный бой с отличным выступлением против Уиттакера. Меня не волнует Адесанья. Конечно я выиграю у него до того как закончу со всем этим но то что он умеет делать лучше всего сейчас он красит ногти. Мне определенно больше нравится Перейра и то как он себя ведет и то как он дерется и все такое не так много дерьма просто злобный ублюдок и все. Я очень надеюсь что Адесанья снова покинет бой кислородной маске и я думаю что это может случиться потому что у них будет бой по кикбоксингу.,3,colloquial,Разговорный
Сегодня мы спешим поздравить с днем рождения Пашу ЛАГУТУ 33 С днем рождения чемпион 33 Поздравляем от души 33 Счастья любви БОГАТЫРСКОГО ЗДОРОВЬЯ 33 ПУСТЬ ТРАВМЫ ОБХОДЯТ ТЕБЯ СТОРОНОЙ 33 Удачи как в жизни так и на треке 33 Пусть исполняются мечты и покоряются все вершины 33 Стремись к победам и все обязательно получится 33 ВЕРИМ И БОЛЕЕМ ЗА ТЕБЯ 33 Speetokenoid HappyBtokenoid,3,colloquial,Разговорный
Предзаказ на Бестиарий к Pathftokenoid Второй редакции в разгаре В Бестиарии вас ждут Более 400 существ готовых бросить вызов вашим героям 360 страниц информации разложенной по полочкам Более 300 красочных иллюстраций Набор из 375 картонных фигурок монстров И все это по самой выгодной цене 33 Кроме этого все участники предзаказа получат брошюру с приключением Matokenoid. А если удастся достигнуть второй сверхцели то еще и игровое поле к нему. Выход Бестиария запланирован на август этого года. Pathftokenoid PF2 RPG НРИ,3,colloquial,Разговорный
tokenoid Секреты работы из койот хафгарда от Мики Гальвао,3,colloquial,Разговорный
Барселона рискует второй год подряд оказаться в Лиге Европы,3,colloquial,Разговорный
WSBK Икер Лекуона из Team HRC выиграл Stokenoid каталонского этапа Wortokenoid Хотя в Каталонию сегодня утром пришли дожди квалификация Stokenoid 8 го этапа Wortokenoid Stokenoid прошла на сухом хотя и прохладном асфальте. Свою первую победу в квалификации Wortokenoid одержал представитель заводской команды Hontokenoid Икер Лекуона 33 Лекуона лидировал в комбинированном протоколе Wortokenoid с утра пятницы став первым испанцем кому удалось найти по настоящему хороший темп на Ctokenoid tokenoid Bartokenoid Catatokenoid. С 2020 года когда Dorna привела Супербайк на эту трассу здесь доминировали в основном британские гонщики. Но Лекуона обошел напарников по Kawasaki Ratokenoid Team Алекса Лоуса и Джонатана Рэя на Stokenoid тогда как Альваро Баутиста из Artokenoid. tokenoid Ratokenoid Dtokenoid стартует со второй линии в месте с Локателли и Герлоффом. Ctokenoid tokenoid Bartokenoid Catatokenoid в Монтмело известен на весь мир благодаря MotoGP и Гран При Каталонии. Но с 2020 года он также принимает Wortokenoid Stokenoid. Изначально план Dorna был таким Гран При Каталонии должно было плавно покинуть календарь MotoGP а Супербайк занять это место для баланса загрузки. . . Но план пока не работает и в пригороде Барселоны проводятся оба чемпионата. Топрак Разгатлиоглу из заводской PATA Yamaha стартует в субботней гонке с 8 й позиции вместе с Акселем Бассани и напарником Лекуоны по Team HRC Чави Виехой.,3,colloquial,Разговорный
Президент Олимпийского комитета России ОКР Станислав Поздняков заявил о коренном разломе олимпийского движения на фоне ситуации с отстранением российских и белорусских спортсменов.,3,colloquial,Разговорный
MotoGP Миллер Переднее колесо Маркеса прилетело мне прямо в спину После сильного старта с восьмого места и борьбы с напарником за место в ТОП 3 Джек Миллер перешел в режим экономии резины чтобы попробовать побороться за победу в финальной части домашней гонки. Но гонка закончилась для него наихудшим возможным образом образом – заводского пилота Dtokenoid торпедировал в 4 м повороте Алекс Маркес на 9 м круге из 27. По иронии судьбы именно этот поворот назвали в честь Миллера всего пару дней назад. JM43 Не на такой день я рассчитывал это точно. Но что есть то есть. Я провел сильный старт несколько раз пытался обойти Баньяйю по внутренней траектории но он очень хотел лидировать и я решил перейти в режим ожидания сменив карту двигателя. А потом в 4 м повороте в Повороте Миллера мне прилетело переднее колесо прям в середину спины. Ничего не мог с этим поделать. Одно мгновение и я уже не в гонке а считаю звезды. Весь в синяках но серьезных травм вроде посчастливилось избежать. Миллер потерял математические шансы на завоевание чемпионства но он постарается побороться за третье место с Алейшем Эспаргаро от которого сейчас отстает на 27 очков. Если бы не сход задача была бы гораздо легче,3,colloquial,Разговорный
Глава коллектива Jatokenoid Chan DC Ratokenoid Дэвид Ченг объявил что в следующем году впервые после начала пандемии они вернутся в автогонки на выносливость. Команда выставит один или два прототипа в следующем сезоне американского чемпионата спорткаров. IWSC DCRatokenoid JotaSport,3,colloquial,Разговорный
Полная послематчевая пресс конференция Даниила Медведева tokentokenoid,3,colloquial,Разговорный
Стали известны участники финала Гран при среди юниоров в мужском одиночном катании ⤵,3,colloquial,Разговорный
Как и предсказывали ранее некоторые болельщики Пилот дня. И думаю возражений ни у кого не будет. Единственный кто мог бы еще претендовать на это звание это Льюис но у него не было столь сложного прорыва сквозь весь пелетон.,3,colloquial,Разговорный
Константина Коленкина и его избранницу Татьяну поздравляем с днем бракосочетания 33 Совет да любовь 33 Будьте счастливы 33 Speetokenoid,3,colloquial,Разговорный
Ожидается что эта форма Миннесоты станет комплектом Ctokenoid Etokenoid в новом сезоне Кандидат на худшую джерси года? фотоtokentokenoid,3,colloquial,Разговорный
БАЗОВАЯ ТЕХНИКА ДАЙТО РЮ Иппондори сложнейшая базовая техника из Дайто рю Айкидзюдзюцу. Подписывайтесь чтобы следить за обновлениями 33,3,colloquial,Разговорный
Моргенштерн обратился к Twtokenoid Дайте мне мое имя я в Дотку хочу играть Twtokenoid это обращение к вам. У вас по любому есть русские сотрудники которые переведут вам эти сторис. Я хотел начать стримить на вашей платформе уже больше месяца назад. Но мне не дают мое имя. Мы скинули вам официально зарегистрированный товарный знак мою фамилию в паспорте я Моргенштерн. Но вы не даете мне мое имя. Какой то стримит под моей фамилией и вам окей. Что за? Дайте мне мое имя я в Дотку хочу играть. Хотели бы увидеть моргена в стриминге? моргенштерн MORGENSHTERN tokenoid twtokenoid,3,colloquial,Разговорный
Лучшие моменты квалификации 33 Сильверстоун 2022. 7 минут.,3,colloquial,Разговорный
Рафаэль Надаль вернулся к тренировкам после своей травмы мышц живота photostokentokenoid Natokenoid,3,colloquial,Разговорный
Как то великий педиатр Нил Филатов ‍ стал чаще обычного задерживаться на работе. Жена уже не знала что и думать. К счастью причина задержек быстро выяснилась и врач покаялся. Я уходил уже осмотрев больного и вижу сидит гимназист и сам с собою партию в шахматы играет. А ну ка говорю поставь фигуры я с тобой сыграю. Думаю обыграю его в несколько минут да и пойду. А он мне мат закатил. На другой день опять мат. Я на третий день уже не мимоходом играю а нарочно приехал раньше играю изо всей силы а он мне опять шах и мат. И на четвертый день все шах и мат. Гимназист этот был будущий чемпион мира Александр Алехин.,3,colloquial,Разговорный
Мы понимаем что сейчас у нас сложное время но это уже полная ж па. Мало того что идет мобилизация на которую забирают все кого только можно так бедные старики которые хотели спокойную жизнь тоже должны идти воевать только не понятно зачем и за кого 33 Наше государство хочет что бы пенсионеры отдали еще какие то лишние деньги только не понятно где они у нас могут у нас взяться на СВО. Мы хотим жить в нормальной стране где уважают стариков а не бросают под танки 33,3,colloquial,Разговорный
Клопп о матче с Наполи Я не боюсь а жду с нетерпением. Это одна из лучших команд Европы сейчас они могут выйти в финал,3,colloquial,Разговорный
Они вероятно думают идет сам Бог Сегодня Петтер Нортуг принял участие в 50 километровом марафоне BLINK Ctokenoid. Нынешняя физическая форма лыжного короля позволила ему уверенно держаться в основной группе более 40 километров и даже выходить вперед. Отметку в 26 километров Нортуг пересек первым. А еще – Петтер ускорился и выиграл второй промежуточный спринт на отметке чуть более 40 километров. Вот тут гонку можно было и заканчивать 33 Это безумие 33 Петтер Нортуг долгое время отсутствовал. А теперь он лидирует и выигрывает последний спринт воскликнул комментатор NRK Торгейр Бьерн. Сразу после этого великий шоумен остановился и откатился за спины других лыжников. Думаю это последнее что у него было. Вряд ли он пересечет финиш первым добавил Бьерн. Пелотон начал рваться лидерство в марафоне на себя взяли Макс Новак Симен Крюгер Эндрю Масгрейв. И на отметке 47 5 километров Петтер уже шел 47 м отдыхаючи. Финишировал Нортуг в приятной компании с лучшими дамами этого марафона и занял 48 ю строчку в протоколе с отставанием 2 58. 5. Тройка лидеров среди мужчин Макс Новак Эндрю Масгрейв Магнус Вестерхейм. Они вероятно думают идет сам Бог отходи здесь нет никаких шансов. Им должно быть тяжело но все так и есть – мир не очень сильно изменился за последние годы приводит фирменную послегоночную шутку Нортуга издание Aftenposten. Результаты BLINK Ctokenoid можно посмотреть по сивидате Спринт Нортуга в небольшом видео,3,colloquial,Разговорный
Рейтинг лист на 1 июля 2022 года. Ян Непомнящий входит в ТОП 3,3,colloquial,Разговорный
Главный матч года Обсуждаем под этим постом Мы с тобой Новак,3,colloquial,Разговорный
Коллеги 33 Напоминаем 33 ‼У вас остался один день чтобы удалить фотографии из вас ваших проектов на портале там где их более 5 Все фотографии удалены не будут но если какие то дороги вашему сердцу советуем сохранить себе их отдельно. Мы не можем гарантировать что при удалении не затронутся хорошие фотографии а остануться плохого качества поэтому не прозрачно намекаем вас заняться этим заранее Если возникли вопросы пишите их в комментариях.,3,colloquial,Разговорный
Поздравляем Анну Большунову с днем рождения 33 25 Надеемся что муж сделает подарок на этих выходных,3,colloquial,Разговорный
Клиент МТС? Тогда хватит переплачивать 33 Переходи на тариф Персональный с безлимитным интернетом раздачей минутами по РФ и самой низкой ценой. . . Вся информация в нашем телеграм Выбирай свое наполнение и заказывай,3,colloquial,Разговорный
Сборная Польши обыграла команду Греции в матче группового этапа командного турнира ATP Ctokenoid. В первом матче поляк Камил Майхржак взял верх над греком Михаилом Перволаракисом 6 1 6 4. Второе очко команде Польши принес Хуберт Гуркач который одолел грека Аристотелиса Танос﻿а 6 1 6 2. Таким образом счет в противостоянии Польши и Греции стал 2 0. Парный матч уже не сможет повлиять на его результат.,3,colloquial,Разговорный
11 марта на платформе Netftokenoid состоится премьера четвертого сезона сериала Drtokenoid to Stokenoid рассказывающего о закулисье Формулы 1. В новом сезоне проекта мы не увидим действующего чемпиона мира Макс Ферстаппен. Голландец отказался от съемок и осенью прошлого года раскритиковал сериал. Изменил ли он мнение с тех пор? Нет я не собираюсь менять мнение. Мне этот сериал не понравился с первого сезона. Лично мне при просмотре нужны факты а не хайп. Я конечно понимаю что Netftokenoid делают то что должны – зрителям нравятся такие документальные сериалы или как там это называется. Но это вообще не мое. Посмотрю наверное мельком новый сезон но мое мнение не изменится – приводит слова Ферстаппена издание Grantokenoid.,3,colloquial,Разговорный
Алексей OverDrtokenoid Бирюков высказался о командах из СНГ Надеюсь что все команды из СНГ сохранят свои составы. Неважно под нормальным названием или нет главное чтобы все играли своими пятерками. Киберспорт всегда был чем то особенным где люди с разными национальностями религиями и политическими взглядами играли вместе 33,3,colloquial,Разговорный
Сначала выигрываем а под конец матча сливаем. Могем умеем практикуем,3,colloquial,Разговорный
Мотоспорт. BSBK. 2022. Brantokenoid. Гонка 2 Ltokenoid НАЧАЛО ПРЯМОЙ ТРАНСЛЯЦИИ 24. 07. 2022 В 15. 15 MSK Трансляция доступна по ссылке Канал 2 Запись трансляции онлайн и скачать на MEGA. NZ Комментатор Сергей Сухоруков,3,colloquial,Разговорный
Журналист anontokenoid 20 организаций прошли в следующий этап рассмотрения на попадание в партнерскую лигу.,3,colloquial,Разговорный
Владимир Крикунов Димка Квартальнов был хорошим игроком а его команды роботы какие то Один из самых авторитетных российских хоккейных тренеров Владимир Крикунов не раз возглавлявший Ак Барс и Нефтехимик в интервью спортивной редакции Татар информа поделился мнением о ситуации в КХЛ и причинах провала Дмитрия Квартальнова в Ак Барсе.,3,colloquial,Разговорный
Карточки игроков Гранд Финалов PMGC уже доступны 33 Проверяйте детали ивента и забирайте свои карты Следите за будущими турнирами PUBG MOBILE на нашем официальном Yotokenoid канале PUBGMOBILE PMGC PMGC2021 NEXTTOGLORY,3,colloquial,Разговорный
Локомотив заинтересован в приобретении у московского Динамо вратаря Ивана Бочарова.,3,colloquial,Разговорный
ПСЖ хочет приобрести Роналду Чемпион Франции ПСЖ заинтересован в услугах 37 летнего английского нападающего Манчестер Юнайтед Криштиану Роналду пишет tokentokenoid Парижский клуб может осуществить трансфер в январе. Ранее сообщалось что Манчестер Юнайтед расторгнет контракт с нападающим сборной Португалии. Причиной стало скандальное интервью португальца. Роналду обвинил манкунианский клуб в предательстве. Действующий контракт португальца с Манчестер Юнайтед рассчитан до конца этого сезона. В текущем чемпионате Англии Роналду провел 10 матчей забил 1 гол. Футбол Foottokenoid Гол Gol ПСЖ хочет приобрести Роналду,3,colloquial,Разговорный
Если онлайн не отображается у вас в приложении Автоспорт установите пожалуйста флагманское приложение tokentokenoid tokenoid Antokenoid или перейдите на сайт в браузере.,3,colloquial,Разговорный
Фергюсон назвал место Хабиба в истории ММА Тони Фергюсон пару дней назад заявивший о готовности пожать руку Хабибу Нурмагомедову и оставить конфликт с несостоявшимся соперником позади не верит в то что россиянин действительно примет участие в телепроекте The Utokenoid Ftokenoid если им поступит соответствующее предложение от UFC. Величайший в уклонении от настоящего боя – вот в чем он лучший всех времен. Если я приму предложение UFC тренировать против толстяка на TUF я более чем уверен что он не объявится как и на UFC 249 написал американец в соцсетях. При этом бывший чемпион UFC в легком весе в интервью ESPN подтвердил готовность участвовать в съемках TUF. Честно говоря мне нравится эта идея заявил непобежденный российский боец. Сейчас в UFC осталось на так много больших звезд и если мы с Тони будем тренировать на TUF они смогут создать хороший контент Напомним что поединок Нурмагомедова и Фергюсона срывался пять раз – по два раза с боя снимался каждый из бойцов а последняя попытка свести их в октагоне сорвалась из за пандемии коронавируса.,3,colloquial,Разговорный
Долгожданный видеоролик уже на канале. Жду обратную связь 33,3,colloquial,Разговорный
За кроссовками в Баскетбольный магазин Ghetto Basket Shop Консультация tokenoidtokenoid Стрельский,3,colloquial,Разговорный
Осенние СКИДКИ УЖЕ В РАЗГАРЕ 33 33 33 Оригинальный перкуссионный пистолет массажер фирмы Xtokenoid Ytokenoid Pro Bastokenoid. Поставка от официального дилера Xtokenoid в России. Сегодня скидка 40 от первоначальной цены Бесплатная доставка по России Защита покупателя от Atokenoid Кейс в комплекте 4 насадки Металлический корпус. Успей сделать заказ по Выгодной цене 33 33 33,3,colloquial,Разговорный
tokenoid agtokenoid немного опухшая холли которая только что проснулась БОЖЕ МОЙ ХОЛЛИ Я СКУЧАЛА. А ТЕПЕРЬ ВПЩЕ СЕЛКУ В СТУДИЮ,3,colloquial,Разговорный
Первенство Самарской области по гонкам на гаревой дорожке в классе 80 см3. Принимают участие гонщики 12 15 лет. 10 августа 18 00. СТК им. Анатолия Степанова. Вопросы по тел. 28 02 87,3,colloquial,Разговорный
Фабрицио Романо Криштиану не думает покидать Юнайтед даже если клуб не попадет в следующий розыгрыш Лиги Чемпионов.,3,colloquial,Разговорный
️Месси заинтересовал Интер Майами. Клуб МЛС верит что Лео перейдет к ним стороны общаются несколько лет. ️ Из всех вариантов продолжения карьеры аргентинца включая продление контракта с парижанами и возвращение в Барселону опция трансфера в клуб из Майами развита сильнее остальных.,3,colloquial,Разговорный
стартует чемпионат Мира по шахматам Фишера. Состав участников 1. Магнус Карлсен 2. Уэсли Со 3. Ян Непомнящий 4. Хикару Накамура 5. Хьйервар Стейн Гретарссон 6. Владимир Федосеев 7. Маттиас Блюбаум 8. Нодирбек Абдусатторов Контроль времени 25 минут на 30 ходов плюс 5 минут до конца партии с добавлением 5 секунд на каждый ход начиная с 31 го. Общий призовой фонд составляет 400 тысяч долларов.,3,colloquial,Разговорный
Второй круг турнира ATP 500 в Лондоне Эмиль Руусувуори Джек Дрейпер 6 2 7 6 2 Следующий соперник победитель матча Бублик Чилич,3,colloquial,Разговорный
ВНИМАНИЕ АУКЦИОНЪ 110 Начальная ставка 100 руб. минимальный шаг 100 руб. победить досрочно 3000 руб. Сразу 4 книги из библиотеки Клуба OSB отправятся победителю 1 Методическое руководство Валерия Шитова Бокс для начинающих 2 Биография Джо Луиса Нокаут за рингом Владимира Чуднова 3 Повесть Мишка Серега и я Н. Зелеранского и Б. Ларина 4 Рассказы о славном кулачном прошлом России И были схватки боевые Михаила Лукашева. Условия аукциона OSB Каждый последующий игрок перебивает ставку в комментариях пока не победит. Закрытие торгов 11 августа в 21 00 Мск. . Важно Не флудить и делать только обдуманную ставку 33 За шуточную победную ставку и срыв торгов вечный бан в OSB 33 Победитель вносит средства в Фонд будущих проектов и исследований Клуба Otokenoid Stokenoid Boxers и получает выигранный лот по почте вечный доступ в наш большой PDF Архив о боксе в качестве бонуса. По правилам аукционов сделанная за минуту до окончания торгов ставка в 20 59 автоматически продлит аукцион еще на 5 минут до 21 05 33 Удачи друзья 33,3,colloquial,Разговорный
Проигрываем лидерам Спартакиады. Продолжаем подготовку и притирку Впереди еще два матча в Одинцово.,3,colloquial,Разговорный
Коллеги была тут тема кто то на передние дуги упоры ног делал отзовитесь. Или ссыль дайте. Хочу исполнить подобное,3,colloquial,Разговорный
Тренер сборной России по лыжным гонкам Юрий Бородавко прокомментировал новость о том что немецкий производитель перчаток Ktokenoid разорвал контракт с Александром Большуновым. Причиной прекращения сотрудничества стало участие лыжника в митинге концерте Za мир без нацизма 33 Za Россию 33 Za президента 33 в Лужниках. Давайте не будем нагнетать обстановку. Придет время и все вопросы будут решены. Это не тот случай чтобы вынести это на всеобщее обсуждение. Есть уверенность что с экипировкой у Саши все будет нормально – сказал Бородавко.,3,colloquial,Разговорный
Не переживайте из за вазы и своего резюме. Приходите работать в Тинькофф берем без опыта.,3,colloquial,Разговорный
Htokenoid Max Ratokenoid поменяет Джона Макфи в Moto3 Htokenoid Max Ratokenoid не стала продлевать контракт Джону Макфи в Moto3 команда Макса Бьяджи и ее менеджер Питер Ёттль выбрали другого пилота на сезон 2023 года.,3,colloquial,Разговорный
Начинаем борьбу за Кубок Петрова Первым соперником на пути к главному трофею Высшей хоккейной лиги станет казанский Барс. Победа в Кубке Шелкового пути обеспечила Югре первый номер посева на весь розыгрыш Кубка Петрова. В прошлом сезоне команда Вадима Епанчинцева набрала 84 очка с отрывом от второго места в 9 баллов а в этом году – 85 и конкуренция стала гораздо выше. У СКА Невы ставшей второй отставание от лидера всего на два очка. В 52 матчах регулярного чемпионата Барс набрал 57 очков заняв 16 место в итоговой таблице. Казанцы уступили Зауралью и Нефтянику по дополнительным показателям у которых в активе тоже 57 очков. Югра стала второй командой регулярки по качеству обороны пропустив лишь 105 шайб лучшая защита в лиге пропустила 103 гола – Динамо СПб. Забросив 175 голов югорчане стали пятым коллективом в ВХЛ. Любопытно что и по результативности и по пропущенным шайбам казанцы также показали 16 результат в лиге – 126 голов в атаке 141 голевая ошибка в обороне. В последних восьми матчах гладкого чемпионата Барс сумел заработать только одно очко. Мамонты же победной поступью прошли последние 17 игр повторив клубный рекорд по победам подряд. Очный матч в Ханты Мансийске завершился уверенной викторией Югры со счетом 4 1 а встреча в Казани осталась за барсами хотя и успех хозяев был достигнут только в серии послематчевых бросков со счетом 2 1. Ждем классного старта борьбы за Кубок Петрова. Начало игры в 19 00.,3,colloquial,Разговорный
60 дней Плюса Мульти в подарок по промокоду MYMUSIC 33 Если у вас когда то была подписка Плюс для вас он тоже сработает. Получите тысячи треков аудиокниги и топовые рекомендации которые подойдут именно вам 33,3,colloquial,Разговорный
Бронни Джеймс подпишет контракт с Ntokenoid Бронни Джеймс сын суперзвезды Лос Анджелес Лейкерс Леброна Джеймса является одним из пяти баскетболистов средней школы и колледжа подписавших соглашения с Ntokenoid. Ntokenoid объявят сделку с Бронни в понедельник Они позволяют спортсменам зарабатывать деньги не ставя под угрозу их право на участие в студенческой лиге. PROБаскет Леброн ntokenoid ntokenoid,3,colloquial,Разговорный
1 4 финала Кубка Петрова СКА Нева Торос второй матч Санкт Петербург Хоккейный город 13 марта 17 00,3,colloquial,Разговорный
MotoGP JapaneseGP Мотеги слава и боль Dtokenoid или как выиграть Гран При и упустить титул Решающий день уикенда Гран При Японии прошел по совершенно иному сценарию нежели планировалось в субботу сухое теплое и солнечное воскресенье внесло коррективы в картину битвы за Большой Приз Мотеги цели и задачи лидеров MotoGP радикально изменились.,3,colloquial,Разговорный
Красиво ж Запасаемся теплой одеждой заранее покупаем билеты и бронируем жилье Ждем жаркое окончание года в Новом Уренгое ВФВ,3,colloquial,Разговорный
Александр Поветкин Надеюсь что Усик будет королем супертяжелого веса,3,colloquial,Разговорный
️ Крис Пол говорит что решение НБА о наказании совладельца Санз Роберта Сарвера Не оправдало ожиданий Звездный разыгрывающий Финикс Санз Крис Пол поделился своими мыслями об управляющем партнере Роберте Сарвере и как ветеран считает что ему должно было грозить более суровое наказание чем годичная дисквалификация и штраф в размере 10 миллионов долларов. Пол написал в Твиттере что по его мнению наказание лиги не оправдало ожиданий PROБаскет tokenoid NBA,3,colloquial,Разговорный
️Заявление Шлеменко о военной операции на Украине Я как русский человек не могу остаться в стороне. Я поддерживаю наших ребят. Я понимаю прекрасно к чему это все ведет и они там реально выполняют свой долг за наше будущее. За что им большая поддержка от нас лично. Мир больше никогда не будет таким как прежде. Настало время определиться с кем вы и кто вы. С русским вы народом с Россией или же нет. Я для себя выбор сделал давно – я русский человек и я за будущее нашей страны. Вот реакция некоторых пользователей У кого остаются сомнения что их несправедливо дисквалифицируют? Шлеменко красавчик все правильно Депутатство все ближе Так поезжай туда чего балаболить то? Шлеменко не авторитет с какой стати доверять его мнению и призывам? Уверен что он даже АК 47 в руках не держал понятия не имеет о боевой тревоге армейском уставе. Занимайся своими боями россияне не глупее тебя сами примут решения как им быть и с кем быть. А ты бей грушу и не возникай.,3,colloquial,Разговорный
5 этап Формула 1. Гран при Майами. Гонка Кoмментатoры Алeкtokenoid Попoв и Haтaлья Фaбpичновa,3,colloquial,Разговорный
10 ноября во всем мире отмечается День качества – но у SMP Ratokenoid есть полное право говорить об этом важном моменте ежедневно. Ежедневно – так как мы с максимальной самоотдачей относимся ко всем своим проектам. Ведь чем тщательнее мы будем подходить к организации соревнований созданию гоночных машин и обучению младших поколений – тем лучше будет решаться наша главная задача. Развитие российского автоспорта. При этом нельзя не отметить вклад партнеров топливный бренд G Drtokenoid от tokentokenoid помимо предоставления высокотехнологичного топлива активно способствует популяризации автоспорта поддерживая крупнейшие события в отрасли. Так и получается качественный рост SMPRatokenoid,3,colloquial,Разговорный
Малогабаритное и компактное СПОРТИВНОЕ ОБОРУДОВАНИЕ ДЛЯ КВАРТИР И ДОМОВ спортивные и игровые площадки по ценам от производителя. Дешевле не найдете 33 Возможно добавлять или убирать любой элемент спортивного оборудования из набора по вашему усмотрению Индивидуальный подход к каждому клиенту исходя из его потребностей и возможностей Доставка по России от 3 дней как Почтой России так и транспортными компаниями 33 Гарантия на оборудование 2 года С нашим оборудованием и видеообзором Вы можете ознакомиться на странице нашего магазина КАЧАЙТЕЛО по ссылке Смотрите выбирайте заказывайте 33 Мы всегда рады видеть Вас в числе наших клиентов 33 ПОДПИСЫВАЙТЕСЬ НА НАС 33 МЫ КАЖДЫЙ ДЕНЬ ПУБЛИКУЕМ МАССУ ИНТЕРЕСНОГО 1. ПУБЛИКАЦИИ НАШИХ ДОВОЛЬНЫХ КЛИЕНТОВ 2. МЕТОДИКУ ЭФФЕКТИВНЫХ УПРАЖНЕНИЙ НА НАШИХ ТРЕНАЖОРАХ 3. ВЫГОДНЫЕ ДЛЯ ВАС АКЦИИ 33,3,colloquial,Разговорный
Кросби повторил достижение Горди Хоу 34 летний канадский форвард Питтсбург Пингвинз Сидни Кросби в матче регулярного чемпионата НХЛ с Нью Йорк Рейнджерс 3 2 покорил отметку в 70 25 45 очков в нынешнем сезоне отметившись заброшенной шайбой. На это опытному нападающему понадобилось 56 матчей текущего сезона. Как отмечает пресс служба НХЛ Кросби гарантированно завершит регулярный чемпионат с показателем не менее очка за встречу Питтсбургу осталось провести 14 матчей. Канадец добился этого результата в 17 й раз за карьеру. Благодаря этому он вышел на второе место и сравнялся с Горди Хоу по количеству подобных сезонов. Больше лишь у Уэйна Гретцки который набирал в среднем не менее очка за матч на протяжении 19 сезонов. Всего за карьеру в НХЛ Кросби провел 1095 матчей в которых набрал 1395 511 884 очков при коэффициенте полезности 195 и 723 минутах штрафного времени. Его 12 летний контракт на общую сумму 036 104 4 млн 036 8 7 млн за сезон истекает по окончании сезона 2024 2025.,3,colloquial,Разговорный
Попов не ответил на предложение ЦСКА стать тренером в системе клуба,3,colloquial,Разговорный
Игровой день на Кубке молодежной лиги завершился победой нашей молодежи над командой Новосибирска 3 2. Классное начало 33 Сапожков – просто монстр 36 очков ️,3,colloquial,Разговорный
NEW Эти гладкие и сливочно вкусные волны Инстаграм Конора МакГрегора. ConorMtokenoid MMA UFC Спорт Зима Январь UFCVegas46 UFC270 Москва ProperTwetokenoid,3,colloquial,Разговорный
К ЦЕЛИ ЛЮБОЙ ЦЕНОЙ История одного челенджа от Доминика Фихтенбауэра ради выполнения которого ему пришлось открутить железный отбойник.,3,colloquial,Разговорный
Да да это все вам. Бесплатная карта с бесплатной доставкой и бесплатными переводами через СБП. Да еще и с кэшбэком до 10 000 ₽ каждый месяц. Оформите за 5 минут доставим на дом,3,colloquial,Разговорный
Игра Batttokenoid Вторжение Кланов доступна для предзаказа Этот набор открывает доступ к новым могущественным фракциям и мехам расширяет игровые возможности и предлагает принять участие в конфликте галактических масштабов который сотрясет все миры Внутренней Сферы. В набор также входят пять миниатюр культовых омнимехов Эддер Монгрел Нова Экзекутор и Тимбер Вулф. В коробке есть все компоненты чтобы проводить сражения между кланами. Для полноценных битв с мехами Внутренней Сферы понадобится базовый набор Batttokenoid Новинка Hotokenoid Batttokenoid,3,colloquial,Разговорный
Утвержденная программа на чемпионат Свердловской области 25 26 января в Луче и стартовые на первый день. Также забеги и расписание доступны на сайте онлайн результатов,3,colloquial,Разговорный
Почему Ttokenoid Btokenoid? Рассказываем о преимуществах карты Решили оформить? Переходите по ссылке,3,colloquial,Разговорный
Уважаемое Сообщество 33 Мне все чаще приходится отвечать на гневные выпады людей типа это ерунда консултировать по связи типа это ни к чему хорошему не приведет отсюда логичный вопрос к вам это так? если да то мне придется это прекратить для всех предлагаю оставить свое слово в голосовалке. Всем Добра 33,3,colloquial,Разговорный
Оптимистическая 22 Ковид не вечно длится 33 Весна не за горами 33 33 33 Чтоб вместе веселиться Летая вместе с вами 33 33 33 Чтоб стар и млад все в поле 33 33 33 И все на самолеты 33 33 33 И ни чего чтоб боле 33 Забудем про заботы. . . . . Забудем про короны Про санкции раздоры. . . Про пенсии зарплаты. . . И прочие заборы. . . . . . . . . . . Про все что жить мешает На время позабудем 33 Пока модель летает Мы счастливы все будем 33 33 33 Ну а потом споем мы 33 Прям сразу после водки 33 33 33 Все песни нам родные 33 33 33 И с привкусом селедки 33 33 33 Которой мы закусим И с жирными руками Мы обниматься будем 33 33 33 Без масок вместе с вами 33 33 33,3,colloquial,Разговорный
Друзья близится первый уикенд нашего масштабного события 33,3,colloquial,Разговорный
Как помочь гильдии в развитии а также никогда не пропускать новые публикации? Все просто 33 Нажать на кнопочку рекомендовать а также Включить уведомления на наши новые записи А еще у нас есть Телеграмм на него тоже стоит подписаться Таким образом вы поможете нам в поиске единомышленников а также никогда не пропустите актуальные новости 33,3,colloquial,Разговорный
Винсент Крихмайр сделал дубль на финале Кубка мира в Куршевеле Австриец выиграл супергигант после спуска во французском Куршевеле с результатом 1 09 43. Крихмайр на 0 53 секунды опередил победителя общего зачета Кубка мира Марко Одерматта соотечественник которого Джино Кавизель 0 75 занял третье место.,3,colloquial,Разговорный
Мы понимаем что день за днем копится негатив. Зенит СПб обратился к болельщикам Петербургский Зенит после серии поражений в своих социальных сетях обратился к болельщикам. Напомним что команда Туомаса Саммелвуо проиграла четыре матча подряд с одинаковым счетом 2 3 – в Лиге чемпионов Берлину дважды а также Динамо ЛО и Локомотиву в чемпионате России. В последнее время Зенит попал в полосу тяжелого кризиса травмы вспышка ковида череда обидных поражений из которой мы кажется вот вот вырвемся но каждый раз не хватает буквально шага до победы. Мы понимаем что в таких условиях день за днем копится негатив у всех кому не безразличен наш волейбольный клуб. Мы понимаем и то что наши проблемы вызывают непреодолимое желание поделиться максимально саркастическими комментариями у всех кто нашему проекту никогда не симпатизировал. Мир спорта вообще устроен так что жизнь в нем не может состоять из одних побед а это значит что там где будут поражения будет и неоднозначная реакция на них со стороны публики. Все это неизбежно – говорится в сообщении клуба. Зенит призвал болельщиков держать себя в руках поскольку волна негатива в соцсетях перерастает в поток агрессивной брани обильно обогащенной нецензурной лексикой. Клуб напомнил что социальными сетями пользуется и дети Неужели это то чем мы хотим обогатить их мир? . Клуб попросил болельщиков соблюдать правила вежливости пригрозив беспощадной модерацией или полным закрытием комментариев. 23 февраля Зенит в гостях сыграет матч чемпионата России с московским Динамо. RUSCMtokentokenoid,3,colloquial,Разговорный
Краткий и шуточный пересказ Муму в мультике за 3 минуты 33 В одном городе жила барыня старая страшная и очень противная у которой было одно развлечение издеваться над слугами. . . Это проект Мультиратура от студии анимации Мультограм Мы за чтение и популяризацию литературы 33 Смотри скорее наш веселый мульт⤵,3,colloquial,Разговорный
Tetokenoid В настоящее время в социальных сетях широко распространяется заявление премьер министра этой страны Скотта Моррисона сделанное всего за день до того как Новак Джокович должен был приземлиться в Мельбурне. Он заявил что решение выпустить его на территорию Австралии было принято правительством штата Виктория. Это вопрос к правительству штата Виктория они предоставили ему исключение для приезда в Австралию. Мы будем действовать в соответствии с этим решением вот как это работает. Федеральные штаты дают разрешения на этой основе никаких изменений нет так было последние два года. Правительство штата Виктория приняло такое решение поэтому к ним следует обратиться за проделанной работой сказал Скотт Моррисон. Это был премьер министр Австралии за день до того как Джоковича остановили в аэропорту. Кстати именно федеральное правительство должно принимать окончательное решение о выпуске граждан на территорию страны поэтому непонятно как премьер министр Австралии не был проинструктирован выпущенным в ноябре сводом правил согласно которому невакцинированным людям доступ будет закрыт,3,colloquial,Разговорный
WEC IWSC Немного внутренней кухни тестов Porstokenoid LMDh Новинка немецкого производителя была испытана в Барселоне Арагоне Спа и Вайсахе. За рулем успели побывать Дэйн Кэмерон Фелипе Наср Фред Маковеки Лоренс Вантор и Андре Лоттерер. Уже проведенные тестовые программы включали в себя Сухие и дождевые тесты для шинников из Mtokenoid Обкатку единого гибридного узла Поиск рабочих окон и сбор огромного количества данных – шесть рядов инженеров из Европы и Америки у каждого по несколько мониторов. В Porstokenoid Penske Motorsport готовятся расширить тестовую программу этим летом – 80 тестового времени планируется проводить в США. В Вайсахе уже строится второе шасси для отправки на базу в Мурсвилле Северная Каролина. При этом американское подразделение команды занимающее четверть всей инфраструктуры Penske Team продолжает расширяться. К июню планируется как минимум удвоить число персонала до 30 человек. В коллектив уже привлечены специалисты с опытом в Atokenoid DPi и Intokenoid. Европейское же подразделение обзаведется новой мастерской американского типа на базе дилерского центра Porstokenoid в Мангейме которым Penske владеет с 2008 года. В штате уже работают спецы из DTM Ctokenoid One и бывшие сотрудники Joest.,3,colloquial,Разговорный
Спартакиада в Челябинске 25 28 августа Онлайн результаты Программа на 27 августа время уральское 9. 00 командная ходьба 35 км финал М Ж 12. 30 начало трансляции 10. 30 мск 12. 30 ходьба 20 км финал М Ж 16. 00 начало трансляции 14. 00 мск 16. 00 диск финал М 16. 05 400с б финал М 16. 15 шест финал М 16. 40 400с б финал Ж 17. 00 ядро финал М 17. 15 800м финал М 17. 20 высота финал Ж 17. 30 копье финал Ж 17. 35 4х100м финал Ж 17. 55 4х100м финал М 18. 15 800м финал Ж 18. 35 4х400м смешанная М Ж Ссылка на трансляцию всех дней,3,colloquial,Разговорный
Первенство г. Москвы среди юношей и девушек младший возраст 2022 28 января пятница 13 00 – 15 40 – Девочки младший возраст Произвольная программа Маргарита Базылюк 4 разминка 21 стартовый номер Пожелаем Рите гладкого льда шикарных прокатов и удачи 33 Онлайн табло Трансляция Mostokenoid,3,colloquial,Разговорный
КОГДА НОВОЕ ВИДЕО Все чаще читаем комменты на канале и в группе Когда новое видео? . Значит докладываем 33 На данный момент идут параллельные съемки целых двух видео по стрелковой теме. Основное это большое видео про поправки при стрельбе. Вот оно немного подвисло из за моей сломанной машины. Без нее как без рук. А когда я могу найти людей с машиной не всегда может второй человек который появляется в кадре. В общем не получается всех со всеми состыковать. Поэтому видео про поправки немного подвисло. Ну и блин морозы пошли и некоторые сцены вообще уже не получится снять так как планировалось. Увы и ах. Его съемка продолжится сразу как бибика вернется из ремонта. И есть еще одно видео про коллиматорные прицелы. Не про ту хрень когда люди сидя на диване сравнивают что лучше Hotokenoid или Atokenoid а про то что делать если он попал тебе в руки и ты хочешь его грамотно использовать. Потому что спрос на коллиматорные прицелы растет но мы с удивлением нет обнаружили что многие думают что если ты поставил коллиматор то попадать с ним всегда будешь туда куда навел красную точку. Поэтому посчитали нужным снять и про это. Этот сюжет готов на 90 но выйдет он только после выхода основного. Поэтому можно сказать что подвис и он тоже. Вам дорогие зрители остается только ждать. Больше порадовать нечем. Ну кроме того что посмотрите какая будет красивая картинка.,3,colloquial,Разговорный
Защита должна быть по возможности экономной. В защите должно участвовать ровно столько фигур сколько необходимо остальные же силы должны быть использованы для проведения контратаки. Эмануил Ласкер цитатышахматы,3,colloquial,Разговорный
4х2Mtokenoid 1 С. В игре. Игроки Лиги пробивают двойные блоки. Фото Марина Курилина. 22. 01. 2022. nvtokenoid,3,colloquial,Разговорный
Если я проиграю я уйду и не буду жалеть об этом Потому что я знаю что сделал все что мог.,3,colloquial,Разговорный
️Сборная сезона ЮФЛ 1 33 ️ Зенитовская диаспора в лице Юрия Коледина Кирилла Столбова и Никиты Лузана больше всех на протяжении чемпионата включались в символические сборные тура по 8️⃣ раз Кто заслужил звание лучшего? Проголосуем в телеге? к учету принимаются голоса подписчиков tokentokenoid,3,colloquial,Разговорный
MotoGP Квартараро Выжимаю из себя и мотоцикла все соки но этого недостаточно Ред Булл Ринг – не лучшая трасса для Yamaha это известно всем. Трек полон сильными торможениями и разгонами с низкой скорости – идеальное место для того чтобы раскрыть слабые стороны мотоцикла из Иваты. И все же один YZR M1 завтра будет стартовать с относительно неплохой позиции – Фабио Квартараро постарается минимизировать потери в предстоящей гонке стартуя с 5 го места. FQ20 Пятница прошла отлично. Суббота прошла тоже неплохо но мы не улучшились в то время как наши соперники заметно прибавили. Сложно добиться прогресса – я атакую на пределе выжимаю из себя и мотоцикла все соки но этого недостаточно. Не удовлетворен квалификационным результатом но чувствую что выложился на 100. В квалификации в каждом повороте не знаю даже смогу ли закончить круг или окажусь в гравии. В 2020 и 2021 годах у нас был больше запас в этом плане. С каждой гонкой становится сложнее в каждой сессии я нахожусь в окружении Dtokenoid. Важно будет провести хороший старт и первый круг. Важно как можно лучше сберечь резину и тогда посмотрим что произойдет.,3,colloquial,Разговорный
Привет 33 Интересуешься историей или хочешь пополнить знания интересными фактами? Тогда переходи по ссылке ️ ️ ️ ️,3,colloquial,Разговорный
Как вы относитесь к нововведению? Как получить Fan ID? И за что могут отказать? Регистрируйся по ссылке поделись своим мнением,3,colloquial,Разговорный
Братва набейте всем заявкам ниже более сотни лайков и мы продолжаем их публикацию Давайте поддержим всех участников 33 PowerTorrBatttokenoid,3,colloquial,Разговорный
Интересный факт В США насчитывается почти 12 тысяч частных оружейных компаний. Причем большинство из них производит собственные инженерные решения которые применяются на известных стрелковых платформах AR AK и других. Совокупная прибыль этих компаний за 2013й год составила 12 3 млрд долларов.,3,colloquial,Разговорный
Если почувствуешь себя неудачником то посмотри как я не смог убить чела с одним хп UPD я в него попал просто мистика пабга решила не зарегать урон. . .,3,colloquial,Разговорный
Гюнтер Штайнер Haas отказалась от узких боковых понтонов в стиле Mertokenoid Руководитель Haas Гюнтер Штайнер рассказал что американская команда могла последовать примеру Mertokenoid. На предсезонных тестах в Бахрейне действующие обладатели Кубка конструкторов удивили гоночное сообщество экстремально узкими боковыми понтонами. По словам Штайнера такая конструкция действительно дает определенное преимущество. Мы рассматривали возможность использования такой концепции. Летом прошлого года мы изучали ее в аэродинамической трубе и уже тогда обнаружили что она дает преимущество в медленных поворотах. Но в то же время мы поняли что потенциал широких понтонов выше – приводит слова Штайнера издание Atokenoid Motor tokenoid Sport.,3,colloquial,Разговорный
КОГДА НОВОЕ ВИДЕО Все чаще читаем комменты на канале и в группе Когда новое видео? . Значит докладываем 33 На данный момент идут параллельные съемки целых двух видео по стрелковой теме. Основное это большое видео про поправки при стрельбе. Вот оно немного подвисло из за моей сломанной машины. Без нее как без рук. А когда я могу найти людей с машиной не всегда может второй человек который появляется в кадре. В общем не получается всех со всеми состыковать. Поэтому видео про поправки немного подвисло. Ну и блин морозы пошли и некоторые сцены вообще уже не получится снять так как планировалось. Увы и ах. Его съемка продолжится сразу как бибика вернется из ремонта. И есть еще одно видео про коллиматорные прицелы. Не про ту хрень когда люди сидя на диване сравнивают что лучше Hotokenoid или Atokenoid а про то что делать если он попал тебе в руки и ты хочешь его грамотно использовать. Потому что спрос на коллиматорные прицелы растет но мы с удивлением нет обнаружили что многие думают что если ты поставил коллиматор то попадать с ним всегда будешь туда куда навел красную точку. Поэтому посчитали нужным снять и про это. Этот сюжет готов на 90 но выйдет он только после выхода основного. Поэтому можно сказать что подвис и он тоже. Вам дорогие зрители остается только ждать. Больше порадовать нечем. Ну кроме того что посмотрите какая будет красивая картинка.,3,colloquial,Разговорный
Систематические силовые тренировки увеличивают объем и силу мышечных волокон. Кроме того они укрепляют связки и кости. Укрепляя связочный аппарат вы значительно сокращаете риск получить травму. Используя в своем тренировочном процессе базовый комплекс силовых упражнений уже через пару месяцев вы почувствуете как ваше тело стало сильнее и заметите что ваш личный рекорд на той или иной дистанции становится выше. Бегуну не нужна большая мышечная масса поэтому лучшим вариантом тренировки мышц будет выполнение упражнений со своим собственным весом не используя дополнительную нагрузку. За долгие годы развития легкой атлетики специалистами было разработано большое количество специальных упражнений направленных на увеличение результативности тренировок укрепление мышц и связок. rtokenoid силовая силоваятренировка легкаяАтлетика ла спорт зож бег забег фитнес,3,colloquial,Разговорный
Пашицкий тренируется с польским Гданьском при действующем контракте с Зенитом СПб Российский блокирующий Зенита СПб Дмитрий Пашицкий который ранее взял отпуск за свой счет тренируется с Гданьском. Накануне игрок появился на пресс конференции в цветах этого польского клуба. К сожалению добиться мирного расторжения контракта Дмитрия с российским клубом не удалось. Пашицкий разорвал контракт с Санкт Петербургом но для того чтобы он смог выступать в другой стране необходимо согласие Всероссийской федерации волейбола – заявил президент польского клуба Дариуш Гадомский. – ВФВ не хочет выдавать такое согласие поэтому в такой ситуации должна вмешаться Международная федерация волейбола FIVB. Мы прилагаем все усилия чтобы урегулировать формальности с FIVB не позднее завтрашнего дня и представить Дмитрия как игрока чемпионата Польши. Я очень надеюсь что в этом необычном случае мы можем рассчитывать на эффективные действия FIVB. 5 марта Зенит СПб сообщил что Пашицкий вышел в бессрочный отпуск за свой счет. Это было связано с событиями на Украине – у волейболиста родственники в Киеве и он тяжело переживал происходящее. Последние две недели были для меня как американские горки. Сначала я принял решение уехать из России очень боялся за свою семью которая была в Киеве. Потом поступило предложение из Гданьска. Когда мне удалось забрать своих близких в Польшу начать тренироваться с командой возникли сложности с возможностью моего перехода. Я надеюсь что все закончится положительно – заявил Пашицкий на пресс конференции. Петербургский Зенит удивлен происходящим. Мы удивлены тем фактом что Дмитрий во первых появляется на пресс конференции и на тренировках в экипировке другого волейбольного клуба во вторых из уст представителей этого клуба звучат слова о том что контракт Пашицкого с Зенитом уже разорван. Это не соответствует действительности – сообщил российский клуб. Уроженец Киева Пашицкий выступал в России с 2017 года а в августе 2020 года получил российский паспорт. Три сезона он провел в составе Кузбасса 2017 2020 которому помог завоевать чемпионский титул после чего перешел в Зенит. Поддержите сообщество tokentokenoid Сайт tokentokenoid Tetokenoid tokentokenoid Волейбольный чат Вконтакте tokentokenoid Tetokenoid tokentokenoid Tetokenoid каналы клубов tokentokenoid Спонсор сообщества tokentokenoid Волейбол Votokenoid ПляжныйВолейбол Пляжка НовостиВолейбола KeepTheBatokenoid ДержиМячВИгре ВолейболСМИ Первоисточник Волейбол Votokenoid,3,colloquial,Разговорный
Француженки выиграли Евролигу Французские волейболистки после победы над Чехией в трех сетах 25 22 27 25 и 25 14 дома в Орлеане завоевали свой первый титул в женской Евролиге и первую крупную международную победу в истории французской женской сборной. Хозяйки остались непобежденными в турнире 2022 года и доминировали во всех аспектах встречи за золотую медаль. Люсиль Жикель капитан сборной Франции и самый ценный игрок турнира набрала рекордные 20 очков включая 4 эйса. Леандра Олинга Андела поставила 4 результативных блока. Таким образом француженки прошли квалификацию на Кубок претендентов 2022 года. Женский этап пройдет в Задаре Хорватия победители которого перейдут в Лигу наций 2023.,3,colloquial,Разговорный
Кирьяков ЦСКА выглядит более опасным преследователем Зенита чем Динамо Главный тренер футбольного клуба Ленинградец Сергей Кирьяков оценил ситуацию в чемпионате страны перед его возобновлением. Игры 23 го тура РПЛ начнутся 1 апреля после паузы на матчи сборных. ЦСКА в рамках тура 3 апреля сыграет дома с Уралом. В ближайшую пятницу возобновляется чемпионат России в котором остается сыграть 8 туров. Это уже финишная прямая или все в борьбе за чемпионство еще может измениться? Не скажу что это последние метры скорее прямая средней дистанции. При этом что касается лидера чемпионата Зенита ему надо просто не терять концентрацию. И тогда он вряд ли потеряет то преимущество в 5 очков перед ближайшим преследователем которое у него сейчас есть. У петербуржцев все для этого имеется и вопрос с иностранцами выглядит намного лучше чем у остальных. Главный преследователь Зенита по прежнему Динамо или уже скорее набравший ход ЦСКА? Зенит сам себе соперник. Если не выдумает каких то проблем вряд ли кто то сможет его остановить. Да в ближайшем туре у лидера матч с Сочи которому в первом круге Зенит проиграл дома но вряд ли он упустит свое на Фиште. Что касается прямых конкурентов то ЦСКА пожалуй действительно выглядит опаснее поскольку весной все выигрывает. В Динамо тоже все неплохо но оно бывает теряет очки немного не хватает серьезной стабильности. Поэтому и говорю что отрыв в пять очков позволяет Зениту чувствовать себя достаточно уверенно.,3,colloquial,Разговорный
Прощение довольно эгоистичная вещь. Оно делает лучше того кто прощает. Но ничему не учит прощеного.,3,colloquial,Разговорный
Kawasaki Ratokenoid Team MXGP впервые представила Кими Райкконена в заводских цветах Звезда Формулы 1 и WRC Снеговик Кими Райкконен приступил к работе в чемпионате мира по мотокроссу в роли директора заводской команды Kawasaki Ratokenoid Team MXGP. Команда представила официальную фотосессию перед стартом 1 го этапа MXGP MX2 в Mattertokenoid Basstokenoid.,3,colloquial,Разговорный
Карлос Алькарас Гарфия с трофеем турнира в Рио де Жанейро.,3,colloquial,Разговорный
Люди помогите 33 Что делать если гайка на траках сама по себе откручивается?,3,colloquial,Разговорный
Всех с победой. Go Wtokenoid Go 33 33 33 Даллас – Миннесота – 2 3 0 1 1 1 1 0 0 1 0 1 – 3 Фиала Болди Годро 1 1 – 27 Робертсон Павелски Хинтц 1 2 – 32 Фиала Годро 2 2 – 42 Робертсон Хейсканен Хинтц 2 3 – 62 Годро Фиала Флери Вратари Уэджвуд 24 27 – Флери 34 36.,3,colloquial,Разговорный
УГО УМБЕР ЧЕМПИОН ЧЕЛЛЕНДЖЕРА В РЕННЕ В финале домашнего турнира француз переиграл Доминика Тима со счетом 6 3 6 0. Еще и баранку повесил 33 tokentokenoid,3,colloquial,Разговорный
Мля посоны. . . не пойму. . . . Это Оливейра или просто похожий челик на него? Помогите разгадать эту загадку от Фрески.,3,colloquial,Разговорный
Бежать с волками ох непросто. . . Стая крутая ребята сильные и выносливые надо им соответствовать. А трасса в 50 км 33 ‍ ️ Стартовали на набережной в Дивногорске под дождем в снежной каше ноги тонули по щиколотку. Мчали в сторону ГЭС там через мост по грязной дороге. Лучше стало когда затяжной подъем повел нас лесными тропами преодолеть которые в принципе можно только зимой летом тут непролазная тайга речки да бурелом. Зато дождь сменился снежной крупой а грязь под ногами узкой тропинкой с сугробами в которые ноги проваливались по самое не хочу. И так км 10 силового бега. После спуска с хребта следовал подъем на следующий. И о счастье для равнинной пантеры 33 в основном подъемы были не слишком крутыми. Но все равно я шла их пешком нагоняя время на спусках и плоских участках. Все было норм я бодро шла вторая забегала на КП где поили горячим бульоном в таких условиях просто амброзия пища богов. Добрые волонтеры наполняли водой гидратор предлагали сладости колбасу сало отличная подпитка для скайраннера. С вершин открывались красивые виды заснеженных полей лесов и скал. Приключения начались в Удачном на 33 км я незаметно сошла с трека и вместо того чтоб бежать по тропе между гор полезла на вершину 33 Поплатилась за это драгоценным временем и напрасно затраченными силами на подъем и спуск. В этот момент пропустила вперед несколько человек Когда поняла ошибку приуныла но возвращаться было поздно оставалось бежать до пересечения с основной трассой. Силы почти покинули меня я все чаще пила съела батончик и гель в надежде на восстановление. . . Впереди маячила Гремячая Грива. Я тащилась еле еле. Не знала что финиш взбодрит меня настоящей борьбой за третье место. Она развернулась перед самым створом. На фото видно как мы гнали. Такие моменты это накал страстей и куча эмоций но уже через минуту недавние соперники обнимались как лучшие друзья. В этот раз я оказалась быстрее всего на секунду. спасибоноги делисьбегом Это был tokentokenoid. wtokenoid kwtf бег rtokenoid rtokenoid tokenoid tokenoid tratokenoid sky skyrtokenoid,3,colloquial,Разговорный
Официально Андрей Талалаев уволен из Ахмата За 9 туров в РПЛ случилось 7 тренерских отставок это рекорд,3,colloquial,Разговорный
Новые образы наших любимых чемпионок Телеграм кружочки от Анюты. Tetokenoid Anna Shtokenoid,3,colloquial,Разговорный
Техническая запись первого матча финальной серии итальянской Суперлиги Перуджа Лубе Чивитанова,3,colloquial,Разговорный
Наш 19 летний защитник Антон Ефремов вызван в молодежную сборную РФ футбол вильярреал россия,3,colloquial,Разговорный
Чумавой динамический перф от ультрас Салернитаны которые показали на своей трибуне мини фильм охвативший всю историю клуба – с момента создания в 1919 году и до наших дней.,3,colloquial,Разговорный
Совсем немного осталось до начала матча с УНИКСом 33 Посмотреть игру можно на телеканале Qazsport а также на официальных сайтах клуба и Единой Лиги ВТБ.,3,colloquial,Разговорный
Новак уже имеет необходимые документы для выигрыша суда и это может быть раньше понедельника. Джокович может проиграть только если судья будет политически предвзятым Один из самых информированных сербских теннисных журналистов надеется что суд вынесет решение в пользу Новака. У него есть достоверная инсайдерская информация что у Джоковича есть действительные документы 33 Конечно если судья независим от политики 33,3,colloquial,Разговорный
В Туле Наталья Малых приносит победу в первом сете команде Саратовской области в матче против республики Татарстан ️ 1 0 25 14 СпартакиадаСильнейших,3,colloquial,Разговорный
Рекордсмены команды по количеству трехочковых за сезон. У Десмонда в этом сезоне 141 треха т. е. он железобетонно в десятке. Сможет преодолеть отметку в 202 точных трехочковых броска?,3,colloquial,Разговорный
Два пилота Ferrari выйдут на старт гонки в Монреале на машинах которые заметно отличаются между собой. И дело вовсе не в раскраске.,3,colloquial,Разговорный
39 Великие дела ждут этого парня в будущем. Удачи завтра в финале Спасибо огромное Мадрид MMOPEN 39,3,colloquial,Разговорный
Это уточка по имени Вринкл и она бежит Нью Йоркский марафон 33 И да у нее специальные ботиночки 33 Позитива и отличных вам забегов друзья 33 rtokenoid. . . . . . . бег спорт зож rtokenoid parkrtokenoid марафон марафонец мотивацияБег забег,3,colloquial,Разговорный
Кто отгадает какой скин спрятан? Пишите ответы в комментариях 33 Подсказку найдете на сайте,3,colloquial,Разговорный
Поздравляем наших любимых настольщиков с праздником защитников Отечества 33 Желаем вам крепкого здоровья для бесконечных настольных баталий безграничной радости от побед и настолок до потолка 33 поздравления Hotokenoid,3,colloquial,Разговорный
Канело Бивол Реакция Майка Тайсона бурные эмоции Ковалева Ftokenoid,3,colloquial,Разговорный
Формула 1 устроит в Мадриде уникальную выставку В марте следующего года Формула 1 откроет в столице Испании свою первую официальную выставку которая будет работать в мадридском комплексе IFEMA до середины июля 2023 го. Уникальная интерактивная экспозиция полностью посвящена Формуле 1 истории чемпионата его командам легендарным гонщикам и другим известным личностям мира автоспорта там будут представлены самые разные экспонаты часть из которых публика увидит впервые. В качестве партнера и продюсера Формула 1 выбрала американскую компанию Rotokenoid Room Ltokenoid одного из мировых лидеров в области выставочного бизнеса. Экспозиция будет размещена в шести специально оборудованных залах оформленных лучшими дизайнерами и художниками. Предполагается что по ходу 90 минутной экскурсии посетители с помощью современных аудиовизуальных технологий буквально погрузятся в мир Формулы 1 и это станет незабываемым опытом. Стефано Доменикали президент и исполнительный директор Формулы 1 Открытие этой впечатляющей выставки станет важным моментом в истории нашего спорта. Его развитие продолжается стремительными темпами и для нас важно чтобы болельщики всегда были в максимальной степени информированы о том что мы делаем. Открытие такой выставки мирового уровня позволит большему числу болельщиков со всего мира полюбить Формулу 1 а для нас она станет идеальной платформой позволяющей отдать должное невероятной истории чемпионата. Я хотел бы поблагодарить всех кто внес свой вклад в этот проект и помог создать экспозицию которая станет отражением сердца и души нашего любимого спорта. Уже заработал официальный сайт F1 Exhtokenoid и на нем можно оформить предварительный заказ на билеты продажа которых начнется в конце ноября.,3,colloquial,Разговорный
Акция на бустеры Магии заканчивается завтра 33 Отдаем четыре бустера разных выпусков Magtokenoid The Gathertokenoid по цене трех Успей до 20 ноября Magtokenoid Акция Hotokenoid,3,colloquial,Разговорный
Завершить карьеру в 25 лет я думаю это действительно говорит о том как наш спорт расширяет возможности женщин Я думаю это так здорово что можно завершить карьеру в 25 лет. В какой другой профессии вы могли бы сделать это? Их не так уж много. Я думаю что это невероятно для нашего вида спорта. ️ Даниель Коллинс об Эш Барти,3,colloquial,Разговорный
Всем привет еще в задний редуктор либо хвостовик Может у кого есть на продажу или знаете где купить,3,colloquial,Разговорный
В этом году интрига мощная 1 10 места разделяют всего 3 очка Такого никогда не было. . .,3,colloquial,Разговорный
Рассказываем где пройдет первый в истории СНЕЖНЫЙ КОМУС ФЕСТ 33 Данные для навигатора 43. 656378 40. 323765 Адрес Роза Хутор Горная Олимпийская деревня 1100м. Как добраться? Из Сочи электричкой Ласточка до горнолыжного курорта Роза Хутор Из Краснодара или Ростова на Дону на поезде Для любителей рейсовых автобусов расписание и маршруты Есть такси. Заметьте не частники 33 Стоимость от аэропорта 1400 2500 рублей И вот вы на конечной станции Роза Хутор 33 Дорога до подъемника Олимпия займет 2 минуты далее поднимаетесь до Горной Олимпийской деревни 1100 и вы на месте. komtokenoid,3,colloquial,Разговорный
Матч HvS против SN делиться ничьей 33 ‍ Каждая команда забирает по одному очку в свою копилку 33,3,colloquial,Разговорный
kezntokenoid Я получил предложения как из NA так и из EU.,3,colloquial,Разговорный
Уже теплеет это радует А вы когда открываете или закрываете сезон?,3,colloquial,Разговорный
Будущий чемпион или то чувство когда осваиваешь СБУ rtokenoid rtokenoid rtokenoid rtokenoid бег сбу бегдети легкаяатлетика ла,3,colloquial,Разговорный
ребята скиньтесь пожалуйста мне 60 евро на маркерную доску буду крайне благодарен контакты дам в лс паблика,3,colloquial,Разговорный
У вас есть 036 15 на то чтобы построить североамериканскую команду мечты кого вы возьмете?,3,colloquial,Разговорный
Сегодня день рождения празднует прекрасная волейболистка Светлана Гатина. Поздравляем желаем счастья 33,3,colloquial,Разговорный
Любите и уважайте своих тренеров ведь это они научили нас не сдаваться,3,colloquial,Разговорный
Интервью Евгении Тарасовой и Владимира Морозова сайту Sport24 после показательных выступлений на Олимпиаде Олимпиада окончена. Есть что сказать болельщикам? Евгения Огромное спасибо. Владимир И огромное спасибо тем кто поддерживал нас на протяжении всей карьеры. Даже в моменты когда у нас были черные полосы. Поэтому сейчас просто хочется передать привет нашим самым преданным болельщикам. Успели как то осмыслить что вчера произошло? Владимир Осознание придет попозже когда будем лететь домой в самолете улыбается. Наше выступление закончилось не так давно и сегодня мы снова на льду. Не спали практически всю ночь читали всю ночь поздравления никак не могли успокоиться и отойти от пережитого. Толком даже не отдохнули. И сегодня наконец то мы закончили свои выступления здесь 33 Все официальные части позади. Наконец то можно выдохнуть и понять что с нами здесь случилось. Сколько часов удалось поспать? Владимир Один смеется. Эмоций на Олимпиаде было много но есть ли какое то чувство которое сейчас преобладает? Евгения Конечно радость. Радость главное слово которым бы вы описали Олимпиаду для себя? Владимир Одного слова здесь будет мало улыбается. Скажу так мы в нужное время в нужном месте сделали то что хотели. Это для нас самое главное. Вчера вы довольно неоднозначно ответили на вопрос о продолжении карьеры. Попробую поставить его по другому от чего зависит останетесь вы в спорте или нет? Евгения Во первых нужно приехать домой передохнуть и переварить то что с нами здесь случилось. И уже принимать решение. А вообще нужно сначала закончить этот сезон 33 Владимир Да нужно закончить сезон. А вопрос этот довольно сложный. Все зависит от многих факторов. Здесь вопрос не только в желании хочу не хочу. Есть много вещей которые скрыты от болельщиков. Будем взвешивать все эти факты и принимать решение.,3,colloquial,Разговорный
ДАНИИЛ МЕДВЕДЕВ ВЫШЕЛ В ЧЕТВЕРТЬФИНАЛ ТУРНИРА В ГАЛЛЕ В матче 2 го круга Terry Wortmann Open россиянин Даниил Медведев обыграл белоруса Илью Ивашка в двух сетах за 1 час 38 минут 7 6 4 6 3 ️ БРАВО,3,colloquial,Разговорный
Спидвей в программе Страна смотрит спорт. Итоги года. 31 декабря 2021 года. МАТЧ 33 CТРАНА Speetokenoid,3,colloquial,Разговорный
Матч уже идет Кубок Испании. 1 2 финала. Райо Вальекано Бетис 1 1,3,colloquial,Разговорный
Ожидается что Расселл Уэстбрук примет участие в тренировочном мини лагере Леброна Джеймса.,3,colloquial,Разговорный
Ранее стало известно что Криш в шаге от переезда в Рому Моуринью,3,colloquial,Разговорный
Здравствуйте. Появилось подозрение на подсос воздуха на патрубках заслонок буста. Искал на Али предлогают только те что под карбюраторы. Подскажите где можно найти их? Может у кого есть? Готов приобрести за адекватный ценник. На схеме эта деталь под номером 4.,3,colloquial,Разговорный
Лыжная сборная перед Олимпиадой 2018 Будучи совсем неопытными отправились на соревнования без каких либо особенных надежд и ожиданий. . . вместо тех наших сильных и максимально готовых. Как сегодня изменилась ситуация в преддверии Игр 2022 в Пекине? Надежды и ожидания от Андрея Романова МатчТВ,3,colloquial,Разговорный
Играем в новую игру Костер с Beznatokenoid Игра для приятных вечерних посиделок. Вы гномы живущие неподалеку от опустевших городов которым нужно вернуть свет. Для этого предстоит найти Хранительниц света способных вернуть пламя Костров. Готовы рассеять тьму? Осветите города Обзор Hotokenoid Видео Hotokenoid Костер,3,colloquial,Разговорный
Праздничные дни закончились и пора возвращаться к CS GO. Первым интересным турниром станет третий сезон лиги академок от WePtokenoid на котором выступит обновленный состав NAVI Jtokenoid. Давайте наблюдать и болеть за наших парней 33,3,colloquial,Разговорный
Мы сегодня отдыхаем и предвкушаем завтрашние полуфинальные матчи А пока посмотрим обзор вчерашней огненной встречи между Локо и Зенитом yotokenoid. tokenoid tokenoid FD6mRNU ФиналШести,3,colloquial,Разговорный
Адвокат – о приезде Родмана в Россию Если Грайнер не помогли даже публичные заявления Байдена то что говорить о каком то баскетболисте пусть и легендарном Адвокат специалист по гражданскому и международному праву Мария Ярмуш считает что приезд пятикратного чемпиона НБА Денниса Родмана в Россию не поможет американской баскетболистке Бриттни Грайнер осужденной на девять лет колонии за контрабанду и хранение наркотиков. Это способно помочь исключительно Родману поскольку для него это будет колоссальный пиар. Данная мотивация просматривается невооруженным глазом. Наверняка вместе с ним прилетит толпа американских журналистов чтобы все это зафиксировать. Грайнер же его приезд вероятно никак не поможет. Ей на руку могло сыграть признание вины что она и сделала. Россиянам сейчас крайне сложно получить визы США поэтому не исключен и обратный процесс. Наконец даже если он найдет возможность въехать не факт что попадет в здание суда. Пусть процесс над баскетболисткой открытый могут действовать коронавирусные ограничения по количеству человек в зале. Попытка давления на российские власти Деннисом Родманом неприемлема тем более решение принимает только суд. Апелляционная инстанция в ближайшее время проверит материалы дела и оценит насколько приговор соответствует букве закона и все ли смягчающие обстоятельства были учтены. Возможно ей даже снизят срок заключения под стражей. Апелляция для этого и существует. Но если Грайнер не помогли даже публичные заявления президента США Джо Байдена то что говорить о каком то баскетболисте пусть и легендарном? – сказала адвокат. Ранее Родман заявил что планирует отправиться в Россию чтобы попытаться освободить Бриттни Грайнер. В течение последнего десятилетия Родман неоднократно посещал КНДР встречаясь с руководителем государства Ким Чен Ыном. Прославленный баскетболист приписывает себе помощь в освобождении Кеннета Бэя который являлся политическим заключенным в Северной Корее. В 2014 году Родман посетил Москву. Во время визита он называл президента России Владимира Путина крутым. Центровая екатеринбургского УГМК Финикса и сборной США Бриттни Грайнер приговорена российским судом к 9 годам тюремного заключения общего режима а также оштрафована на 1 миллион рублей за контрабанду гашишного масла. Защита американки подала апелляционную жалобу на приговор. Вашингтон предложил Москве обменять Виктора Бута на Грайнер и осужденного за шпионаж Пола Уилана.,3,colloquial,Разговорный
БИАТЛОН У Ханны Оберг тоже коронавирус Похоже биатлонисты неплохо отметили конец сезона.,3,colloquial,Разговорный
Настало время узнать результаты сразу двух розыгрышей 33 Добраться до Токио можно быстрее чем вы думали. Открываем коробку и попадаем в замес из отсылок к японской поп культуре. Такая настолка скоро отправится к победителю розыгрыша Коле Солодову Ярко фиолетовые чемоданы собирает и Баклажаба. Она между прочим выучила все буквы и теперь готова покорить мир. Ее новый дом у победительницы tokenoidtokenoid Амоненко Поздравляем победителей с выигрышем 33 Напишите нам в сообщения группы куда отправить приз,3,colloquial,Разговорный
14. 03. 2022 01 00 мск Орландо Филадельфия 14. 03. 2022 02 00 мск Новый Орлеан Хьюстон 14. 03. 2022 02 00 мск Атланта Индиана 14. 03. 2022 02 00 мск Оклахома Мемфис 14. 03. 2022 04 00 мск Финикс Лейкерс Напоминаем в случае если Вы не нашли доступ то нужный материал всегда найдете у нас в телеграме Приобрести джерси НБА,3,colloquial,Разговорный
Чемпионат России по автозвуку и тюнингу АМТ 2022 Челябинск ТРК Горки Вход свободный,3,colloquial,Разговорный
Нейт Диаз говорит что UFC не разрешит ему драться с Чендлером Луке Тони и Порье. Они берегут их от него. Блин ну я бы глянул в полусреднем бой Диаза и Тони весть октагон залили бы кровью Нейта,3,colloquial,Разговорный
Хоккейный клуб Лада произвел обмен с новокузнецким Металлургом в результате которого тольяттинский клуб получил спортивные права на защитника Николая Глухова. А Новокузнецк права на защитника Владислава Наумова. Защитник Глухов в сезоне 2021 22 выступал за Металлург. В 47 матчах регулярного чемпионата он набрал 13 4 9 очков. В 4 матчах плей офф результативными баллами не отметился.,3,colloquial,Разговорный
КАСАТКИНА БЕЗ ПРОБЛЕМ СТАРТОВАЛА В БАД ХОМБУРГЕ Россиянка Дарья Касаткина вышла во второй круг турнира в Бад Хомбурге обыграв немку Андрею Петкович 6 1 6 2. Далее россиянка сразится либо с Клэр Лью либо с Юли Нимайер. newstokentokenoid Kasatktokenoid,3,colloquial,Разговорный
По трансферам нон лиги 19 летний центральный защитник ФК Глиб Д9 Нико Лоуренс ушел в 18 месячную аренду в Саутгемптон B. В детстве и юности прошел через академии Фулхэма и Кристал Пэлас. Уимборн Таун Д7 подписал до конца сезона флангового защитника Тарика Гидари из Борнмута. Ему тоже 19 лет. Прошел развитие в Тоттенхэме и Норвиче. В Борнмуте с сезона 2019 20. 26 летний форвард Том Пирс отправляется за нераскрытую плату из Олтрингема в Керзон Эштон в Северную Национальную Лигу. Его бывшие клубы ФК Юнайтед оф Манчестер Телфорд Юнайтед Хеднесфорд Таун Честер. 21 летний вингер Луи Уолш переходит из Саутенда в Барнет.,3,colloquial,Разговорный
Продам Укажите что вы продаете Японские Фальшфейера Опишите свой товар Японские фальшфееры горят 5 6 минут даже с истекшим сроком годности не подведут. При покупке от 5 штук скидка. Местонахождение Колпино Наличие пересыла. При наличии пересыла без ID на фото не публикуем Есть Цена 300 tokenoid,3,colloquial,Разговорный
Олды должны помнить этот заразительный смех Кстати если заметили какую то подобную отсылку в стикерах то не стесняйтесь писать в ЛС админу или в комментариях.,3,colloquial,Разговорный
﻿ Запад не стесняясь формирует альтернативную реальность по лекалам Оруэлла Запад всерьез заточился против России. Наша страна ему как кость в горле а раз так то Украина вставшая в авангарде антироссийских сил – это хорошая и правильная сторона. . . ️Чтобы убедить в этом население собственных стран Запад на полную мощь задействовал пропагандистскую машину. Да еще как задействовал 33 Картины которые рисует западная пропаганда настолько виртуальны и оторваны от реальности что невольно вспоминаешь роман антиутопию Оруэлла 1984. 25 октября 2022 американский конгрессмен Джейми Раскин выступил в поддержку украинской борьбы за национальный суверенитет демократию и свободу. Это выступление яркий пример погружения людей в альтернативную реальность. В новом выпуске передачи Политота и не только Павел Расинский подробно разбирает этот яркий образчик западной пропаганды показывая как путем лжи умолчания неудобных фактов выпячивания мнимых достоинств и прочих манипуляций мир происходит формирование альтернативной реальности не имеющей никакого отношения к жизни. ️Чтобы побеждать России нужно прорывать информационную блокаду. Для этого нужно разрушать альтернативную реальность и показывать западному зрителю настоящую правду. . . Россия СМИ ИнформационнаяВойна Политота ПавелРасинский Оруэлл Война Украина Запад,3,colloquial,Разговорный
Надежда 2 на выезде 33 Сегодня и завтра играем в Чебоксарах в рамках высшей лиги Чемпионата России 33 Наш соперник ЧГУ Атланта Начало встречи 7 ноября в 20. 00 8 ноября в 19. 30 33 время оренбургское 33 Трансляция доступна на сайте РФБ 7 ноября 8 ноября,3,colloquial,Разговорный
Артем Анисимов Хороший открытый хоккей встречались две татарстанские команды. Начали неплохо матч но две грубые ошибки защитников перевели игру в 0 2. И уже не смогли забить ни одного гола что привело к поражению. Соперника – с победой.,3,colloquial,Разговорный
В Подмосковье мать и тетя жестоко избили шестилетнюю девочку и попали на видео,3,colloquial,Разговорный
Киберспортивная организация OG объявила о подписании LDN UTD. Состав LDN UTD существует с октября прошлого года и успел хорошо себя показать но команда стала не полной и чтобы укомплектовать состав подписали hype как игрока и Bamtokenoid на пост ассистента. Первым турниром для команды станет VCT Stage 2 EMEA Chatokenoid и выступать они будут под тегом OG LDN UTD Состав MOLSI feqew hype Boo Destrtokenoid JoYnt тренер Bamtokenoid ассистент VALORANT,3,colloquial,Разговорный
Волейболистки Динамо Ак Барса выиграли молодежную лигу Казанская команда по итогам двухкругового турнира в финальной шестерке одержала 9 побед в 10 матчах. В регулярном чемпионате молодежка Динамо Ак Барса выиграла 25 из 26 матчей. С сезона 2019 20 до 9 января 2022 года с командой работал Андрей Подкопаев после чего пошел на повышение возглавив Тулицу которая сейчас идет на третьем месте в суперлиге. Новым тренером казанской молодежки стала Инесса Коркмаз ранее входившая в тренерский штаб главной команды. При ней Динамо Ак Барс УОР в третий раз в истории стал победителем молодежной лиги 2017 2020 2022. Восьмой сезон подряд казанская команда завершила сезон на пьедестале. Молодежная лига проводится с сезона 2011 12. Шесть раз чемпионом была Уралочка 2013 2015 2016 2018 2019 также в турнире побеждали Протон 2015 и Минчанка 2021. Свои лучшие достижения в этом году повторили Метар и Заречье. Челябинская команда взяла серебро как в 2012 году а подмосковные волейболистки завоевали бронзу как в 2013 году. Также в финальной шестерке сыграли Тулица Ленинградка и Минчанка. Самым ценным игроком финального турнира признана диагональная и капитан Динамо Ак Барс Елизавета Павлова. Символическая сборная финального турнира Молодежной лиги 2022 MVP Елизавета Павлова Динамо Ак Барс. Связующая Алина Рубцова Ленинградка. Диагональная Анастасия Тимофеева Тулица. Доигровщицы Камилла Реброва Динамо Ак Барс Анна Багрянцева Динамо Метар. Блокирующие Полина Юникова Динамо Ак Барс Елизавета Пальшина Заречье. Либеро Дарья Железко Заречье. Поддержите сообщество tokentokenoid Сайт tokentokenoid Tetokenoid tokentokenoid Волейбольный чат Вконтакте tokentokenoid Tetokenoid tokentokenoid Tetokenoid каналы клубов tokentokenoid Спонсор сообщества tokentokenoid Волейбол Votokenoid ПляжныйВолейбол Пляжка НовостиВолейбола KeepTheBatokenoid ДержиМячВИгре ВолейболСМИ Первоисточник Волейбол Votokenoid,3,colloquial,Разговорный
Я рад и благодарен что судья отменил аннулирование моей визы. Несмотря на все произошедшее я хочу остаться и соревноваться на Atokenoid Open. Остаюсь сосредоточен на этом. Я летел сюда чтобы сыграть на одном из самых важных турниров перед невероятными фанатами. Сейчас я не могу сказать больше но СПАСИБО всем за то что были со мной прошли через все это и вдохновляли меня оставаться сильным. Новак Джокович в своем Instagram,3,colloquial,Разговорный
news LampPost hortokenoid Sttokenoid ПОГНАЛИ 33 Первое видео посвящено новой коробке которая выйдет в июне,3,colloquial,Разговорный
Высоченный блок в исполнении Елизаветы Кочуриной и Полины Матвеевой СпартакиадаСильнейших,3,colloquial,Разговорный
Вы пробовали когда нибудь сделать совместную фотографию которая понравится всем участникам? Тогда вы наверняка знаете насколько это может быть непросто Кто то хочет стоять рядом со столом поближе к еде. А кто то увидел корги и теперь не хочет отходить от него весь вечер В Идеальном кадре вы попадете на светский прием в роли фотографа. У каждого игрока будет ширма стол с едой картонные фигурки гостей. И одна общая цель сделать такой кадр чтобы набрать как можно больше очков Приятный бонус 33 При покупке вы получаете еще 9 промо карт которые можно добавить в игру Предзаказ уже можно сделать на сайте Цена 2 990 руб.,3,colloquial,Разговорный
ПРЕДЛОЖКА Сауль Альварес Дмитрий Бивол Прогноз на бой 221 Как обмануть судей?,3,colloquial,Разговорный
️Александр Жулин в интервью Sport24 Не было никаких предпосылок. Будет ли новый партнер у Жени Медведевой не знаю. Сам был вчера очень удивлен. Не думаю что Милохин вернется. Раз он сделал такое заявление думаю оно было взвешенным. Какие могут быть причины покинуть проект? Значит ему стало неинтересно. Он своеобразный парень захотелось ушел. У него свое видение. Может ему было недостаточно интересно участвовать или финансовый вопрос. Какой Даня Милохин как спортсмен? Это тяжелый труд. Не скажу что он плохо работал как раз наоборот очень хорошо. Как спортсмен он выдерживал нагрузки. Мне было с ним легко работать. Даня мне понравился. Я о нем здорово свое мнение поменял думал он конченый но оказался приличным парнем. Жалко что ушел. Потому что легкий парень мог бы и выиграть. Кто может стать партнером Медведевой? Я много кого вижу рядом с Женей но они все не могут. Многие кто снимался с проекта. Уже обзвонили кандидатам и спрашивали. Тяжело будет найти партнера честно скажу.,3,colloquial,Разговорный
Доброеутро КрасотыРоссии Пятигорск. Гора Машук. poztokenoid FSTop,3,colloquial,Разговорный
Жаль что СМИ молчат о настоящих героях. Это Ержан Амирханов. В ночь с 4 на 5 августа в Алтайском крае он спас 48 человек выбив заклинившую дверь горящего автобуса. Он тренер по борьбе,3,colloquial,Разговорный
КУРСОВЫЕ ДИПЛОМНЫЕ РЕФЕРАТЫ Помощь с выполнением курсовых дипломных контрольных и других работ по низким ценам и в короткие сроки 33 Переходи к нам по tokenoidtokenoid ссылке,3,colloquial,Разговорный
Стефанос Циципас вышел в восьмой финал на турнирах серии АТР 500,3,colloquial,Разговорный
Туристические ботинки средней высоты с бугельной застежкой. ⠀ Наружный материал прочная кожа со вставками из замшевой кожи. Мягкая гофрированная вставка в зоне подъема. Прорезиненная накладка для облегчения переключения передач. Мягкая внутренняя подкладка из полиэстера. Дышащая влагонепроницаемая полиуретановая мембрана не пропускает влагу внутрь эффективно выводя ее наружу. Бугельная застежка с возможностью регулировки по длине. Интегрированная защита из слоистого пластика в области щиколотки пятки и носка. Светоотращающие вставки. Комфортная стелька Литая противоскользящая и противоударная резиновая подошва не боится масла и бензина. ⠀ Туристические мотоботинки Moteq Jake Цена 12 900 руб. ⠀⠀ Наш сайт интернет магазина tokentokenoid ⠀ Оформи заказ по телефону 7 800 555 34 96 ⠀ ftokenoid ftokenoid motoektokenoid motoektokenoid motoektokenoid,3,colloquial,Разговорный
Твой кореш который говорит что болеет за ЭТУ команду с детства,3,colloquial,Разговорный
Лучшие матчи Российской Премьер Лиги и Кубка России за экстремально низкие 120 рублей в месяц. Успей подключить МАТЧ ПРЕМЬЕР выгодно 33 Подключайтесь по ссылке,3,colloquial,Разговорный
когда одолевают напасти не следует забывать что они быть может уберегают нас от чего то похуже какая нибудь чудовищная ошибка порой приносит вам больше благ чем самое разумное по мнению многих решение.,3,colloquial,Разговорный
Тиммейты плохо тебя слышат? Проблему можно решить одним кликом 33 Для этого тебе понадобится перейти по ссылке ниже и заказать нереально крутой микрофон Retokenoid Btokenoid GM300 который легко подойдет для геймеров и стримеров. А мы для тебя выбили скидку чтобы ты не экономил на обедах. Громозека одобряет Особенные свойства микрофона Совместим с любым ПК Легкая настройка и установка Кнопка выключения микрофона Уникальный и стильный дизайн Успей урвать скидку partnerstokentokenoid,3,colloquial,Разговорный
Журналист Херц Степанова звезда в соцсетях это интересная личность Степанова звезда в соцсетях и возможно в медиаполе в России. Ей 21 год но она провела свой этап в эстафете как настоящий профи. Вероника не бросилась со старта за немкой а ровно прошла дистанцию и спокойно сделала победный отрыв. Если вы не следите за инстаграмом Степановой то это интересная личность. Она недавно сделала вызов New York Ttokenoid в связи с тем что газета оценила параметры девушек лыжниц. Сделала это на английском языке. Мне это нравится. Как бы вы ни относились к российской команде все равно можно оценить и личность и такое выступление сказал Херц в подкасте FasterSktokenoid.,3,colloquial,Разговорный
Стеф Карри хотя бы раз забрасывает из за дуги в 200 матчах регулярки подряд,3,colloquial,Разговорный
formtokenoid f1 grantokenoid motorsport Как то упоминая о роли ТВ в современной Ф1 один журналист сказал что ТВ способно сделать зрелище и из стендовых испытаний двигателя. Вот Renatokenoid V10 1993 года едет по Хоккенхайм рингу.,3,colloquial,Разговорный
Переключаемся на ностальгию по былым временам и делаем предзаказ спецвыпуска 9 журнала Мир фантастики Когда то мы вставали с утра пораньше и бежали смотреть Могучих рейнджеров или Телепузиков. Мечтали слопать те самые блинчики или стать крутым красным желтым черным синим розовым нужное подчеркнуть рейнджером. А помните как искали по друзьям и знакомым кассеты с Десятым королевством? Учились махать руками и ногами в надежде стать похожими на Геракла или Зену? Если что то из перечисленного в вас отозвалось и где то внутри екнуло то данный номер Мира фантастики обязательно придется вам по душе мы в этом уверены 33 А какие сериалы из вашего детства вы помните? МирФантастики Новинка Hotokenoid,3,colloquial,Разговорный
Ига Швентек побила личный рекорд и стала 2 й ракеткой мира.,3,colloquial,Разговорный
Теперь у нас в магазинах и на сайте можно найти Starftokenoid Сумерки империи Pathftokenoid Shatokenoid Основатели Мрачной гавани Какие еще игры появились смотрите в разделе Новинки,3,colloquial,Разговорный
Отличное начало сезона для Егора Оруджева и Иры Сидорковой 33 Но от празднования этих успехов надо быстро переходить к подготовке к старту второй гонки ее прямая трансляция начнется в 15 55 и ссылку на трансляцию мы конечно же опубликуем в ленте. SMPRatokenoid СМПРСКГ РоссийскаяСерияКольцевыхГонок русскиегонки КириллЛадыгин ЕгорОруджев ИраСидоркова,3,colloquial,Разговорный
️КАКАЯ ДАША КРАСОТКА ️ Дарья Касаткина вышла в полуфинал турнира WTA 1000 в Риме Вчера она обыграла Паулу Бадосу а сегодня Жиль Тайхманн Давайте поддержим Дашу лайком ️,3,colloquial,Разговорный
И вдруг жизнь встает в таком разрезе что все твои ошибки неудачи страдания это абсолютно необходимая цепь к той мысли к тому пониманию времени которое ты оказывается обрел и ты с ужасом осознаешь что ничего не понял бы если бы не эти страдания если бы не эти неудачи не эта боль. Господи как точно все сложилось 33 Два три везения там где не повезло и я бы ничего не понял 33 Фазиль Искандер,3,colloquial,Разговорный
Я Б В ГЛЯЦИОЛОГИ ПОШЕЛ ПУСТЬ МЕНЯ НАУЧАТ Как ученые гляциологи спасаются от московской жары? Ответ прост В это время они или высоко уходят в горы или работают в холодильнике где всегда 20 градусов по Цельсию и тонны льда. Из Безенги в холодильное помещение Института географии РАН в прошлом году был доставлен ледяной керн длиной более 92 метров. Именно его сегодня нарезали гляциологи для последующих анализов на изотопы ионы микрочастицы общий углерод и микроэлементы. Только представьте себе в пузырьках которые остаются внутри льда запечатывается тот самый воздух которым дышало все живое за много веков до нас. Пробурив ледник ученые извлекают керн нарезают его на образцы каждый из которых – это окно в прошлое в далекие дни недели месяцы и годы а весь ледяной батон может таить в себе историю Земли длиной более 2000 лет. А вот что рассказывает Владимир Михаленко руководитель экспедиции ИГ РАН на Безенгийскую стену в 2021 года К этому месту мы долго присматривались. В 1987 г. с Марком Дюргеровым мы поднялись по ледопаду ледника Адиши на Катынское плато и пришли в восторг от этого места. Там я окончательно решил для себя покончить с совмещением альпинизма и занятием наукой. И оказалось что подниматься в высокие горы даже на вершины можно просто будучи на работе. В 2021 г. на плато забрасывались вертолетом. И это оказалась непросто даже для опытнейших пилотов из Hetokenoid. На нашей площадке был штиль но на высоте гребней так дуло что работать с внешней подвеской было проблематично. К тому же мы то сидели в облаке то внизу все было закрыто. Гляциологи это отважные люди которые своими усилиями мониторинговыми исследованиями однажды нам поведают тайну Катынского плато позволив заглянуть через окно в прошлое возрастом 2000 лет. Источник информации Институт географии Российской академии наук Авторы фотографий ⠀ Иван Лаврентьев отдел гляциологии Института географии РАН август 2021 года. Владимир Михаленко отдел гляциологии Института географии РАН август 2021 года. Станислав Кутузов отдел гляциологии Института географии РАН июнь 2022 года.,3,colloquial,Разговорный
️ Сегодня днем ХК Салават Юлаев отправился в Челябинск. В рамках второго раунда плей офф КХЛ команда Томи Ламсы проведет пятый матч серии против Трактора. ️ 25 марта 19 00 Трактор ️ БСТ Матч ТВ KHL KHL Prtokenoid,3,colloquial,Разговорный
Цитата Как удалось отбить первый же одиннадцатиметровый удар? Все по той же методике. Из пяти ударов я отбил только один однако точно мог отразить еще два так что немного обидно. Но главное что одного отбитого пенальти хватило и мы вышли в следующую стадию. Игорь Лещук,3,colloquial,Разговорный
Определены все участники плей офф Чемпионата Казахстана,3,colloquial,Разговорный
Мик Шумахер Приятно слышать что Ауди ищет немецкого гонщика но до всего этого пока далеко Мик Шумахер рад приходу Ауди в Формулу 1 но пока сосредоточен не на возможном переходе в новую команду а на текущих выступлениях. 23 летний немец еще не подписал контракт на выступления в Формуле 1 в 2023 м году. Предполагается что Хаас уже нашел ему замену в лице ветерана Нико Хюлькенберга а сам Мик или проведет год в отпуске или перейдет в Уильямс если Логан Сарджент не получит суперлицензию – эти варианты считаются для Шумахера планом Б. Единственное что для меня имеет значение – это план А. Отпуск в 2023 м? Если честно я об этом еще не думал. Я думаю о настоящем и моя работа – делать все возможное и использовать все шансы во время гоночных уик эндов. Критика со стороны боссов? С этим нужно просто смириться. Мы все выступаем на пределе возможностей. И если этого не делать то ты просто начинаешь сильно проигрывать – считает Шумахер. Он также ответил на предположения о том что Ауди ищет для своей команды немецких пилотов Думаю присоединение Ауди к Ф 1 – это здорово. Это глобальная компания хотя бренд немецкий. Надеюсь с ее появлением многие немцы вернутся в Ф 1 и мы снова получим домашний Гран при. Разумеется приятно слышать что столь крупная компания ищет немецкого гонщика но до всего этого пока далеко.,3,colloquial,Разговорный
Финальный Прогноз Бойцов UFC на бой Махачев Оливейра 33,3,colloquial,Разговорный
4х2Mtokenoid 7 С. Награждение. За 1 е место команда Жара получила приз – подарочный сертификат на интеллектуальную битву Квиз Мозгобойня 33 Поздравляем 33 Почетное первое Подробнее tokentokenoid Фото Дмитрий Забелин. 30. 07. 2022. nvtokenoid,3,colloquial,Разговорный
Упражнения для отработки правильной техники бега ‍ ️ rtokenoid бег техникаБега спорт зож легкпяАтлетика ла забег пробежка сбу беговыеупражнения,3,colloquial,Разговорный
Бетербиев может продолжить карьеру под канадским флагом Ранее Всемирный боксерский совет заявил что не будет признавать и утверждать бои с участием российских боксеров Чемпион мира по версиям Всемирного боксерского совета WBC и Международной боксерской федерации IBF в весовой категории до 79 38 кг россиянин Артур Бетербиев может продолжить карьеру под канадским флагом. Об этом агентству Retokenoid в четверг сообщает глава WBC Маурисио Сулейман. Мы не будем организовать какие либо бои в России ни один российский гражданин не будет драться за титулы нашей организации. Однако Бетербиев в Канаде уже 15 лет он живет в Канаде его дети родились в Канаде у него есть канадский паспорт и вид на жительство а также боксерская лицензия из Канады. Мы верим в то что создаем мир но нам необходимо рассматривать случаи индивидуально чтобы добиваться справедливого решения сказал Сулейман. Ранее WBC сообщил что не будет проводить соревнования под своей эгидой на территории России. В организации отметили что не будет признавать и утверждать бои с участием российских боксеров. В послужном списке 36 летнего Бетербиева 17 побед 17 нокаутом ни одного поражения. Последний поединок он провел 18 декабря в Монреале выиграв у американца Маркуса Брауна нокаутом в девятом раунде.,3,colloquial,Разговорный
Норрис Надеюсь мы с Даниэлем еще поборемся на трассах Ландо Норрис общаясь с прессой в Спа прокомментировал решение Mtokenoid досрочно прекратить сотрудничество с Даниэлем Риккардо признав что ему будет грустно расставаться с таким напарником. Ландо Норрис Понятно что мы вели острое соперничество друг с другом потому что оба стремимся к победам в гонках хотим подниматься на подиум так что эти два года легкими не назовешь но они были очень интересными. Мы с Даниэлем прекрасно ладим всегда стараемся помогать друг другу – лично мне он во многом помог. Сотрудничать с ним – одно удовольствие хотя часто бывает что напарники почти не общаются друг с другом. Но у нас с ним очень много хороших воспоминаний мы часто обмениваемся шутками и вместе смеемся над ними так что сейчас мне конечно грустновато. Но все это лишь подчеркивает насколько сложна Формула 1 насколько тяжело выступать на высоком уровне. Но я отношусь к Даниэлю с большим уважением и уверен что его карьера в Формуле 1 еще продолжится. Надеюсь в следующем году мы с ним продолжим бороться на трассах. Он очень талантливый гонщик и я у него многому научился. Впереди вторая часть сезона и мы продолжим вместе работать чтобы завершить чемпионат как можно лучше. А о том что именно у него не ладилось и какие трудности он испытывал лучше всего спрашивать его. Да мы всегда делились своими впечатлениям о машине но обсуждать друг с другом ощущения которые мы испытываем за рулем – это одно а пилотировать машину на трассе – совсем другое дело. Все это не так просто и в конечном итоге анализировать работу напарника – не мое дело. Прежде всего я сосредоточен на решении собственных задач и всегда делаю все что в моих силах стараясь добиться как можно более высоких результатов для команды. Когда Норриса спросили как он относится к тому что ему придется взять на себя роль лидера команды если в Mtokenoid перейдет такой молодой гонщик как Оскар Пиастри он ответил Если с моим новым напарником будет приятно работать тогда я буду доволен. Кто им станет я пока не знаю но готов к такому сотрудничеству хотя конечно мне предстоит решать новые серьезные задачи. Если этот гонщик будет моложе меня то я испытаю странноватое чувство словно я старше и опытней и это будет непривычно. Но пока я об этом не думаю потому что полностью сосредоточен на оставшихся гонках сезона.,3,colloquial,Разговорный
Свечников забил шестой раз в сезоне 33 Определенно лучший сезон в НХЛ для Евгения 33 Конечно до младшего брата ему пока далековато но Жека очень радует в этом регулярном сезоне. 15 6 9 в 44 х матчах при 5.,3,colloquial,Разговорный
Правильно выполненный сайд степ – это эффективное оружие в единоборствах. В этом приеме важно чувство момента. На заметку,3,colloquial,Разговорный
Какой бенз заправляете и на сколько вам хватает полного бака?,3,colloquial,Разговорный
Итог первого дня зимних тестов MotoGP IRTA Sepang жара и дождь помогут побить рекорд круга 33 Алеш Эспаргаро возглавил протокол первого дня официальных тестов MotoGP сезона 2022 года помогло участие в шейкдауне вместе с тест пилотами. Остальные участники тестов IRTA начали работу без спешки. Но новый абсолютный рекорд круга ожидается уже завтра 33,3,colloquial,Разговорный
Lantokenoid Stephenson получил второй шанс и использует его на полную катушку. На его ногах легендарные кроссовки AND1 Tai Chi в очень приятных эксклюзивных версиях Born Reatokenoid.,3,colloquial,Разговорный
Привет всем парни что за скрежет при запуске бывает на холодную и на горячую иногда все нормально звук такой как будто шестерня прокрутилась и нет зацепа а через раз зацепляется муфта выходит из строя как думайте?,3,colloquial,Разговорный
Исполнявший обязанности главного тренера Астаны и главного тренера детской баскетбольной Академии Астана Деян Парежанин покинул клуб. Сербский специалист принял команду в марте после отставки главного тренера Дарко Руссо. Под руководством тренера команда Астана провела семь матчей Единой Лиги ВТБ. До этого Парежанин работал с молодежью таких европейских клубов как Босния Мега Визура и Войводина. Мы благодарим Деяна Парежанина за вклад в историю Астаны и желаем успехов в достижении любых поставленных целей в будущем 33,3,colloquial,Разговорный
Отзыв DRIVE2⬇ Просто офигенные. Просто отчет об эксплуатации. Уже третье лето и они меня спасают. От жары от комаров и мух от взглядов от духоты. На скорости не сдувает магниты по прежнему держат хорошо. Все фиксаторы на месте ни один не отвалился. Ткань не вытянулась не выцвела. Балконное зимнее холодное хранение и они как новые. Круть 33 Устанавливаю на лето на стоянках на пикниках сел и чистый салон без комаров и мух. Короче коллеги шторки это офигенно всем мир и уют 33 Читаю драйв там у них акции скидки вот и вспомнилось что я тоже причастен к продукции компании и очень удовлетворен их работой рекомендую 33 Автошторки Трокот с гарантией на 3 года 33 Заказать ВАЖНО 33 Мы проверяем качество всех товаров перед отправкой заказа. Вы также вправе отказаться от покупки в течение 14 дней.,3,colloquial,Разговорный
Рывок Селтикс во втором тайме позволил преодолеть накал страстей и выйти вперед в серии со счетом 3 2 одержав победу со счетом 93 80 в игре 5.,3,colloquial,Разговорный
Напоминаем сертификаты на мотопараплан 2022 года будут в продаже до 15 июля включительно после чего продажа сертификатов будет закрыта и доступен только полет по факту. Сертификаты на параплан пока останутся в продаже. Изменение цен на полеты с 16 июля 2022г Полет на параплане 5 15 мин 2500р Полет на мотопараплане 10 мин 3500р Прогулка на мотопараплане 20 мин 6000р До 15 июля включительно цены остаются прежними. За уже купленные сертификаты никакой доплаты не потребуется 33,3,colloquial,Разговорный
Дарья Касаткина обыграла Екатерину Александрову 5 7 6 1 6 1 и вышла в четвертьфинал на турнире WTA 500 в Берлине,3,colloquial,Разговорный
110 поединков в проф боевых искусствах. 103 из них победы. 45 из них нокаутом. Общий проф рекорд 103 7. 6 поражений решением судей. И только 1 поражение досрочно. Это поражение нокаутом Алексу Перейре. Завтра будут искры,3,colloquial,Разговорный
Это первое интервью Мокаева в Дагестане Молодой и амбициозный боец UFC 1 0 рассказал о тренировках с Рустамом Хабиловым общении с Даной Вайтом а также о том куда пойдет гонорар 036 78 тыс? Кроме того Мокаев рассуждает как изменился Дагестан за 10 лет есть ли разница в менталитете между дагестанцами и англичанами и почему его дети будут расти на Родине. . . Таймкоды 00 00 Как изменилась жизнь после дебюта в UFC? 00 40 Кем приходилось работать до начала карьеры в ММА 01 10 Знакомство с Принцем Бахрейна 01 40 Не был в Дагестане с 12 лет как все изменилось? 02 50 Борцовская тренировка в школе Динамо 03 30 Почему именно борьба? 05 05 ММА или Олимпиада? 05 25 Мокаев нацелен стать самым молодым чемпионом UFC 05 55 Дивизион 57 кг скучный. Почему? 06 31 С Мокаевым никто не хочет драться 06 45 Новый соперник Чарльз Джонсон 07 35 В соцсетях Дагестан выглядит намного хуже чем на самом деле 08 20 Об уровне экономики и безработице 09 25 Реакция на критику в соцсетях 11 20 Тренировка в KHK ММА режим в Рамадан 12 55 – Переписка в Даной Вайтом что президент UFC сказал после дебюта? 13 50 Горячая поддержка в Англии. Руни и Джошуа на трибунах 15 20 Куда потратит первый гонорар UFC? 16 30 Изменилось ли отношение в Англии после событий на Украине 17 40 Где будут расти будущие дети Мокаева? 18 15 Разница в менталитете 19 05 О знакомстве дружбе и тренировках с Рустамом Хабиловым 20 30 Совет от Хабилова 21 30 Что мотивировало трудиться и выступать? 23 10 Были ли мысли о поражении и как к этому относятся на Кавказе? 25 00 Каратель или Черный тигр? 25 30 Как Расул Мирзаев гремел в свое время 26 05 Советы молодежи от Мокаева 28 00 Работа в охране честный труд,3,colloquial,Разговорный
Сейчас пошло время грибов и любители этого дела стали массово совершать набеги на леса в их поисках вооружившись ножичками Сейчас конечно проще с этими вашими интернетами картами геолокацией и другими премудростями современных технологий. Я не любитель собирать грибы да и в грибах я не особо разбираюсь. А вот походить по лесу я всегда за такой себе мини походик. Да и сейчас когда выбираюсь все равно беру с собой компас он не разрядится как телефон и связь с магнитным полем Земли не потеряет да и мало ли что может случится форс мажор никто не отменял. Тем более он не дорогой и доступный. А изобрели компас китайцы для движения по пустыне а позднее его модифицировали уже для своих нужд мореплаватели. А Вы умете пользоваться компасом?,3,colloquial,Разговорный
Локомотив поднял майку Павлова под своды домашней арены Новосибирский Локомотив перед сегодняшним матчем Лиги чемпионов с итальянской Чивитановой провел церемонию чествования бывшего игрока команды Николая Павлова. Его майка с 6 м номером поднята под своды Локомотив Арены. Павлов отыграл за Локомотив восемь сезонов 2006 2011 2016 2019 а в прошлом сезоне был спортивным директором клуба. Диагональный помог новосибирскому клубу закрепиться в числе лидеров российского волейбола и завоевать первый в истории трофей – Кубок России 2010. Павлов стал MVP и лучшим нападающим Финала четырех. Также Николай выигрывал с Локомотивом бронзу чемпионата России 2017. Он много лет был лучшим бомбардиром и капитаном команды. В составе сборной России волейболист сыграл 45 матчей став в 2013 году чемпионом Европы и победителем Мировой лиги. Ранее Локомотив ввел в клубный Зал славы игрока и функционера Александра Гаврилова игрока и тренера Евгения Митькова а также тренера Андрея Воронкова. RUSCMtokentokenoid,3,colloquial,Разговорный
Приехали в альпинистский лагерь Безенги. Сначала проводится тренировочный сбор членов сборной команды России по альпинизму и скайраннингу в рамках которого программа на Жетон Спасения в горах и Лавинная безопасность а затем с 5 июля Чемпионат России в техническом классе восхождений. Автор Александр Пятницин,3,colloquial,Разговорный
23 я ракетка мира Дарья Касаткина из России оказалась сильнее пятой теннисистки рейтинга WTA Марии Саккари из Греции во втором раунде турнира Mtokenoid Matokenoid Open 3 6 6 3 6 1. матч продолжался 1 час 53 минуты На следующей стадии соревнований в Мадриде 25 летняя теннисистка сразится с испанкой Сарой Соррибес Тормо или японкой Наоми Осакой.,3,colloquial,Разговорный
Звездный форвард Бакс Яннис Адетокумбо сделал трипл дабл в победном матче с Уорриорз 118 99. На счету действующего MVP финальной серии 30 очков 12 подборов и 11 передач.,3,colloquial,Разговорный
Напоминаем о стриме который пройдет сегодня 24 июня в 18 00 по Москве. Команда Ltokenoid будет играть в настольную ролевую Дюна на Твиче Дюна Приключения в Империи – это настольная ролевая игра где основным компонентом является фантазия игроков. Следить за создаваемой историей направлять ее в нужное русло и управлять игровым миром должен отдельный игрок который становится ведущим RPG НРИ,3,colloquial,Разговорный
Хабиб в 2022 м просыпался всего на несколько боев Напиши в комментах ради каких боев вставал утром ты,3,colloquial,Разговорный
Ты че молодого нашел так разговаривать? Сейчас две дам и все 33 Судья осадил Радулова,3,colloquial,Разговорный
Tetokenoid Motokenoid Open Ctokenoid возвращается 33 Легендарный чемпионат по мобильному киберспорту вновь открывает регистрацию на турниры по дисциплинам PUBG Motokenoid FreeFtokenoid Motokenoid Legentokenoid и Brawl Stars. Для участия понадобится только быстрый интернет так что зовите друзей и регистрируйтесь на чемпионат до 17 сентября К участию приглашаются все в финале смогут сразиться только абоненты Tetokenoid. Побеждайте на скорости мобильного интернета Tetokenoid 33,3,colloquial,Разговорный
Канада – на ЧМ впервые за 36 лет 33 Казалось бы нефутбольная страна поднялась со дна за 4 года Футбол Foottokenoid ЧМ22 Канада Рейтинг,3,colloquial,Разговорный
Фотоальбом от Дениса Горностаева с 3 этапа Суперлиги Speetokenoid tokenoid СЛ2022 Уфа,3,colloquial,Разговорный
WEC IWSC Порше накатали в Спа 1400 км новое фото прилагается,3,colloquial,Разговорный
Aztek Ltokenoid 2 сверхлегкая и сверхудобная дека от Aztek эволюция популярной модели Ltokenoid лучший вариант для любителей универсального катания 33 Хочешь чтобы и скольжения и крутилки шли одинаково легко? Подумай о приобретении Ltokenoid 2 33 Идет в двух цветах и 4 размерах 5. 5 на 22 5. 5 на 23 6. 0 на 22 6. 0 на 23 Угол наклона стакана 84. Вес всего 1 4 1 5 кг Цена 14900 16500 в зависимости от размера.,3,colloquial,Разговорный
Всем бег и легких ног друзья rtokenoid rtokenoid бег спорт зож ла легкаяАтлетика марафонец,3,colloquial,Разговорный
АннаСеменович ВячеславРазбегаев АлексейМакаров ПавелКолобков ВячеславМанучаров ВадимКолганов Поздравляем С Днем Рождения Анну Семенович 33,3,colloquial,Разговорный
Норвежские биатлонисты Ветле Шостад Кристиансен и Стурла Хольм Лагрейд прокомментировали новость о том что на Олимпиаде в Пекине спортсменам может грозить наказание за поведение или речь которые противоречат олимпийскому духу или китайским законам и правилам. Нам не нравится когда нас ограничивают. Я буду говорить то что у меня на сердце независимо от законов и правил в стране – сказал Кристиансен. Нужно просто не критиковать режим. Я не буду высказывать много критики учитывая что нам сказали что за это могут наказать. Мы должны поехать туда как гости чтобы возможно оглянуться назад на то как все было и выступить с критикой основанной на нашем опыте. Я не буду ничего критиковать прежде чем поеду туда – отметил Лагрейд.,3,colloquial,Разговорный
не стоит игнорировать все что происходит но и паниковать смысла нет. позволить себе минуты пару часов слабости и снова начать действовать. действовать так как можешь так как в твоих силах. самые трудные времена показывают человеческие качества близких и твоего окружения тут главное быть готовым. самая работающая фраза для меня значит так. не задавать вопросы почему? когда? а лучше что я могу сделать? что в моих силах? .,3,colloquial,Разговорный
Эрик тен Хаг сделаю все чтобы вернуть Манчестер Юнайтед туда где он должен находиться.,3,colloquial,Разговорный
Сирил Ган рассказал о спарринге с Фрэнсисом Нганну запись которого появилась в сети незадолго до титульного поединка между французом и Дерриком Льюисом ‍ ️ Все что показано в видео чистая правда я не собираюсь врать. Это был легкий спарринг где местами мне удалось себя проявить. Были моменты где он выглядел лучше. Это был равный спарринг где у каждого из нас были удачные моменты. Нельзя сказать что он превзошел меня или что я был явно лучше. Но я согласен с тем что конкретно в этом видео я выгляжу неплохо Когда мы с ним спарринговали я понял какой он боец. Он не слишком техничен что видно по записи. Когда я начинал работать на технику я брал над ним верх а когда он включал свою мощь он был как разрушительный поток. Могу сказать что я почувствовал на себе его ударную мощь ️Никогда не встречал никого более мощного чем он. Думаю на сегодняшний день ни в боксе ни в ММА нет никого более мощного чем Фрэнсис Нганну,3,colloquial,Разговорный
Лето 33 Детство 33 Настолки 33 В честь Всемирного дня ребенка начисляем в два раза больше бонусов за детские настольные игры 33 Заказывайте игры с двойными бонусами по ссылке Акция Hotokenoid продлится до 7 июня включительно,3,colloquial,Разговорный
Качество превыше количества 33 33 33 Вам не нужно специальное спортивное оборудование только ваше тело и позитивный настрой давайте сделаем это 33 33 33 СХЕМА ️ 60 секунд каждый ход x 4 круга x 60 секунд отдыха rtokenoid. . . . . . . бег спорт фитнес кардио тренировка тренька,3,colloquial,Разговорный
15 я ракетка мира Каролина Плишкова из Чехии со счетом 6 3 5 7 1 6 уступила американке Аманде Анисимовой занимающей 22 ю позицию классификации WTA во втором круге турнира Mtokenoid Stokenoid Vatokenoid Ctokenoid. Встреча продлилась 1 час 38 минут. Плишкова сохраняет лидерство в очном противостоянии 4 1. Следующей соперницей Анисимовой на соревнованиях в Сан Хосе станет ее соотечественница Шелби Роджерс или гречанка Мария Саккари.,3,colloquial,Разговорный
РУСАДА четыре раза проверяло Большунова на допинг за первые пять месяцев 2022 года Согласно документам оказавшимся в распоряжении Матч ТВ за период с января по май 2022 года Российское антидопинговое агентство проверило на допинг 98 российских лыжников осуществив 157 процедур допинг контроля. Андрей Ларьков и Екатерина Смирнова возглавили список самых часто проверяемых спортсменов – по пять проверок. Александра Большунова проверили четырежды Наталью Непряеву – трижды ее сестру Дарью – дважды. Матч ТВ,3,colloquial,Разговорный
Макс Ферстаппен забирает третье место на гран при Монако Чеко Перес победа,3,colloquial,Разговорный
Всем привет. Не прекращаю попытки научиться кататься на мтб и очень кайфую от этого вам приятного просмотра,3,colloquial,Разговорный
Организация Stokenoid прекращает сотрудничество 33 setokenoid открыт для контрактов.,3,colloquial,Разговорный
Herotokenoid в 2020 онлайн андердог Herotokenoid в 2022 обыгрывают NAVI на лане и проходят в LEGENDS Эта команда никогда не сдается,3,colloquial,Разговорный
Если онлайн не отображается у вас в приложении Автоспорт установите пожалуйста флагманское приложение tokentokenoid tokenoid Antokenoid или перейдите на сайт в браузере.,3,colloquial,Разговорный
Сезон заканчивается а ты так и не покатался на горнолыжных склонах. Не беда,3,colloquial,Разговорный
Традиционный и любимый старт Казанский национальный полумарафон Спустя 3 года смогла снова преодолеть эту дистанцию Хочется надеяться что когда нибудь перестану преодолевать и начну бегать на расслабоне Кто знает что для этого нужно? Мария Татаринова делисьбегом казанскийполумарафон2022 полумарафон ttokenoid,3,colloquial,Разговорный
Четырехкратная олимпийская чемпионка норвежка Тереза Йохауг заявила что Норвежская лыжная ассоциация советовала ей не объявлять СМИ о результатах допинг‑пробы перед стартом сезона‑2016 17. Йохауг 13 октября 2016 года собрала специальную пресс‑конференцию на которой было объявлено о положительном результате допинг‑пробы лыжницы. В ее организме был обнаружен анаболический стероид клостебол. Впоследствии спортсменка была дисквалифицирована на 18 месяцев пропустив Олимпийские игры в Пхенчхане. Норвежская федерация перед стартом сезона‑2016 17 организовывала мероприятие с участием всех сборных команд страны и рассчитывала на участие в нем Йохауг. Однако спортсменка отмечает что не могла себе позволить говорить о планах на сезон зная о допинг‑пробе. Йохауг хотела рассказать СМИ свою сторону произошедшего а также боялась утечки информации. Я не могла сидеть и делать вид что ничего не произошло и говорить о своих целях на предстоящий сезон. Тогда они федерация предложили мне придумать объяснение почему меня там не будет. Они посоветовали сказать что я плохо себя чувствую что я заболела. Я с трудом могла поверить в то что услышала. Неужели Норвежская лыжная ассоциация только что предложила мне ничего не рассказывать СМИ чтобы не нарушить планы? Или что я не должна появляться там и лгать почему меня не было? Неужели они забыли о деле Сундбю? Неужели они не понимали что и моя и их репутация полностью зависели от того насколько мы были надежны и честны? говорится в книге Вся история фрагмент которой приводит VG. В активе Йохауг также 14 золотых медалей чемпионатов мира три победы в общем зачете Кубка мира.,3,colloquial,Разговорный
Минуточка рекламы на волнах Старого Фонаря Пятиминутка красоты в ленту 33 В интернете часто встречаю роспись моделей которые подписаны как пример художественного покраса но таковым не являются. В таких случаях очень не хватает моделей вроде тех что красит Nakatan Workshop дабы наглядно продемонстрировать отличие игрового покраса от художественного. А в конкретно этом случае уже можно даже говорить о живописи по миниатюре. Кроме того в группе выкладывается процесс росписи и лепки моделей а автор не прочь ответить на интересующие вопросы касательно работ. Ну и само собой если есть желание приобрести подобную работу или заказать что то свое то можно обращаться к tokenoidtokenoid Мельникову. Другие примеры его работ можно оценить тут,3,colloquial,Разговорный
Шоу Чемпионы на льду в Москве 13. 04. 2022 Полная запись,3,colloquial,Разговорный
Подписывайся на сообщество Utokenoid HUB принимай участие в ретроприключении и наслаждайся качественным контентом по любимым играм детства. А также получи возможность залутать топовые призы tokenoid tokenoid реклама htokenoid,3,colloquial,Разговорный
Пархай как бабочка жаль как пчела. Новак Джокович уверенно переиграл грека Стефaноса Циципаса и возглавил красную группу Itokenoid,3,colloquial,Разговорный
Бегуны делятся на два типа одни просто любят бег как он есть другие же стремятся к определенным спортивным результатам. Если вы относите себя ко второму типу то эта статья как раз для вас. Люди из этой группы как правило в своем процессе подготовки используют перекрестные и силовые тренировки. Это помогает им стать сильнее и здоровее а также поддерживать высокий уровень работоспособности. Что же касается бегунов которые занимаются исключительно бегом то они более склонны к получению травм при увеличении километража и их достижения растут не так быстро. Некоторые из них считают что силовые упражнения приведут к набору массы и последующему замедлению скоростных характеристик. На самом же деле силовые тренировки направленные на развитие беговых качеств являются одним из самых эффективных элементов тренировочного процесса хорошего бегуна. И вам не обязательно тренироваться как бодибилдер или пауэрлифтер чтобы получить результат. Придерживаясь нескольких важных правил вы сможете стать сильнее и быстрее. Укрепление бедер и ягодиц – самый эффективный способ укрепить ноги и избежать травм. Чем сильнее становятся мышцы тем более эластичным и упругим будет ваше тело во время бега. Постоянные удары которые возникают при соприкосновении ног с поверхностью больше не будут так сильно утомлять. Кроме того силовые тренировки помогут снизить влияние былых травм так как более развитые мышцы частично снимают нагрузку с костей и суставов. Часто это позволяет устранить источники многих распространенных и запущенных травм. Например пателлофеморальный синдром также известный как колено бегуна который может быть вызван дисфункцией бедра узкие или слабые бедра неправильно перераспределяют нагрузку что приводят к травме колена. Однако это еще не вся польза от силовых тренировок 33 Периодически используя их в своей подготовке у вас есть возможность значительно укрепить мышцы кора что особенно важно при продолжительном беге. Сильный пресс выглядит не только красиво но и способствует улучшению осанки на протяжении всего дня и во время бега. rtokenoid. . . . силовая тренировка спорт бег зож атлет наспорте фитнес гантели мотивация,3,colloquial,Разговорный
⠀ В зимнее время года актуально вспомнить простые действенные правила которые рекомендуется соблюдать при зимних пробежках ‍ ️ ️ ⠀ Нередко в холодные зимы пробежка становится настоящим испытанием сильный ветер мороз скользкая дорога. Чтобы уберечься от травм и получить максимальную пользу и радость от зимнего бега Алексей Соколов действующий рекордсмен России в марафонском беге 2 09. 07 Дублин 2007 год дает следующие советы ⠀ Выбирайте трассы с хорошим сцеплением теплотрассы утоптанный снег. В манеже лучше не бегать слишком много людей душно пыльно а при уличном беге одновременно с тренировкой происходит закалка организма. ⠀ При выборе экипировки учитывайте два правила вам не должно быть слишком холодно и после начала пробежки вам не должно стать слишком жарко. Лучше одеться так чтобы при выходе на улицу вы ощущали прохладу. Рекомендуется использовать 3 4 слоя экипировки влаговпитывающая майка термобелье ветрозащитная куртка. Такие же правила действуют и при выборе экипировки для ног ⠀ При недомогании начинающемся кашле насморке лучше воздержаться от зимней пробежки 2 3 дня не бегать дать организму восстановиться. ⠀ Желаем вам крепкого здоровья и отличных результатов в зимний период друзья 33 ⠀,3,colloquial,Разговорный
Джессика Пегула поазднует выход в четвертьфинал на турнире в Мадриде.,3,colloquial,Разговорный
Командный чемпионат России 2022 г. Speetokenoid СпидвейКЧР Bashktokenoid SCVostok 21. 07. 2022 БАШКИРИЯ Октябрьский ВОСТОК Владивосток Видеосюжет о гонке,3,colloquial,Разговорный
Обводим дату в календаре 15 октября Сент Луис откроет сезон дома игрой с Коламбусом 33 НХЛ опубликовала календарь на сезон согласно которому блюзмены по 4 игры проведут с Чикаго Колорадо Миннесотой Нэшвиллом и Виннипегом. По 3 – с Далласом Аризоной и командами Тихоокеанского дивизиона. Еще по 2 встречи – против команд Восточной конференции.,3,colloquial,Разговорный
Девчонки напоминаем что 3 сезон в Международном Женском Хабе на Фейсит уже стартовал. Вы еще можете зарегистрироваться и выиграть фейсит поинты. Плюс поиграть с девчонками из Европы и получить дополнительный опыт. Инструкция о том как туда попасть на картинке Для парней есть альтернатива в нашем Ratokenoid Dark Htokenoid Там пока без фейсит поинтов но в перспективе они тоже будут Atokenoid Votetokentokenoid,3,colloquial,Разговорный
Сувениры для стильных и спортивных с вашей надписью или фото. Качество не высоте 33 Любой дизайн с доставкой по РФ. Выбирайте сувенирные перчатки груши четки портмоне кимоно и многое другое в нашей группе Дом Спорта Offtokenoid Персональный расчет стоимости и подготовка макета в сообщениях Есть подарочные наборы в стильной упаковке. Подписывайтесь 33,3,colloquial,Разговорный
Обсудили итоги вчерашнего дерби с легендой российского тренерского цеха Валерием Непомнящим. vkfoottokenoid,3,colloquial,Разговорный
НОВАЯ НОЧНАЯ ТУСОВКА 33 Ночная тусовка прошла с большим успехом но мы предлагаем не расходиться ведь с 29 по 30 октября пройдет еще одна. . . НОЧНАЯ. HALLOWEEN Покупай билет на тусовку и тебе откроются Много классных знакомств Полное погружение в жуткую историю Конкурсы с призами Топовая музыка ЦЕНА ЗА ВХОД 1 ЧЕЛОВЕКА 1000 рублей Для девушек скидка по предварительной записи 10 Также мы разыгрываем бесплатный вход на ночную тусовку условия ниже Подписка на Батут парк Ангар Репост данной записи Результаты розыгрыша 28 октября в 22 00 все репосты должны быть сделаны до 27 октября 22 00 Запись по телефону 8 924 6 033 330 или в сообщения группы Все участники прошлой Ночной Тусовки получают скидку 15 33 КОЛИЧЕСТВО МЕСТ ОГРАНИЧЕНО 33 Ангар Иркутск Ангар интересное Просто тренируйся Иркутск Досуг Спорт Экстрим Паркур Посмотреть все изображения,3,colloquial,Разговорный
WTCR Старт сезона который предполагался в Чехии на трассе Мост был отменен. Первый этап примет городская трасса По во Франции. Причиной отмены объявили конфликт на Украине. Совершено глупая отмазка для сми очевидно что на самом деле какие то экономические сложности вынуждают чешское правительство поступать так. Совершенно не страх чешских нациков перед возмездием за то что они снесли памятники советским войнам освободителям интернационалистам налепив памятные доски русским нацикам из РОА и не потому что сделали из великой индустриальной и литературной Чехословакии родины Ярослава Гашека европейскую столицу порнобизнеса где собирают и эксплуатируют девчонок из нищих районов Европы. Что касается самого трека то он не очень подходил для гонок туринга куда нашему сердцу милее Словацкое Кольцо под Братиславой Мировой Туринг давно не был на трассе Имола я уже молчу о британских треках. Если замена Мосту это не какой нибудь Зандворт то особо грустить мы не станем. В общем есть достаточно треков где гонщики на автомобилях TCR в полную мощь смогут продемонстрировать то за что мы так страстно любим туринг.,3,colloquial,Разговорный
В Кранс Монтана стартовал очередной Ауди Найнс и вот уже подвезли топовый контент Моффатт Холл Билоуз и Форхэнд наклепали трюков на очередном креативном споте.,3,colloquial,Разговорный
Набил 60 киллов с юспа Напишите в комментариях на каком пистолете больше всего набивали киллы ️,3,colloquial,Разговорный
Сауль купил себе новое дорогущее авто ну ничего не скажешь может себе позволить.,3,colloquial,Разговорный
Внимание 33 Мы в поиске классных людей фотографов видеографов бейсджамперов хайлайнеров парапланеристов репост приветствуется 33 Уже в конце этого месяца мы снова едем на Кавказ покорять самые огромные и прекраснейшие скалы. Эта экспедиция пройдет при поддержке Кабардино Балкарии. В 2022 году нашему любимому региону Северного Кавказа исполнилось 100 лет со дня образования огромное красивое число 33 Мы попали в эти места несколько лет назад открыв для себя шкатулку драгоценностей никто даже и не думал что там будет настолько красиво и душевно. Мы исходили там сотни троп излазили кучу скальных массивов перепробовали всю местную еду и вино познакомились с местным гостеприимством и обрели прекрасных друзей теперь каждый год хочется возвращаться снова и снова рассказывать и показывать всем то что покорило наше сердце ту природу культуру и людей. Мы разыскиваем классных видеографов и фотографов на эту экспедицию. В планах снять небольшой фильм где через экстремальные виды спорта показывается красота региона и его особенности. Мы хотим включить в фильм несколько других экшн видов спорта кроме роупджампинга это хайлайн бейсджампинг и парапланы поэтому также в поиске спортсменов 33 За подробностями в сообщения Для нас это будет большая 3недельная экспедиция на двух невероятных объектах. Множество сложностей дурной погоды километры веревок и тонны оборудования испытания новой завески решение логистических и конструктивных задач и конечно мощная командная работа 33 В ожидании. .,3,colloquial,Разговорный
подписал контракт с Кнаком После отличного сезона в испанской лиге аргентинец Пабло Кукарцев 29 лет столкнулся с новым вызовом в своей карьере. В сезоне 2022 2023 аргентинец будет носить майку Кнака Руеселаре. Это большое усиление для бельгийской команды так как Кукарцев показал потрясающую статистику в сезоне 2021 2022 играя за Альмерию Лучший бомбардир – 607 баллов Лучший подающий 55 эйсов 8 е место в рейтинге лучших блокирующих 56 блоков Лучший диагональный лиги Чемпион Лиги Лучший игрок финала Он не просто MVP последнего финала в Испании он также был MVP и чемпионом сезона 2020 2021. Дважды подряд с разными командами. Напомним что Пабло пока играл только в Испании России Франции и Аргентине. Бельгия следующая станция. Сайт tokentokenoid Tetokenoid tokentokenoid Товары для волейбола tokentokenoid Волейбольный чат Вконтакте tokentokenoid Tetokenoid tokentokenoid Tetokenoid каналы клубов tokentokenoid Поддержите сообщество tokentokenoid Волейбол Votokenoid ПляжныйВолейбол Пляжка ВолейболНовости ВолейболРоссии ДержиМячВИгре Первоисточник Волейбол Votokenoid,3,colloquial,Разговорный
Какой год в VALORANT был лучшим по наборам скинов? VALORANT DAMASK,3,colloquial,Разговорный
Президент России Владимир Путин подписал указ об упразднении Ростуризма. Его функции будет выполнять Минэкономики. Указ вступил в силу. Минэкономики получит полномочия по реализации политики и нормативно правовому регулированию в сфере туризма по оказанию госуслуг и управлению государственным имуществом. Также министерство будет осуществлять госконтроль за деятельностью организаций которые ведут классификацию гостиниц горнолыжных трасс пляжей а также за деятельностью туроператоров и их объединений. Правительство должно определить новую численность чиновников Минэкономики с учетом передачи ведомству новых полномочий. Решение Президента РФ позволит повысить эффективность реализации национального проекта Туризм и индустрия гостеприимства в котором участвуют 17 федеральных ведомств и все регионы страны а также бизнес сообщество прокомментировали указ президента в Минэкономики. Федеральное агентство по туризму Ростуризм было создано в ноябре 2004 года. Ведомство подчиняется напрямую правительству. С 2019 года Ростуризм возглавляет Зарина Догузова.,3,colloquial,Разговорный
Всем привет кто имел дело с задней втулкой novatec tokenoid если ли смысл менять пружинки собачек чтобы сделать втулку по громче? Какой ресурсов промов в ней?,3,colloquial,Разговорный
Восемь дней осталось до завершения кампании по предзаказу Batttokenoid Вторжение Кланов С помощью этого набора можно расширить игровые возможности базовой игры и начать погружение в мир Batttokenoid. Набор открывает доступ к новым могущественным фракциям и мехам и предлагает принять участие в конфликте галактических масштабов который сотрясет все миры Внутренней Сферы. В набор также входят пять миниатюр культовых омнимехов Эддер Монгрел Нова Экзекутор и Тимбер Вулф. А мы напомним вам о классике варгеймов летсплеем от канала Твой Игровой гордо подняв знамена роботы идут в бой полные решимости приумножить силу и славу своей фракции в базовой игре Batttokenoid. Смотрим Битва за галактику начинается здесь Обзор Hotokenoid Видео Hotokenoid Batttokenoid,3,colloquial,Разговорный
Все чудесатее и чудесатее 33 У игры Ftokenoid появилась версия В стране чудес Кто нибудь знает правила Ftokenoid? Это не обязательно потому что они постоянно будут меняться во время игры. Что может быть лучше для семейной игры чем простые правила? Только увлекательный игровой процесс вместе с любимыми героями из Алисы Цена 790 руб. Какой персонаж из Алисы вам нравится больше всего?,3,colloquial,Разговорный
Топ 3 ATP на травяных кортах в 2022 году 750 очков Берреттини 500 очков Хуркач 495 очков Медведев,3,colloquial,Разговорный
Шоу Исана Гевара и Дениса Онжу чемпион Moto3 доказал свое превосходство в Валенсии Просто великолепное начало гоночного дня решающего уикенда чемпионата мира по Мото Гран При 2022 года это гонка за Гран При Валенсии в классе Moto3 настоящее гоночное шоу в котором Исан Гевара из GasGas Aspar Team и молодой турок Деннис Онжу из Tetokenoid KTM спорили за победу от старта до финишной линии. Результаты гонки и краткий обзор ГПВаленсии Мото3,3,colloquial,Разговорный
Не так хотели в Tetokenoid 3 провести домашнюю гонку MotoGP в саттелите KTM грядет очередная замена? Оба пилота Tetokenoid KTM Fatokenoid Ratokenoid Рауль Фернандес и Реми Гарднер не финишировали в домашней гонке команды во Франции. Перед началом уикенда MotoGP в Ле Мане появилось много слухов о том что оба новобранца Королевского класса могут последовать по пути Икера Лекуоны и Данило Петруччи то есть на выход.,3,colloquial,Разговорный
Друзья ловите фоточки с недавнего Hatokenoid джема проведенного в Перми. Видео завтра 33,3,colloquial,Разговорный
Аленичев Если бы не верил в Спартак не приехал бы на матч Экс футболист и тренер Спартака Дмитрий Аленичев в разговоре с СЭ высказался об ожиданиях в матче за Суперкубок. Надеюсь что в матче за Суперкубок не будет такого исхода как в игре ветеранов. Хотелось бы противоположный результат. Шансы на это есть если бы я не верил в Спартак то не был бы на этой игре. Обязательно буду на стадионе вместе со своими друзьями. Не смущает ли меня Абаскаль на должности главного тренера? Нет 33 Дайте человеку время поработать сказал Аленичев.,3,colloquial,Разговорный
Вот и наступил большой перерыв. Положение команд заморожено до марта,3,colloquial,Разговорный
Прощальный турнир Федерера? Это был особенный уникальный момент. Все что он делал на корте и за его пределами невероятно. Я его очень уважаю. Очевидно что на корте он был прежде всего соперником и профессионалом который хочет выиграть матч. Но в тот вечер соперничество отошло на второй план. Это то что можно прожить один раз в жизни. Спасибо Роджеру за все что он сделал для нашего спорта. С Надалем наше соперничество все еще живо потому что момент прощания еще не наступил ни для него ни для меня. Я надеюсь что однажды смогу уйти как Роджер. Это было отличное время. Видя как Федерер прощается с теннисом думал ли о своем уходе из спорта? Я еще не думал о завершении карьеры. Во время Кубка Лэйвера я в основном думал о том чтобы победить соперника на корте. Надеюсь момент когда мне придется завершить карьеру наступит как можно позже. Я чувствую себя хорошо на корте недавно снова выиграл турнир Большого шлема. Нет времени думать о выходе на пенсию,3,colloquial,Разговорный
ХАЧАНОВ БУДЕТ ПОМОГАТЬ МЕДВЕДЕВУ СТАТЬ ПЕРВОЙ РАКЕТКОЙ МИРА Карен Хачанов обыграл Алекса Де Минаура в трех сетах 6 6 3 6 7 1 7 5 Далее он сыграет против Новака Джоковича,3,colloquial,Разговорный
WADA призвало заново открыть допинговые дела российских спортсменов из разных видов спорта после отстранения гребцов Дьяченко и Липкина Всемирное антидопинговое агентство WADA призвало заново открыть допинговые дела российских спортсменов после дисквалификации гребцов Александра Дьяченко и Николая Липкина. WADA передало данные о Дьяченко и Липкине из Московской антидопинговой лаборатории в Международную федерацию гребли на байдарках и каноэ. Федерация не нашла в этих данных доказательств того что Дьяченко и Липкин принимали допинг. WADA обжаловало это решение в Спортивном арбитражном суде CAS. Суд признал спортсменов виновными и дисквалифицировал их. В WADA считают что многие международные спортивные федерации не стали должным образом рассматривать дела россиян так что нужно открыть их снова и пересмотреть с учетом последнего решения CAS. Это создало прецедент. Если в деле гребцов были такие же доказательства то и в других делах нужно разобраться так же – сказал генеральный директор WADA Оливье Ниггли.,3,colloquial,Разговорный
По правилам NAVI должны были играть с heatokenoid в плей офф так как заявили его до турнира,3,colloquial,Разговорный
мы играем турнир 33 но это не повод не выкладывать качественные игры с фейсыта себе на канал 33,3,colloquial,Разговорный
31 июля отмечается Всемирный день рейнджера Выбери своего рейнджера в РПЛ.,3,colloquial,Разговорный
Подарки от Организаторов и Атлетов RZD Gotokenoid Rtokenoid Utokenoid Tratokenoid 100 2022 доставлены в детский коррекционный дом номер 3 города Суздаль 33 Кроме того подарки нашли своих получателей в Погосте Быково где уже несколько лет наших Атлетов встречают юные местные жители которые поливают спортсменов водой а также предоставляют питьевую воду ️ Мы от всей души благодарим всех кто поддерживает Атлетов на трассе это очень ценно 33 Gotokenoid Rtokenoid,3,colloquial,Разговорный
Эталонная техника прыжка с двух ног от T Dtokenoid’а Техника всему голова 33 Если ты прыгаешь технично то ты прыгаешь максимально легко с высоким КПД и безопасно 33 При закрепленном навыке ты сможешь раскрыть весь свой потенциал Хочешь уже через 3 4 недели прыгать легко красиво и через 3 5 месяцев дойти до своих заветных 100 120 130 см прыжка? Прямо сейчас пиши мне в ЛС и записывайся на мой авторский курс До конца этой недели тебя ждет приятный бонус,3,colloquial,Разговорный
Лада победила Звезду В своем первом матче Турнира памяти Ю. И. Моисеева в Казани Лада встречалась со столичной Звездой. В первом периоде москвичи забросили две шайбы но после перерыва характер игры изменился тольяттинцы принялись наказывать москвичей за удаления трижды реализовав большинство а в концовке установили окончательный счет – 5 3 победа Лады. 25 августа. Звезда Москва – Лада 3 5 2 0 1 4 0 1 Лада Трушков Глухов 4 – Петриков Варнаков – Чернов – Мокин Медведев 2 – Тришин Ивашов – Аноховский – Митрофанов Усманов – Бобряшов Червоненко – Бодров 2 – Грошев Патрикеев 4 – Шикун Романов – Железнов – Щегольков 2 Стешенко. Шайбы забросили 1 0 Гренц Косоренков Назаревич14. 52 2 0 Гренц Назаревич Прохоров 17. 14 бол. 2 1 Чернов Варнаков 20. 50 2 2 Глухов Мокин Петриков 23. 53 бол. 2 3 Аноховский Митрофанов 24. 26 бол. 2 4 Мокин Петриков Глухов 26. 17 бол. 3 4 Котков Гренц Назаревич 34. 48 бол. 3 5 Митрофанов Аноховский 54. 47 Штраф 14 14. Броски 35 26. Вбрасывания 22 30.,3,colloquial,Разговорный
Каждую неделю я приближаюсь к тому уровню которого хочу достичь. В Мадриде несмотря на проигрыш в полуфинале я думаю что я показал хороший уровень тенниса. Даже после трех часового матча в полуфинале физически я чувствовал себя на 100,3,colloquial,Разговорный
Владелец Atokenoid Gamtokenoid Петр Stokenoid Слонов начал скамить людей Вчера Петр stokenoid Слонов продал группу за 4700₽ но не передал владельца после он сказал что вернул деньги а покупателю они не пришли.,3,colloquial,Разговорный
Когда сейчас кто то начнет петь гимны о величии современных игроков наромните ему о действительно Великих. Марио Лемье в сезоне 1992 93 получил Харт и Арт Росс набрав 160 очков в 60 матчах и это при том что четверть чемпионата около 2 месяцев он пропустил проходя терапию против онокологического заболевания.,3,colloquial,Разговорный
Сегодня Мельбурн The AGE. Нас уже ждут как уже почти официальный факт. Осталось Новаку только приехать,3,colloquial,Разговорный
Ребят помогите пожалуйста 33 Кх 125 96 года начался масложор 33 Маслосъемные колпачки менял не помогло 33 Я уже не знаю что делать,3,colloquial,Разговорный
Российская теннисистка 39 я ракетка мира Екатерина Александрова во втором раунде турнира Porstokenoid Tenntokenoid Grand Prtokenoid уступила эстонке Анетт Контавейт занимающей шестое место в рейтинге WTA 6 2 3 6 6 7 5. Далее Контавейт сыграет с белоруской Ариной Соболенко.,3,colloquial,Разговорный
Похвались своими играми 33 Покажи фотографии домашней коллекции Расскажи о своих играх попроси совета или ответь на вопрос Не отзывайся негативно о чужих играх НастолокМногоНеБывает,3,colloquial,Разговорный
Полуфинал турнира WTA 125 в Марбелье Тамара Корпач Осеань Доден 6 1 7 6 3 За титул она сыграет с Майар Шериф.,3,colloquial,Разговорный
news LampPost next week Вроде и много навалили в сегодняшний некствик а вроде ничего и нет.,3,colloquial,Разговорный
Смотрим матч с Уизардс tokentokenoid Обсуждаем игру в нашей беседе tokentokenoid,3,colloquial,Разговорный
Петр Ян Ильяс Хамзин и Николай Коваленко прилетели в Сочи на турнир АСА чтобы поддержать одноклубников Олега Оленичева и Павла Гордеева.,3,colloquial,Разговорный
О легендарном финале Мажора в бостоне многие забыли но этот пользователь Твиттера никак нет. Уже на протяжение более 3 месяцев каждый день он выкладывает твит с одинаковым текстом Faze Ctokenoid отдали победу Ctokenoid со счета 15 11 на ELEAGUE Major в Бостоне 28 января что принесло Северной Америке первую крупную победу в Cotokenoid Strtokenoid Gtokenoid Offenstokenoid.,3,colloquial,Разговорный
Редкий M54 RENEGADE бесплатно в аренду на месяц Подключай тариф Игровой и вместе с тяжем забирай Постоянный премиум аккаунт Эксклюзивный Т 44 100 Centtokenoid MK. 5 1 RAAC в аренду Скидка на выкуп техники после аренды,3,colloquial,Разговорный
Трэй Янг в матче Хьюстон Атланта 23 очка 3 подбора 13 передач 1 перехват 1 блок 7 22 FG 1 9 3PT 8 8 FT 37 54 игрового времени,3,colloquial,Разговорный
Группа поддержки шведских гонщиков на трибуне Speetokenoid tokenoid,3,colloquial,Разговорный
Где остановиться в Кировске? Запланировать отдых легко а вот определиться с местом проживания во время отдыха уже тяжелее. Сейчас мы расскажем о лучших местах для проживания в Кировске и Апатитах 33 Гостиница Северная Комфортное размещение в центре города большой выбор категорий номеров tokenoidtokenoid SPA зона и фитнес зал все что нужно для вашего отдыха. До ГЛК Большой Вудъявр 1. 6 км. До аэропорта 17. 5 км. До ж д вокзала 13. 6 км. tokenoidtokenoid оздоровительный комплекс Тирвас Санаторий располагается среди гор живописной природой Хибин можно насладиться прямо на территории. Здесь большой выбор лечебных процедур панорамный бассейн два корпуса с различными категориями номеров фитнес зал детская комната и собственный трансфер на котором можно добраться до города. До центра Кировска 4. 7 км. До ГЛК Большой Вудъявр 2. 3 км. До аэропорта 21. 8 км. До ж д возкала 15. 9 км. tokenoidtokenoid отдыха Лесная Идеальный вариант для тех кто приезжает отдыхать компанией 33 Ведь на базе отдыха 3 категории домов с возможностью размещения от 4 х до 8 человек в доме. Лесная находится недалеко от города Апатиты на берегу озера Имандра. Вся территория базы располагается в живописном хвойном лесу. Здесь есть спортивная и детская площадка детская горка в зимний период времени отдельная сауна с бассейном. До центра Апатитов 5. 7 км. До ГЛК Большой Вудъявр 26. 9 км. До аэропорта 18 км. До ж д возкала 4. 6 км. Планируйте отдых заранее по выгодным ценам 33,3,colloquial,Разговорный
Даниил САМСОНОВ Произвольная программа 1 этап Гран при России 2022,3,colloquial,Разговорный
Извините но от второй карты у нас только такие эмоции metokenoid,3,colloquial,Разговорный
news LampPost warhammer40k rtokenoid Продолжаем баловаться силами хаоса. Но на данный момент это небольшой фак на кодекс хаос рыцарей. Поменяли формулировку немного изменили цены так и живем.,3,colloquial,Разговорный
5 причин забронировать участие в этапе турнира по пляжному волейболу Гран при Комус Крупнейший любительский турнир по размеру призового фонда. На каждом из 5 этапов в разных городах Самара Казань Спб и 2 в Москве призовой фонд по 100 000 рублей. Команды занявшие с 1 по 6 место на любом из этапов сразятся в финале за грандиозный призовой фонд 500 000 рублей. Принимаются заявки от игроков любого уровня мастерства от 14 лет. Уплату всех налогов с выигрыша берем на себя верно оформим и перечислим в госорган. Налоги из выигрыша НЕ ВЫЧИТАЮТСЯ 33 Забронируйте сегодня участие в этапах турнира 17 и 24 апреля которые пройдут в Москве komtokenoid,3,colloquial,Разговорный
ДАНИИЛ МЕДВЕДЕВ ПРОБИЛСЯ В ПОЛУФИНАЛ WESTERN SOUTHERN OPEN ️ В четвертьфинальном поединке Мастерса в Цинциннати россиянин Даниил Медведев сломил сопротивление американца Тэйлора Фрица и обыграл его в двух сетах за 1 час минут 7 6 3 6 3 ️ КАМООООН,3,colloquial,Разговорный
Каспер Рууд на трибунах во время победы Рафаэля Надаля на Ролан Гаррос в 2013 году photostokentokenoid Rtokenoid,3,colloquial,Разговорный
Вашему вниманию статья о сегодняшнем по правде сказать великом событии.,3,colloquial,Разговорный
Александр Зверев официально снялся с Мастерса в Монреале Он продолжает восстанавливаться после травмы голеностопа которую получил в полуфинале Ролан Гаррос. Восстановление проходит хорошо Саша еще надеется сыграть на US Open. Но пока рано говорить выступит он в США или нет. Более реалистичным выглядит его возвращение на Кубке Дэвиса в Гамбурге в сентябре. Но мы надеемся что он будет готов раньше сообщил представитель теннисиста.,3,colloquial,Разговорный
Не забудьте завести будильник завтра начинается прекрасная трехдневная рабочая неделя. И чтобы подготовить вас к этому непростому трудовому подвигу предлагаем начинать с несложных задач. Например разобраться с тем как будут сформированы лиги на турнире в Казани 12 13 июня Участники турнира без гандикапа образуют Лигу А. Участники турнира с гандикапом по результатам жеребьевки они распределяются на группы по 4 команды в каждой. Команды занявшие 1 и 2 место в группах формируют Лигу В 3 и 4 места Лигу С Игры во всех Лигах будут играться по системе до двух поражений для определения первых 3 ех мест в Лиге А дополнительно разыграют 5 и 6 места. komtokenoid,3,colloquial,Разговорный
Желаете видеть свою рекламу здесь пишите в лс СПОРТ ЗОЖ Спортивные девушки Бодибилдинг Силовые упражнения ‍ Ты легкоатлет? Красавчик 33 Скейтер на риске Танцы Экстремальное похудение Голод Фитнес дома Пилатес Похудение ленивым Диета Дневник сыроеда Я ХУдею 33 Футбол Реал Мадрид Я Футболист MMA News tokenoid список еще 130 наших групп и контакты админа,3,colloquial,Разговорный
DeTrtokenoid рассказал на стриме что скоро будет турнир от разработчиков 33 Mtokenoid с выходом на LAN стадию 33,3,colloquial,Разговорный
Вильям Галлас Салиба должен быть готов к тому что он будет сидеть в запасе когда вернется. Только если Артета не изменит схему на 3 цз. Вильям должен это понимать и быть готовым иначе не стоит возвращаться в Арсенал потому что это будет сложно.,3,colloquial,Разговорный
Всех прекрасных подписчиц поздравляем с 8 Марта 33 Желаем побольше улыбок поменьше разочарований море счастья и любви а также достижения всех поставленных целей и исполнения желаний. Пусть в отражении в зеркале всегда будет счастливая и улыбчивая девушка komtokenoid,3,colloquial,Разговорный
На странице Казань Комус Fest обновились списки участников турнира с гандикапом. Всем игрокам начислен гандикап который проверен судейской коллегией согласно регламенту. Прокрутите страницу вниз до раздела Документы чтобы увидеть список Форма для оспаривания начисленного гандикапа своего и чужого Заявки на корректировки гандикапа принимаются до 6 июня 2022 года до 17 30 по Москве. komtokenoid,3,colloquial,Разговорный
Новые домашние животные? ЕвгенияМедведева Evgentokenoid,3,colloquial,Разговорный
Скоро выходные а это значит что наша группа продолжает ездить по городам нашей области в эту пятницу 17. 06. мы отправляемся в город Торжок. Сбор место и время встречи объявим чуть позже. Намечается то чего вы так давно ждали хотели и просили за всей информацией можете обратиться Angetokenoid Kotokenoid tokenoidtokenoid Стекольников tokenoidtokenoid Юдова,3,colloquial,Разговорный
Уже долгое время в сообществе Доты гуляют теории заговора PSG 332 шат или Каждый Инт по сценарию ведь хорошая история или яркий форс мажор привлечет больше внимания чем камбэк на 90 й минуте или GG на двадцатой Давайте представим себя сценаристами TI и вообразим какой исход событий заинтересует зрителя newstokentokenoid,3,colloquial,Разговорный
На чемпионате мира 2022 завершился 1 й групповой этап. По 4 лучшие команды из 4 х групп вышли во 2 й групповой этап в котором разыграют путевки в плей офф. Чемпионат мира 2022. 1 й групповой этап Болгария Казахстан 3 0 25 18 25 22 25 18 Болгария Э. Василева 14 Н. Димитрова 11 Паскова 10 Маринова 10. Казахстан Никитина 15 Белова 11 Михайлова 6 Смирнова 6. Бразилия Китай 3 1 23 25 25 17 25 22 25 22 Бразилия Тайнара 22 Габи 17 Карол Гаттас 15. Китай Ли Инин 22 Юань Синьюэ 14 Гун Сянюй 8 Ван Юньлу 8. Доминиканская Республика Таиланд 2 3 29 31 25 16 25 21 22 25 11 15 Доминиканская Республика Г. Гоназалес 28 Де ла Крус 21 Б. Мартинес 16. Таиланд Айчарапорн 26 Пимпичая 25 Татдао 9. Германия Канада 2 3 25 12 26 24 23 25 18 25 9 15 Германия Альсмайер 16 Ортманн 16 Вайтцель 14. Канада Грэй 25 Ван Рийк 19 Хоу 12. Пуэрто Рико Кения 3 1 25 15 19 25 25 18 25 20 Пуэрто Рико Аберкромби 20 Окасио 13 Инрайт 9. Кения Олуоч 22 Мукувилани 12 Кипроно 11. Корея Хорватия 3 1 25 21 27 29 27 25 25 23 Корея Пак Чжон А 21 Ли Сон У 21 Хван Мин Кен 15. Хорватия Фабрис 19 Бутиган 17 Шамадан 15. Колумбия Чехия 1 3 22 25 13 25 25 19 18 25 Колумбия Конео 20 Сеговия 10 Олайя 9. Чехия Орвошова 17 Млейнкова 14 Коссаньева 12. США Сербия 0 3 20 25 23 25 13 25 США Беджема 6 Дрюс 5 Вашингтон 5. Сербия Бошкович 25 Стеванович 8 Лозо 8. Польша Турция 2 3 25 22 23 25 22 25 25 18 11 15 Польша Стысяк 31 Ружаньски 21 Корнелюк 15. Турция Эбрар 22 Эда 14 Ханде 13. Бельгия Камерун 3 0 25 8 25 19 25 14 Бельгия Янсенс 14 Эрботс 13 Лемменс 12. Камерун Адиана 13 Бикатал 8 Пиата 5. Япония Аргентина 3 0 25 17 25 19 25 17 Япония Исикава 25 Иноуэ 14 Хаяси 9. Аргентина Куньо 14 Эррера 7 Фарриол 6. Нидерланды Италия 1 3 13 25 25 22 16 25 21 25 Нидерланды Далдероп 16 Бейс 11 Плак 7 Лохейс 7. Италия Эгону 20 Петрини 19 К. Босетти 13 Данези 13. Итоговое положение команд на 1 м груповом этапе Группа A. 1. Италия 5 0 15 15 2 2. Бельгия 4 1 12 13 4 3. Нидерланды 3 2 9 11 7 4. Пуэрто Рико 2 3 6 7 10 5. Кения 1 4 3 4 12 6. Камерун 0 5 0 0 15. Группа B. 1. Турция 4 1 11 14 7 2. Таиланд 4 1 10 12 7 3. Доминиканская Республика 3 2 11 13 7 4. Польша 3 2 10 12 7 5. Корея 1 4 3 3 13 6. Хорватия 0 5 0 2 15. Группа C. 1. Сербия 5 0 14 15 2 2. США 4 1 12 12 4 3. Канада 3 2 8 9 9 4. Германия 2 3 7 8 10 5. Болгария 1 4 4 8 12 6. Казахстан 0 5 0 0 15. Группа D. 1. Китай 4 1 12 13 3 2. Япония 4 1 12 12 4 3. Бразилия 4 1 12 13 5 4. Аргентина 2 3 5 6 12 5. Чехия 1 4 3 5 13 6. Колумбия 0 5 1 3 15. На 2 м груповом этапе играют Группа E. Италия Китай Бельгия Япония Бразилия Нидерланды Пуэрто Рико Аргентина. Группа F. Сербия США Турция Таиланд Доминиканская Республика Польша Канада Германия. На 2 м груповом этапе учитываются все очки набранные командами на 1 м этапе. По 4 лучшие команды из групп E и F выйдут в плей офф. Болгария Чехия Кения Корея Колумбия Хорватия Казахстан Камерун закончили выступления на чемпионате мира.,3,colloquial,Разговорный
Абсолютно каждым продуктом GSB GROUP формирует незабываемое ощущение полного комфорта и наслаждения от управления вашим мотоциклом скутером или мотовездеходом ведь в каждом новом продукте мы чуточку превосходим самих себя. ⠀ За более чем 20 летнее развитие GSB GROUP стала сильной и конкурентоспособной компанией по производству экипировки для активного отдыха. ⠀ Быть лучше из года в год – приоритетная задача нашей компании которую мы неукоснительно выполняем. GSB GROUP делает все необходимое для того чтобы продукция GSB отвечала самым высоким стандартам безопасности а именно европейской ECE американской DOT. Более того GSB GROUP была аккредитована по системе управления качеством ISO9001 2008 британской компанией UKAS. ⠀ Начиная с 2010 года GSB GROUP сотрудничает с итальянским дизайнерско конструкторским бюро Марио Стареззи Martokenoid Starezzi что позволило добавить в линейку производства шлемов новые формы и оригинальный дизайн. ⠀ Продукция GSB GROUP появилась в России в конце 2014 года. На сегодняшний день дилерская сеть официального представительства GSB в России насчитывает уже более 130 салонов. Количество ценителей качественной экипировки для активного отдыха от GSB GROUP постоянно растет. ⠀ Наш сайт интернет магазина tokentokenoid ⠀ Оформи заказ по телефону 7 800 555 34 96 ⠀ ftokenoid ftokenoid motoektokenoid motoektokenoid motoektokenoid,3,colloquial,Разговорный
Iatokenoid Atokenoid Btokenoid Jtokenoid The Pratokenoid Apptokenoid of Karate Kata Боевые применения ката форм карате один из самых захватывающих и к сожалению неправильно понятых аспектов практики карате. Книга Иэна Абернети Бункай Дзюцу Практическое применение Каратэ Ката это анализ ката каратэ и их применение в реальном бою предоставляющая читателю информацию необходимую для того чтобы раскрыть секреты ката и начать заниматься карате как законченным и реалистичным боевым искусством каким оно и было задумано. Предоставил Игорь Дубынин книгиtokentokenoid каратеtokentokenoid,3,colloquial,Разговорный
18 марта Алексей Ягудин отмечает свой день рождения. Ему исполнилось 42. Поздравляем 33,3,colloquial,Разговорный
Реал единственная команда которая обыграла Севилью в гостях,3,colloquial,Разговорный
Qtokenoid tokenoid the ortokenoid tokenoid tokenoid 33 Родившиеся в 1969 году бордшорты The Ortokenoid стали самыми первыми в мире настоящими бордшортами а компания Qtokenoid стала родоначальником продукта без которого тысячи серферов по всему миру не могут представить свою жизнь. Модель Itokenoid для девушек это бордшорты из плотного необработанного хлопка с двойной застежкой на талии. И конечно же как и остальные модели коллекции The Ortokenoid с легендарной боковой вставкой Artokenoid. Протестированы и нашей командой на суше и на море на протяжении многих лет выигрывая мировые титулы нарушая правила вдохновляя райдеров и комьюнити. Выбирай свои бордшорты и вперед на спот творить твою историю TheOrtokenoid qtokenoid,3,colloquial,Разговорный
Баскетбольная площадка внутри Карстовой пещеры Гуйчжоу Китай,3,colloquial,Разговорный
Санкт Петербург 33 Контест Питерский Jam уже в эту пятницу 33 Организаторы Питерский ЩИТ при поддержке tokenoidtokenoid FELLAZ и tokenoidtokenoid 33 Место Площадь Искусств д. 2 Дата 05. 08. 2022 Время 18 00,3,colloquial,Разговорный
Пятничные новинки 33 В продаже компактная игра на дедукцию Stokenoid Сказки и кулинарная книга по Dtokenoid Dragons 33 Stokenoid Сказки это небольшая и быстрая настолка в которой игроки вместе должны отыскать одного персонажа среди героев всемирно известных сказок. Все они в чем то похожи друга на друга но и отличаются сильно а среди играющих только один знает кого именно нужно найти но не можем сказать об этом игрокам напрямую. Игра совместима со Страшилками и другими наборами Stokenoid Пир героев позволит вам исследовать подземелья и побеждать драконов на сытый желудок. В этом официальном кулинарном путеводителе по D D описано 80 рецептов разных игровых рас от гномов до драконорожденных c тематическими фотографиями а также всевозможные эли и эликсиры например Отложенный огненный шар. Кроме того в Пире героев есть советы по готовке и описание четырех знаменитых таверн Забытых королевств так что книга пригодится и как справочник по миру игры Новинки Hotokenoid Stokenoid Dtokenoid,3,colloquial,Разговорный
Итальянская Суперлига 22 23 11 тур Лубе Чивитанова Перуджа с комментариями Николая Иванова Начало в 21 30 по МСК Поддержать трансляцию Твое сообщение на трансляции Карта Сбербанка 2202 2012 6112 7415 Карта ВТБ 5543 8614 3291 0089 Карта Тинькофф 5536 9141 4300 1638 Перевод на карту по СБП 79159783321,3,colloquial,Разговорный
Сергей Рябухин показывает как играть в красочную Поляну карточную настолку про естествоиспытателей путешествующих в поисках диких животных птиц и растений. Запоминающиеся иллюстрации не единственное достоинство игры. Кроме них Поляна может похвастаться завязанными на комбинаторике механиками и необычными конвертами с картами которые открываются при определенных условиях например после посещения национального парка или в первый день весны. Обзор Hotokenoid Поляна,3,colloquial,Разговорный
Доброе утро солдаты принимайте участие в нашей раздаче 33 Победитель получит любой наш худак на выбор а принять участие можно обратив внимание на пост в закрепе,3,colloquial,Разговорный
Открылся новый магазин Hotokenoid Games 33 На этот раз новая точка открылась в восьмом по численности городе России и крупном промышленном центре Самаре 33 Новый портал в мир настолок располагается на проспекте Ленина д. 10 Магазин работает с 10 00 до 21 00 без выходных Телефон 7 962 602 96 97 Подписывайтесь на группу магазинов в Самаре Нужен магазин в вашем городе? Этому можно помочь поделившись ссылкой на нашу франшизную программу без роялти и паушального взноса Открытие Hotokenoid,3,colloquial,Разговорный
Шарлотт выставил квалификационное предложение форварду Майлзу Бриджесу на 7 9 миллиона долларов за сезон 2022 23. Таким образом игрок станет ограниченно свободными агентом а клуб сможет повторить любое предложение на рынке. Бриджес претендует на подписание максимального контракта. В прошлом сезоне он набирал в среднем 20 0 очка 6 9 подбора и 3 8 передачи за матч. Ранее президент по баскетбольным операциям Хорнетс Митч Капчак заявил что команда планирует сохранить игрока. Наш комментарий Очевидно что Шарлотт до конца не верит что в Бриджеса кто то кинет максималкой. Но если это произойдет будут матчить без вариантов. А если нет буду ломать на 20 25 млн,3,colloquial,Разговорный
Всем привет 33 Подскажите какой шаг резьбы на рычаге тормоза? Болт найти не могу который на цилиндр жмет. Шаг меньше 1.,3,colloquial,Разговорный
Вторая часть описания локаций Кровавого королевства Моргау и его союзников для всех кто захочет провести кампанию или сюжетную арку в стиле готического ужаса но не в Равенлофте. Плоский мир Мидгард дает такую возможность да еще и заменяет темных эльфов империей упырей. Мрак все больше сгущается. Надежда на спасение угасает. Хватит ли сил вашим героям не утратить ее совсем и победить надвигающуюся Тьму? mtokenoid hetokenoid,3,colloquial,Разговорный
На этой неделе в Сараево открыли граффити с изображением Михаэля Шумахера – в память о гуманитарной помощи которую семикратный чемпион оказал Боснии и Герцеговине во время войны 1992 1995 годов. Он дважды приезжал в Сараево в качестве специального посла ЮНЕСКО и участвовал в сборе денег для лечения детей пострадавших от обстрелов и мин финансировал восстановление домов во время и после Боснийской войны. В память об этом группа художников – Ведран Поричанин Эмир Музич Рияд Хадзич Беньямин Ченгич – нарисовала граффити размером 10 на 13 метров на одном из домов восстановленном на средства гонщика. Этот проект был реализован совместно с Институтом Гете в Боснии и Герцеговине. Беньямин Ченгич Михаэль Шумахер – один из тех кого хотели бы поблагодарить граждане Сараево. Это граффити – то немногое что мы можем сделать в благодарность за его помощь во время войны а также попытка поддержать его семью в столь долгий и трудный период. В детстве я восхищался Михаэлем. Когда я был маленьким мы с отцом смотрели все гонки с его участием и я с большим интересом следил за его выступлениями. В то время я даже не знал имен других гонщиков.,3,colloquial,Разговорный
Ислам Махачев Я знаю что я переведу его и могу финишировать там Топовый российский легковес UFC Ислам Махачев уверен что заставит сдаться первого номера рейтинга Чарльза Оливейру если их поединок за вакантный титул будет организован. Все парни которых он побил они ударники – сказал Махачев в интервью ESPN. – Порье Чендлер У них у всех хорошая ударка но когда они роняли его никто не пошел к нему в грэпплинг и не удерживал там. Но мы знаем что когда кто то создает ему трудности он всегда сдается. Поэтому я поборю его вымотаю и он сдастся как он делал 10 раз в UFC. Он точно такой же как и прежде. Если кто то придет и поставит его в тяжелое положение он сдастся сто процентов. Его ронял Чендлер. Но никто не подержал его там чтобы он устал. В последнем бою Джастин почти финишировал его. Он уронил его но дал ему подняться обратно в стойку. Гэтжи использовал только руки пытался попасть сильным ударом и устал через 2 3 минуты. Все боятся его грэпплинга но я не переживаю на этот счет. Я боролся с лучшими грэпплерами мира. Я всю жизнь боролся с Хабибом. Поэтому мне нет дела до его грэпплинга. Я знаю что я переведу его и могу финишировать там. Все говорят что грэпплинг – это его сильнейший аспект но именно здесь я его финиширую. Ранее президент UFC допустил что Чарльз Оливейра и Ислам Махачев могут разыграть между собой вакантный титул который потерял бразилец не уложившись в вес перед недавним поединком с Джастином Гэтжи. ftokenoid ru,3,colloquial,Разговорный
MotoGP Шефы команд Пола Эспаргаро и Марка Маркеса рассказали о работе в Repsol Hontokenoid Два выдающихся гоночных инженера работающие вместе с выдающимися гонщиками MotoGP Полом Эспаргаро и Марком Маркесом рассказали как происходит взаимодействие в сильнейшей заводской команде чемпионата мира Repsol Hontokenoid.,3,colloquial,Разговорный
Система Вестсайд использует множество принципов которые появились много десятилетий назад и они все еще актуальны. . . Долгое время люди не понимали идей Вестсайда. Чтение одной или нескольких статей скорее всего тоже не сможет прояснить картину. Lotokenoid Stokenoid,3,colloquial,Разговорный
ХК Заряд ХК Алмаз 3 5 1 1 2 2 0 2 Голы и передачи 1 0 Пестерев Майер В. 1 1 Иванов Мальков 2 1 Майер В. Кытин 2 2 Мальков Чешагоров Богословский 3 2 Майер В. Воропаев 3 3 Морозов Красин 3 4 Мальков Чешагоров Богословский 3 5 Богословский Чешагоров Лучшие игроки матча ХК Заряд Владислав Майер ХК Алмаз Сергей Богословский Лучшие игроки награждаются скидочными купонами в 50 на заточку коньков от магазина хоккейной экипировки Overttokenoid ахл хоккей омск дивизионЛюбитель кубокВьюхина,3,colloquial,Разговорный
Баскетболист? ️‍ ️ Закажи индивидуальный мерч в стиле любимой команды Чехол в стиле твоей формы с фамилией и номером Мини джерси в тачку точная мини копия формы ️Коврик в раздевалку для переодевания любая модель телефона любой спорт любая команда даже любительская Пиши ⬇ Торопись в первый день обращения по нашему промокоду Ttokenoid jtokenoid действует скидка 10 на всю продукцию 33,3,colloquial,Разговорный
Зрители видят только секундные выступление легкоатлетов на стадионе. О том каких усилий это стоит и сколько приходится каждый день работать задумываются лишь немногие.,3,colloquial,Разговорный
И ЕЩЁ ОДИН АНОНС Друзья товарищи 33 И еще спешим сделать вам ЕЩЁ ОДИН анонс видео 33 Вот такое вот щедрое начало лета В этот раз оно будет о снаряжении для собак. Сейчас это видео мы готовим параллельно со съемкой и монтажом видео про перископы но основные идеи уже оформились. Снимем в ближайшее время. Снаряга на нашей собаке которая тренирована как СЛУЖЕБНАЯ пошита нашим товарищем из Tatokenoid Dog eqtokenoid. Не побоимся этого слова снаряга просто охреневшего качества 33 Ребята шьют профессиональную снарягу потому что на собаке она вся горит. Это десантная шлейка для ситуаций когда с собакой нужно либо спускаться в альп. снаряжении либо десантироваться с парашютом. А так же ошейник и поводок. О снаряжении и об особенностях его применения расскажем в ближайшее время. Кому интересно что за собака это бельгийская овчарка Matokenoid по имени Аман. Это родной брат нашей Нефти. Он встал на свое место в строй он собака спасатель и он ищет людей. Но место Нефти навсегда останется незанятым.,3,colloquial,Разговорный
Команда Студи объявила о контракте с Аугусту Фарфусом заодно продемонстрировав раскраску своей М4. А где это было впервые упомянуто? Нет не в интернетах а в полновесном отчете печатного Отосупоцу.,3,colloquial,Разговорный
Турнирная сетка плей офф Last Chantokenoid Qtokenoid Завершился первый день плей офф квалификаций. Первыми командами которые покинули Сингапур стали Tempest Infamotokenoid notokenoid и Potokenoid Esports.,3,colloquial,Разговорный
Финал 1 Личного Чемпионата Мира 2022 Видео Эдуарда Николаева Speetokenoid tokenoid ЛЧМ2022,3,colloquial,Разговорный
MotoGP Довициозо Нужны большие перемены но Yamaha думают только о Квартараро Андреа Довициозо постепенно смиряется со своей судьбой и неумолимо приближающимся концом карьеры гонщика MotoGP. После тестов у Дови был ужасно разочарованный взгляд. Гонщик испытывает большие трудности на Yamaha. Вообще в Yamaha сейчас никто не может биться за достойные позиции кроме Квартараро но Даррен Биндер – новичок а у Франко Морбиделли уже есть контракт на следующий сезон. Ситуация Андреа в этом плане сложнее и вряд ли итальянцу удастся переломить ход событий в ближайшее время начав показывать сильные результаты. AD04 У нас не было практически никакого материала для тестов. Поэтому мы сосредоточились на балансировке мотоцикла. Ощущения на мотоцикле немного улучшились сейчас я могу тормозить немного эффективнее. Однако в целом уровень тот же что на уик энда. Нам было доступно всего пара мелочей для тестов и все. Но эти изменения слишком малы. Yamaha не были готовы представить что то большее на этих тестах. И пока что даже не понятно готовы ли они сделать это в будущем. На мой взгляд не существует способа улучшить уровень сцепление работая с настройкам. Необходимо внести большие изменения в мотоцикл и приступать к работе нужно заранее. На данный момент никто не знает что и как делать но необходимо начать. Непонятно намерены ли в Yamaha хотя бы начать разбираться с проблемой или нет. Они сосредоточены на Фабио учитывая что он борется за титул это логично. Поэтому они не вкладываются в вещи которые Квартараро не считает приоритетными.,3,colloquial,Разговорный
Друзья всем отличного вечера 33 Кто чем занят? Го по фоточке 33,3,colloquial,Разговорный
Кубок Гагарина Итоги игрового дня Салават Юлаев – Трактор – 3 1 1 0 1 1 1 0 1 0 – 11 Кузьмин Санников Картаев 2 0 – 24 Тихонов Кадейкин Хафизуллин 2 1 – 38 Гика Седлак Кулик 3 1 – 60 Кулемин Башкиров Картаев Вратари Шарыченков 19 20 – Вилл 30 32. Счет в серии – 2 1 Динамо Москва – ЦСКА – 1 2 0 0 1 1 0 1 0 1 – 26 Провольнев Светлаков Соркин 1 1 – 36 Фисенко Бойков Игумнов 1 2 – 54 Панкратов Абрамов Счет в серии – 0 3,3,colloquial,Разговорный
Молодежная команда СШОР Самотлор сегодня начала тренировочный сбор в Нижневартовске. В распоряжении главного тренера Эдуарда Мермана 15 игроков. Первый этап сборов продлится до 1 августа после чего ребята отправятся в город Бердск и продолжат подготовку к сезону.,3,colloquial,Разговорный
День рождения сегодня у Романа Поважного 33 Поздравляем 33 Speetokenoid HappyBtokenoid Желаем жизненных побед и материального достатка. Пусть все плохое будут позади а впереди ждет только хорошее. Побольше верных друзей и любящих людей. Мудрости счастья и здоровья 33,3,colloquial,Разговорный
Кто то уже начал грустить и осознавать что сезон почти кончился?,3,colloquial,Разговорный
Сборная новичков по итогам регулярки. Самое время поговорить о снабах?,3,colloquial,Разговорный
Стало известно почему никто не может обыграть СКА в этом сезоне Все команды едут в Санкт Петербург не играть а пить. Ну Андрей Разин так точно,3,colloquial,Разговорный
Первый ас От Админа Сколько уже играешь в пабгм tokenoid?,3,colloquial,Разговорный
Новый выпуск на канале Путь Чемпиона. Наш герой Александр Шаблий. Откровенный разговор о минусах BELLATOR почему его не продвигает организация на какой контракт он согласился бы в UFC интересен ли ему бокс. Приятного просмотра 33,3,colloquial,Разговорный
️ВНИМАНИЕ. Мы готовы объявить дату премьеры Старт Баскетбольной Лиги Бикини 10 ОКТЯБРЯ ️‍,3,colloquial,Разговорный
Хотелось бы поблагодарить Андрея Рублева. Мне было приятно разделить этот корт с тобой в Белграде. Хотелось бы сказать спасибо организатором этого замечательного турнира моей семье команде фанатам. Отдельное спасибо игрокам которые сделали этот турнир особенным. Увидимся в следующем году ️ Sertokenoid Notokenoid,3,colloquial,Разговорный
Ntokenoid R390 GT1 1998 Этот суперкар был выпущен в единственном экземпляре для дорог общего пользования а только потом на его основе японцы создали четыре одноименные гоночные машины для участия в Ле Мане 33 Изначально R390 GT1 был красного цвета но затем его слегка модернизировали и изменили цвет на синий Автомобиль находится в штаб квартире в Японии рядом с четырьмя одноименными гоночными болидами 33 Стоимость синего R390 GT1 1. 000. 000 036 Характеристики синего R390 GT1 3 5 литровый V8 твин турбо с отдачей 558 л. с. и 637 Нм крутящего момента 6 ступенчатая секвентальная КПП масса 1100 кг 0 96 км ч 0 60 миль ч за 3 9 с максимальная скорость около 354 км ч,3,colloquial,Разговорный
Шикарный буллит исполнил Денис Зернов Просто роскошно ничего и не скажешь,3,colloquial,Разговорный
Atokenoid вступает в Формулу 1 конец безлимитного бюджета Dtokenoid в MotoGP близок? Новость из мира моторного спорта которую приберегли для пятницы Atokenoid подала заявку на вступление в Формулу 1 и с 2026 компания намерена выступать заводским проектом. Как это связано с MotoGP и что это означает для будущего Dtokenoid?,3,colloquial,Разговорный
Нерчинск аэродром Общее расстояние трассы 1 6 км Есть участки с волнами метров 700 думаю можно выбрать с хорошим участком.,3,colloquial,Разговорный
ТИМ СНЯЛСЯ СО ВСЕХ ТУРНИРОВ В ЮЖНОЙ АМЕРИКЕ Доминик Тим снялся с турниров в Буэнос Айресе Рио и Сантьяго. Он планирует вернуться к соревнованиям в Индиан Уэллс. Напомним на этой неделе ему пришлось сняться с турнира в Кордове. Причиной отказов стала небольшая травма правой руки – у него растяжение мышц между суставами пальцев. Тренировки в Вене прошли хорошо и я очень рад что запястье полностью восстановилось. К сожалению произошла небольшая заминка из за которой мне пришлось временно прервать тренировки. Нелегко вернуться после семи месяцев без соревнований. Я последую советам врача и отдохнув пару дней снова приступлю к тренировкам на следующей неделе. Мне нужно стабильно тренироваться на корте прежде чем я вернусь newstokentokenoid Thtokenoid,3,colloquial,Разговорный
️Тай Джером скорее всего будет отчислен или обменян в ближайшее время Защитник Тандер находится вне расположения команды в первый день тренировочного лагеря. Если Джером покинет Оклахому то в ростере команды останется один лишний игрок. Источники предполагают что следующим кто покинет Тандер может стать защитник Тео Маледон или центровой Деррик Фэйворс.,3,colloquial,Разговорный
Есть множество поводов заглянуть в Okko и единоборства и футбол и теннис а еще 90. 000 фильмов и сериалов доступны в новой подписке Оптимум Спорт. И до 21 августа ее можно купить по суперцене 3490 рублей за год 33,3,colloquial,Разговорный
Приключения героев Инея Морозной Девы продолжаются 33 В этот раз героям удалось раскрыть давнее и запутанное преступление. . . однако ради этого они сами пересекли черту закона. Отчеты группы Рельсовое полотно неизменно приятно и интересно читать. Вместе с ними вспоминаем прошедшие игровые выходные и предвкушаем следующие.,3,colloquial,Разговорный
Прямая трансляция полуфинального матча Чемпионата Мира по волейболу с моими комментариями Польша Бразилия,3,colloquial,Разговорный
новости которые мы заслужили 33 Уволокли из тачки вот такой спортивный выхлоп кто увидит дайте знать вещь не дешевая,3,colloquial,Разговорный
4x2Mtokenoid 11 В. Желаем всем доброго утра отличного настроения и продуктивного начала рабочей недели 33 Фото Екатерина Кетова. 05. 11. 2022. nvtokenoid,3,colloquial,Разговорный
Сегодня у нас team tokenoid Изучаем историю Санкт Петербурга и укрепляем командный дух,3,colloquial,Разговорный
Лекция Образовательные игры с позиции современного геймдизайна на конвенте Граникон 2022. Юрий Ямщиков рассказывает о ключевых понятиях геймдизайна о том чего не хватает современным образовательным играм и предоставляет базовые инструменты разработки чтобы образовательные игры могли стоять с развлекательными на одной ступени. граникон2022 ШколаГеймдизайна,3,colloquial,Разговорный
Всем добра 33 Подскажите пожалуйста кто нибудь покупал манифолды v tokenoid на али экспресс? Манифолды карбюратора там купил а от v tokenoid не могу никак найти.,3,colloquial,Разговорный
Cредние клубы которые зашли в топ 8 Сандерленд 2000 2001. 7 место Тренер Питер Рид Ключевые игроки Эмерсон Томе Майкл Грэй Томас Серенсен Нил Куинн Дон Хатчисон Кевин Килбэйн Джоди Краддок Кевин Филлипс,3,colloquial,Разговорный
Врубил чит код Невероятная игра от вратаря Локо Егора Горшкова,3,colloquial,Разговорный
Месси отгрузил классный голешник Лансу и помог ПСЖ завоевать досрочное чемпионство. Все золотой мяч ему опять обеспечен?,3,colloquial,Разговорный
Ферстаппен стал одним из самых богатых голландцев в мире Пилот Red Btokenoid Макс Ферстаппен вошел в число 500 богатейших голландцев планеты. Доминирующий в настоящее время чемпион мира впервые попал в список самых богатых голландцев на 500 е место хотя отсечение для списка выросло на 10 миллионов евро до минимума в 120 миллионов евро. 120 миллионов? именно столько по утверждению голландского журнала Qtokenoid заработал Ферстаппен. Удивительно но еще одним новичком стал принц Бернхард совладелец голландской трассы в Зандворте. Его состояние оценивается в 125 миллионов евро что ставит его на 481 е место в списке Qtokenoid 500. Что касается Ферстаппена то по словам босса Red Btokenoid Кристиана Хорнера его восхождение к супербогатству и доминированию в Формуле 1 не получило заслуженных аплодисментов. Кристиан Хорнер На самом деле мы являемся свидетелями чего то особенного. И я иногда думаю что его достижения возможно не получают должного одобрения.,3,colloquial,Разговорный
Универсальная кредитная карта Тинькофф Платинум До 120 дней без Кредитный лимит до 700 000 руб. Кэшбэк до 30 бонусами. Рассрочка 0 до 12 месяцев. Решайтесь на будущее 33 Оставляйте заявку доставим уже завтра,3,colloquial,Разговорный
Чемпионат России класс технический 2022 год 06. 07. 2022 21. 07. 2022 События хронология итоги,3,colloquial,Разговорный
Дорогие друзья получил информацию по договорному матчу Проход уверенный Коэффициент 3 Цену оставляю 1000р Новичкам на первый раз сделаю акцию с оплатой 50 50 33 Выделяю 15 мест Кто хочет поднять денег обращайтесь Пишите только по делу в сообщения группы куплю матч Матч есть во всех БК,3,colloquial,Разговорный
А ГДЕ ПОЛУЧИТЬ МЕДИЦИНСКУЮ СПРАВКУ? Получить справку можно в медицинском центре Медицинский центр Шанс по следующим адресам Чекистов 14 Крауля 44 Единый телефон 385 000 1 ПРИЯТНЫЙ БОНУС Помимо получения справки Участник при необходимости получит консультации врача специалиста. Участники забегов на все дистанции обязаны иметь медицинскую справку на которой должны обязательно присутствовать образец прикрепили ниже ФИО участника дата рождения печать выдавшего справку медицинского учреждения подпись и личная печать врача в справке должно быть указано что у участника отсутствуют противопоказания для участия в забеге на выбранную им дистанцию справка должна быть выдана не более чем за 6 месяцев до даты старта. Детям на дистанцию ktokenoid 800м справка не нужна Ксерокопия медицинской справки принимается только при предъявлении оригинала. Справки не возвращаются.,3,colloquial,Разговорный
Один матч второй игровой недели Лиги наций отменен Все началось с нескольких случаев COVID 19 в женской сборной Таиланда на второй игровой неделе им разрешили заменить этих игроков чтобы участвовать в соревнованиях в Кесон Сити Филиппины а затем это продолжилось болезнью главного тренера мужской национальной сборной Италии Де Джорджи и его помощника Капонери оба находились на карантине в Оттаве Канада прежде чем вернуться домой. Оба эксперта выбыли на вторую неделю. Теперь появилась информация о том что игра в которой должны были участвовать Франция и Китай и которая должна была состояться в Кесон Сити была отменена из за нескольких случаев коронавируса в азиатской команде. ФИВБ присудила победу олимпийским чемпионам со счетом 3 0. Посмотрим является ли это только началом заражения команд и отмены матчей с акцентом на азиатский этап учитывая что восточный и юго восточный регионы континента в настоящее время являются горячей точкой вируса. VNLMtokentokenoid,3,colloquial,Разговорный
Командный Кубок России 2022 г. Speetokenoid КубокРоссии Этап 3. 08. 09. 2022 г. Тольятти СТК им. А. Степанова Фото Спидвей Салават видео,3,colloquial,Разговорный
Килиан Мбаппе – это выдающийся спортсмен один из наиболее перспективных футболистов современности и универсальный нападающий который может сыграть на любом из флангов. А вы знали что Спортом он начал интересоваться практически с рождения. Двухлетнего Мбаппе часто можно было увидеть на стадионе местного любительского клуба где работал тренером его отец. В 2016 году Килиан сумел привести свою молодежную сборную к статусу чемпиона Европы. Он стал вторым лучшим бомбардиром на этом турнире забив пять голов. В активе у Мбаппе есть награда чемпиона мира и три титула чемпиона Франции. Из личных достижений стоит выделить статус лучшего молодого игрока чемпионата мира и приз Gotokenoid Boy 2017 года. Он является лицом бренда Ntokenoid. Эта компания производит для футболиста бутсы с персональным дизайном. Килиан активно жертвует свои деньги в пользу благотворительных фондов. Вместе с другими известными футболистами Джорджем Веа и Дидье Дрогба он способствуют развитию спорта в Африке. Мбаппе является первым в 21 веке молодым футболистом забившим более тридцати голов за сезон в одной из пяти топ лиг. До него подобное достижение покорилось только Роналду с тех пор прошло больше 20 лет. Умный футбол интересное Килиан Мбаппе Звезды футбола Файл не выбран Еще,3,colloquial,Разговорный
Организаторы турнира в Майами поздравили Игу Швентек с будущим званием первой ракетки мира.,3,colloquial,Разговорный
Более тысячи спортсменов приняли участие в Кроссе нации в Нижнем Тагиле 17 сентября. Всероссийский день бега прошел на горе Долгой. В программе детский забег на 1 км дети 6 8 лет массовый забег на 2 км все желающие без учета времени а также спортивные забеги где участники преодолевали дистанции 2 3 и 5 км на время. На спортивные забеги заявились 199 человек победители определялись в девяти возрастных группах. Среди вышедших на старт представители спортивных школ учебных заведений города предприятий. Фото в посте Тагильский рабочий еще фото,3,colloquial,Разговорный
Что заставляет одних людей прыгать со скал мчать на байке или авто до отсечки или путешествовать автостопом с незнакомцами а другим даже не нравится кататься на американских горках? Есть ли такая вещь как ген храбрости или мозг сорвиголовы? Или наш уровень влечения к опасности связан с тем насколько наши родители оберегали нас? А что заставляет рисковать Вас друзья роупджамперы? Расскажите про свой самый жуткий опыт связанный с экстримом чтобы это ни было.,3,colloquial,Разговорный
Возможно кого то эта новость разочарует но приземление прошло успешно.,3,colloquial,Разговорный
Самые дорогие трансферы защитников в истории Челси. Chetokenoid foottokenoid,3,colloquial,Разговорный
Слаломист из Германии Александр Шмид попал в историю Кубка мира Мужской слалом прошедший в воскресенье в Венгене вошел в историю. Мы уже писали как норвежец Лукас Браатен сенсационно выиграл гонку несмотря на 29 е время в первом заезде.,3,colloquial,Разговорный
Может не стоит так шутить над бардами. . . яжнастольщик нри,3,colloquial,Разговорный
Даниил Медведев поставил рекорд России по неделям на 1 й строчке рейтинга ATP ️ GOAT российского тенниса?,3,colloquial,Разговорный
Ярославский Локомотив заинтересован в подписании форварда ЦСКА Сергея Андронова. У игрока 30 апреля истекает контракт и он выходит на рынок свободных агентов.,3,colloquial,Разговорный
ЭКСТРИМ Фильм Фильм о скейтбординге Pravtokenoid Настоящее олицетворение скейтбординга происходит на улицах и мы обожаем то в чем несомненно принимаем участие всю свою сознательную жизнь. Этот фильм не покажет сколько трудов понадобилось на осуществление каждого трюка но он покажет финальный результат большой работы глобального веселья и полного безразличия к взрослой жизни то чем для нас всегда был и останется скейтбординг. Проект снимался в 2020 и 2021 году на улицах Санкт Петербурга. Разрушали Егор Шохин Максим Лукичев и Егор Голубев. Главный оператор Георгий Мирчук,3,colloquial,Разговорный
Venz Дольф Лундгрен. Промо фото фильма о Джеймсе Бонде Вид на убийство 1985. Atokenoid Dotokenoid AVtokenoid ДольфЛундгрен ВидНаУбийство,3,colloquial,Разговорный
️Сегодня утром актер Уилл Смит ударил по лицу комика Криса Рока из за шутки о прическе его жены. Дело в том что женщина страдает от заболевания которое приводит к выпадению волос. ️Дана Уайт Наконец то на шоу Оскар есть на что посмотреть. И у Крис Рока крепкий подбородок.,3,colloquial,Разговорный
Бесплатная чистка устройства от Ptokenoid Game Чистка компьютера или ноутбука идет в подарок при ремонте устройства,3,colloquial,Разговорный
Нокаут в крысу за поцелуй Шара Буллет избил мужчину в торговом центре Небитый дагестанский боец решил побороться за нравственность прямо на эскалаторе ТЦ в Махачкале. 28 летний боец Шарабутдин Магомедов 8 0 более известный фанатам как Шара Буллет избил посетителя ТЦ в Дагестане. Ситуация для нормального человека комичная Шара спускался вниз на эскалаторе в одном из ТЦ Махачкалы и увидел целующуюся пару. Кровь девственника борца за нравственность мгновенно вскипела и он сделал ребятам замечание. В результате парни уже спустившись вниз начали драться. Первым ударил обнаглевшего пуританина автор поцелуя завязалась драка но на месте разобраться не удалось так как профессионал в честной драке попросту не вывез. Но опозоренный Шара на этом не успокоился подкараулил обидчика на улице выскочил из за угла и в крысу нокаутировал парня до кучи пропечатав рухнувшее на асфальт бездыханное тело контрольным стомпом в голову. Не иначе будущий чемпион AMC FIGHT NIGHTS 33 Все это вроде как случилось месяц назад а было обнародовано сейчас телеграм каналом Mash. Естественно дикарь тут прорвался в СМИ с оправданиями и начал рассказывать сказки для бедных – мол есть негласные законы а он совершенно случайно оказался негласным шерифом и решил навести порядок негласными методами не отходя от негласной кассы В Махачкале все равно есть свои какие то негласные законы своя мораль. В Москве такое допустимо у нас такое недопустимо. Я не смог промолчать не сделать замечание. Если бы это был турист или иностранец можно было бы просто попросить. Я и тут хотел сказать что он просто не очень правильно поступает ошибается. Но я ему сказать не успел ничего. Я говорю Пойдем на улицу. В торговом центре мне не хотелось с ним разбираться. Эскалатор кончился я хотел на нижний этаж пойти. Увидел что он дистанцию взял для удара я еще подумал – опережать не стану чтобы как дикарь не выглядеть. Лучше же объяснить человеку. Он взял меня сразу ударил. И через минуту ты нокаутировал его исподтишка. Главное не выглядеть дикарем 33 Мы пообщались с этим парнем поговорили я сказал что мой последний удар был лишний он сказал что погорячился когда с девушкой на эскалаторе целовался. Извинения друг другу принесли можно сказать заявил Магомедов Матч ТВ. По словам зазвездившегося Шары он до последнего думал что соперник его узнает но тот решил воспользоваться тем что он просто больше меня в размерах. Думал ударит и ситуация закроется. Но я тоже умею держать удар. Ну он мой ровесник. Сложен тоже так спортивно. Думаю чем то занимался. В челюсть мне попал заявил Буллет. Нокаут в крысу за поцелуй Шара Буллет,3,colloquial,Разговорный
Как неожиданно и ярко На влажной неба синеве Воздушная воздвиглась арка В своем минутном торжестве 33 Отрывок из стихотворения Федора Ивановича Тютчева. Автор фотографии Наргиза Кахарова,3,colloquial,Разговорный
Медведев о том как недопуск на Уимблдон влияет на мотивацию В каком то смысле мне даже легче Первая ракетка мира Даниил Медведев рассказал как недопуск на Уимблдон влияет на его мотивацию на травяные турниры. В каком то смысле мне даже легче. По моему играть на траве физически очень сложно. Конечно между Галле и Уимблдоном есть неделя перерыва и этого должно хватить на восстановление но про себя ты всегда думаешь А если я сыграю пять трехсетовиков и закончу трехчасовым финалом? Ты можешь проиграть потерять уверенность в себе перед Уимблдоном. Ты постоянно играешь с задней мыслью о том что готовишься к Уимблдону. Сейчас у меня этого нет. Я играю этот турнир и значение имеет только он. Я хочу заработать как можно больше очков и не думаю о том как бы подготовить игру чтобы быть в лучшей форме на Уимблдоне. Я хорошо мотивирован. Я ненавижу проигрывать и люблю побеждать так что не имеет значения где я играю. Я всегда хочу победить. Медведев рассказал что на следующей неделе будет защищать титул на Мальорке как бы ни сыграл в Галле. После этого он поедет во Францию отдыхать и готовиться к хардовому сезону.,3,colloquial,Разговорный
Аммар – олицетворение Доты. Благодаря ему интерес к профессиональной сцене будет всегда. Дерзость талант молодость newstokentokenoid,3,colloquial,Разговорный
Всем привет. Я сварщик из деревни Я занимаюсь сваркой авто Русского производства 33 По самым НИЗКИМ ЦЕНАМ В РЯЗАНИ 33 Не верите? А что если я вам скажу что переварка порога на жигули всего до 3000 рублей. Арки на ваз 2108tokenotokenoid до 3000 рублей. Варю на совесть а это сейчас это редкость Пишите все обсудим и договоримся на самую приятную цену 33,3,colloquial,Разговорный
Секрет дисциплины заключается в мотивации. Когда человек достаточно мотивирован дисциплина позаботится о самой себе.,3,colloquial,Разговорный
Очень непривычно смотреть на то как Майк попадает в такую ситуацию но он реально железный держалка на высшем уровне,3,colloquial,Разговорный
Для публикации кидайте ваши беговые фоточки в комментарии к этому посту ⬇️ А сейчас своим бегом мотивацией и позитивом делятся наши дорогие друзья участники нашей группы Владимир Алексеев tokenoidtokenoid Соболева tokenoidtokenoid Ишкильдин tokenoidtokenoid Mar tokenoidtokenoid Волгина tokenoidtokenoid Петухова tokenoidtokenoid Посунько tokenoidtokenoid Шульгин tokenoidtokenoid Калинин tokenoidtokenoid Синев Спасибо за отличный бег дорогие друзья 33 Легких вам ног крепкого здоровья и новых беговых рекордов 33 бегжизнь делисьбегом спорт забег зож rtokenoid всембег старт,3,colloquial,Разговорный
Бууум 33 Многочисленные источники сообщают о том что в Спартаке все же сменится власть на место Федуна придет Хачатурянц. vkfoottokenoid,3,colloquial,Разговорный
Олимпийские зимние игры 2022. Прямые трансляции Сегодня 10 февраля смотрите прямые трансляции соревнований по керлингу в рамках Олимпийских зимних игр 2022 года в Пекине на канале Матч 33 Игра. Вашему вниманию предлагаются следующие встречи 4 05 команда ОКР – США женщины 9 05 команда ОКР – Китай мужчины Комментаторами матчей выступят Екатерина Галкина Тимур Гаджиханов и Александр Логинов.,3,colloquial,Разговорный
Есть эксперты на сколько десятков тысяч рублей звук тянет? Вчера ни с того ни с сего появился звук. Натяжитель или успокоитель как думаете? Или может что другое?,3,colloquial,Разговорный
Бенеил Дариуш победил Матеуша Гамрота на UFC 280 На Ettokenoid Arena в Абу Даби завершился поединок главного карда турнира UFC 280 в котором рейтинговый американский легковес Бенеил Дариуш вышел в октагон с перспективным поляком Матеушем Гамротом. Гамрот сразу бросился вперед но Дариуш охладил его пыл хай киками. Бойцы перешли в партер где оба действовали весьма сумбурно. Бой вернулся в стойку однако Гамрот быстро провел тейкдаун. Поляк позволил сопернику подняться на ноги а затем еще раз перевел его на землю. Во втором раунде Дариуш нанес жесткий удар по корпусу. Гамрот попытался провести еще один перевод на канвас но безуспешно. Дариуш грамотно защищался от тейкдаунов перебивая своего соперника в стойке. Лишь на последних секундах раунда Гамрот добился своего и провел тейкдаун. На старте заключительного раунда Гамрот снова пошел за тейкдауном однако Дариуш защитился. За полторы минуты до конца боя Дариуш отправил оппонента в нокдаун четким ударом левой навстречу. Концовка поединка получилась вязкой. Никто из бойцов так и не рискнул и в итоге судьи отдали победу Дариушу.,3,colloquial,Разговорный
Стивен Адамс о подборах Я бы упомянул Денниса Родмана. Он говорил о вращении мяча траектории отскока и прочем. Он дикий приятель. Я слишком глуп для этого приятель. У меня недостаточно мозговых клеток для этого брат. Я просто стою и жду пока мяч упадет мне в руки.,3,colloquial,Разговорный
Вельмі антуражнае фота старога стадыена Дынама Стадионы tokenoid,3,colloquial,Разговорный
Бавария заинтересована в Садио Мане сообщает Sky Germany,3,colloquial,Разговорный
Конор МакГрегор в Дублине встретился с фанаткой которая поборола рак.,3,colloquial,Разговорный
До старта забега остается все меньше времени Самое время регистрироваться и получить долгожданный слот Выдача стартовых пакетов на забег Майская гроза будет осуществляться по адресу г. Екатеринбург ул. Металлургов д. 87 ТРЦ Мега 30. 04. 2021 с 10 00 – 21 00 01. 05. 2021 с 10 00 21 00. Выдача стартовых пакетов в день старта возможна только за отдельную плату стоимость 500 руб. Если вы не можете самостоятельно забрать свой стартовый пакет то его могут забрать за вас по доверенности. Для получения пакета участника по доверенности необходимо предъявить оригинал доверенности на имя доверенного лица удостоверение личности доверенного лица копия удостоверения личности участника оригинал медицинской справки на имя участника о допуске к забегу Также сегодня покажем вам крутые футболки к забегу Майская гроза,3,colloquial,Разговорный
Вы никогда не узнаете насколько вы на самом деле сильны пока быть сильным не станет единственным выходом который у вас есть. боевыеискусства,3,colloquial,Разговорный
ДАНО На плане трассы отмечены сектора где красным быстрее Шарль Леклер синим Макс Ферстаппен бирюзовым Льюис Хэмильтон Вопрос Что будет в гонке?,3,colloquial,Разговорный
Когда тренер говорит что ты не на полную выложился на соревнованиях.,3,colloquial,Разговорный
С каким темпом бежит? Пишите в комменты. . . . . rtokenoid. . . . . . . . бег забег зож rtokenoid легкаяАтлетика ла спорт темп,3,colloquial,Разговорный
Друзья мы рады представить вашему вниманию видео Данила Ющенко sport 39 21 33 Даня продуктивно поснимал в конце прошлого года в скейтпарке в ТЦ Мега если вы любите техничное катание по граням нестандартные комбинации и упор на стиль то его новое видео придется вам по вкусу. Приятного просмотра 33,3,colloquial,Разговорный
Вариация отжиманий из сопряженного метода от Вестсайд Барбелл. Weststokenoid Bartokenoid,3,colloquial,Разговорный
ЧТО? Ты еще не участвуешь в нашем Gtokenoid? Переходи по ссылке и принимай участие в Spatokenoid Htokenoid Gtokenoid на 60 космических призов с общим призовым фондом 036 1573 33 Не упусти шанс,3,colloquial,Разговорный
️ Фрэнк Вогель на предматчевой конференции Нас никто не жалеет. Мы не жалеем себя. Тренер отметил что Энтони Дэвис сегодня в игре,3,colloquial,Разговорный
Невероятная эстетика программы Парфюмер Tetokenoid TeamShtokenoid,3,colloquial,Разговорный
Видео весь экшн субботы на Phtokenoid Istokenoid Stokenoid и 1 гонка Wortokenoid Stokenoid Джонатан Рэй вернулся на Phtokenoid Istokenoid чтобы подтвердить свой статус самого успешного пилота Wortokenoid Stokenoid посмотрим удалось ли ему превзойти Альваро Баутисту и Топрака Разгатлиоглу и какой сюрприз подкинула погода в первый день уикенда AUSWortokenoid квалификация Stokenoid и субботняя гонка от старта до финиша.,3,colloquial,Разговорный
СЕГОДНЯ ВЫХОДИТ НОВОЕ ВИДЕО Вот так вот внезапно раз – и новое видео уже почти готово. Поэтому сегодня ждите на канале и в группе. Видео об оружии и здравом смысле. Но самое примечательное в нем то что сценарий к нему написали не мы а наш подписчик который очень хорошо шарит в теме. И написал так хорошо что съемка видео по нему была всего лишь вопросом времени. Вот оно настало. Давно мы не снимали таких легких и коротких аж на 12 минут видео. А пока вот вам порция картинок оттуда,3,colloquial,Разговорный
А вот так заканчивался четвертый матч этого дня Игроки KDV eSports на протяжении всего дня показывают большие результаты Этот матч не стал исключением потрясающее чтение игры оппонентов контртактики и боевой настрой принесли этой команде драгоценную победу 33 Подписывайся на наши официальные аккаунты чтобы не пропустить ни минуты экшена Yotokenoid Twtokenoid VK Instagram Ttokenoid PUBGMOBILE PMPL PMPLCIS,3,colloquial,Разговорный
Доброго времени суток братья 33 подскажите пожалуйста где приобрести не проблемные болты для обгонки или как быть с родными что бы не откручивались? Всем добра ️,3,colloquial,Разговорный
В выходные будем биться с Торпедо. ️ 22 октября 18 30 ЮХК Олимпия – ЮХК Торпедо ️ 23 октября 13 00 ЮХК Олимпия – ЮХК Торпедо Вход свободный 33,3,colloquial,Разговорный
Главный матч дня LaverCtokenoid 22 00 Роджер Федерер Рафаэль Надаль Джек Сок Фрэнсис Тиафо,3,colloquial,Разговорный
Не останавливайся на достигнутом несмотря на то что за окном похолодало. Вместо того чтобы тратить время на сочинение новых отговорок получай удовольствие от пробежки. Наслаждайся первым снегом и порывами свежего ветра. Не останавливайся 33 Беги 33 rtokenoid бег мотивация спорт зож всембег маоафонец,3,colloquial,Разговорный
Друзья кидайте в предложку свои фото и видео с тренировок и соревнований. Посмотрим кто на что горазд в нашей дружине 3 главных фактора для набора мышечной массы Рекомендую всем кто тренируется натуральным путем,3,colloquial,Разговорный
Если посмотреть на него с мячом то можно сказать что он вообще не должен играть. Рио Фердинанд о Каземиро. Выступая в воскресенье на BT Sport Рио Фердинанд сказал Я думаю что Каземиро заиграет в любой игре в этой стране. Как сказал главный тренер у него есть опыт он выиграл несколько Лиг чемпионов пять если быть точным. У него есть опыт и понимание футбола. Это другой стадион и другая среда он привыкнет к этому и быстро адаптируется. На таком уровне нельзя играть не обладая высоким интеллектом. Да он плохо начал против Эвертона и практически помог соперникам забить но как сказал его тренер он был максимально включен в игру. Если посмотреть на то как он играет с мячом можно было бы сказать что он вообще не должен играть. Но взгляните на него без мяча позиции которые он занимал то как он возвращал мяч и не позволял мячу попадать в опасные зоны. Это то что нужно команде если они хотят иметь хоть какую то стабильность. Я не слишком беспокоюсь о его владении мячом он отдаст его игрокам которые должны творить. Это была его игра на протяжении всей его карьеры и он здесь чтобы затыкать бреши и пробелы. Он единственный полузащитник во всей команде который инстинктивно понимает как нужно защищаться.,3,colloquial,Разговорный
РОССИЯ 3 0 АВСТРАЛИЯ Даниил Медведев и Роман Сафиуллин в парном поединке довольно неожиданно обыграли опытнейших Пирса и Сэвилла в трех сетах за 1 час 46 минут 7 6 7 3 6 10 6 ️ Молодцы парни Остался один шаг до полуфинала,3,colloquial,Разговорный
Новак Джокович потратил на адвокатов по австралийскому делу 500 тысяч долларов Но есть одно но – эти деньги сербу компенсирует Федерации тенниса Австралии которая признает свои ошибки в составлении документов,3,colloquial,Разговорный
Салют Друзья. Не так часто задаю вопросы но нужна помощь. Перестал качать ЭБН именно качать а не работать. Визуально не снимая мембрана целая на запор выхода из насоса он не реагирует не останавливается. Кто то сталкивался?,3,colloquial,Разговорный
Набирает обороты открытое личное первенство СТЗ по классическим шахматам. В клубе Гамбит им. В. А. Щетинина состоялись игры 3 тура. В этом году 21 шахматист включились в борьбу за три комплекта медалей.,3,colloquial,Разговорный
Что известно о составе Интера на матч с Удинезе Ромелу Лукаку не примет участие в этой встрече. Бельгиец будет доступен после перерыва на международные матчи. Gtokenoid пишет что Онана в целом нравится тренерскому штабу Интера но возможно пока что его время будет ограничено только появлениями в еврокубках. Поэтому в воротах с огромной долей вероятности нужно ждать Самира Хандановича. Пара нападающих – Джеко Лаутаро. Здесь итальянские медиа прямо точно уверены. Эдин получил отличные отзывы после матча с Викторией. Один из вероятных сюрпризов – появление Ачерби в основе. Индзаги доволен его дебютом за Интер. Точно мимо заявки Хакан. Он прошел медицинское обследование которое выявило повреждение сгибателей мышц бедра. Точные сроки восстановления будут опубликованы на следующей неделе. tokentokenoid,3,colloquial,Разговорный
Присоединяюсь к флешмобу. Тут и Кемерово и Алтай и Шушенское несколько лет назад,3,colloquial,Разговорный
Еще несколько работ конкурса Нарисуй своего Древнего 2022. На следующей неделе подводим итоги успей принять участие 33 Полные условия конкурса Альбом с остальными работами Призы которые смогут выбрать победители Конкурс Hotokenoid Лавкрафт,3,colloquial,Разговорный
Молодцы 33 Заслуженные медали первой в истории гонки на PARI Кубке Содружества 1. Антон Бабиков Россия – 23 44. 4 0 2. Эдуард Латыпов Россия 28. 9 0 3. Алексей Вагин Россия 1 12. 6 1 Алексей Филиппов СБР,3,colloquial,Разговорный
Не хочется проверять слова на достоверность UFC Спорт Мотивация,3,colloquial,Разговорный
Время полуфиналов верхней сетки 33 Играем против FaZe Ctokenoid за выход в топ 3. Трансляция RL G2ARMY Rotokenoid,3,colloquial,Разговорный
Какое аниме вам недавно понравилось? Что то из нового? Или может открыли для себя что то интересное из давно вышедшего? Давайте поделимся друг с другом советами и добавим еще несколько идей к своему списку что бы еще посмотреть А в перерывах между сериями можно заглянуть в наш раздел с аниме фигурками и мангой,3,colloquial,Разговорный
Даниил Лютиков 4 5 6 ноября B. A. S. E. выходные на Кавказе Осенние скидосы ️ Tantokenoid 18. 000 руб Прыгаем летаем гуляем чилим купаемся в термах ️ ️ tokenoid ®️,3,colloquial,Разговорный
Первенство России среди юношей до 19 лет. Прямые трансляции Сегодня 6 ноября смотрите прямые трансляции заключительного игрового дня первенства России по керлингу среди юношей до 19 лет 2022 года на Yotokenoid канале Rtokenoid Ctokenoid TV Вашему вниманию предлагаются следующие встречи 10 00 полуфинал Сборная Москвы Ильин Челябинская область Саморуков 15 00 финал 17 30 церемония награждения Смотрите игры вместе с Никитой Игнатковым.,3,colloquial,Разговорный
Подборка видео с тестов дождевой резины на этот раз Бриджстоун где участвовало по одному силуэту от каждого производителя ГТ500. Отдельно стоит обратить внимание на звуки выхлопа силуэт прототипов. . Stokenoid Hontokenoid Ntokenoid Toyota,3,colloquial,Разговорный
Александра Григорьевича Московку поздравляем с днем рождения 33 Speetokenoid HappyBtokenoid Желаем счастья и здоровья И вереницу чудных дней И дом наполненный любовью Открытый вами для друзей. Желаем света процветания И радостных событий много. Пусть исполняются желания Пусть будет легкою дорога 33,3,colloquial,Разговорный
Победители 53 го международного марафона Дорога Жизни Дмитрий Шунин 2 31 55 Антонина Юшина 2 54 56 Поздравляем ребят с победой в отличном памятном забеге 33 Молодцы. . . . rtokenoid. . . дорогаЖизни марафонДорогаЖизни дорогаЖизни2022 дж22 дж2022 марафон марафонец бегВпитере,3,colloquial,Разговорный
Фэйс ту фэйс Жанибека Алимханулы и британца Дэнни Дигнума Поединок бойцов состоится рано утром 22 мая. Его победитель станет обладателем титула временного чемпиона мира по версии WBO в среднем весе. Как долго продлится бой?,3,colloquial,Разговорный
Неужели люблю я? Подумалось мне. Да ну нет быть не может Промолвил себе. Но сказать это слово никак я не мог. Говорил ненавижу бросал вновь бычок. А ты лишь улыбался кивал каждый раз Будто бы понимал что связало бы нас. Но уже был твоим приручил ты меня Словно милый мальчишка бездомного пса. И теперь я зависим от твоих синих глаз А другие мне чужды пойми же тотчас 33 И теперь я зависим от твоих рыжих влас Защищать я готов тебя хоть сотню раз. Только ты не сдавайся не беги от проблем. Ведь сейчас я с тобой на твоей стороне. Так что ты лишь живи Только это прошу. А иначе и я Больше жить не смогу. atokenoid aftg yotokenoid aftg tokenoid aftg art aftg Antokenoid aftg Antokenoid aftg Netokenoid,3,colloquial,Разговорный
Андрей Сурмачевский против того чтобы команда проигрывала сеты 2 эйса на балансе Поддержите сообщество tokentokenoid Сайт tokentokenoid Tetokenoid tokentokenoid Волейбольный чат Вконтакте tokentokenoid Tetokenoid tokentokenoid Tetokenoid каналы клубов tokentokenoid Спонсор сообщества tokentokenoid Волейбол Votokenoid ПляжныйВолейбол Пляжка НовостиВолейбола KeepTheBatokenoid ДержиМячВИгре ВолейболСМИ Первоисточник Мужская волейбольная Суперлига,3,colloquial,Разговорный
Когда твой кумир победил в забеге 33 Бежим на позитиве 33,3,colloquial,Разговорный
В нашем расписании на 1 октября вы можете встретить два старта о которых не слышали ранее. Сегодня расскажем подробнее о Ratokenoid 3K и SUN FUN RUN Ratokenoid 3K – это забег для участников от 10 до 15 лет на 3 км. В SUN FUN RUN могут поучаствовать Атлеты в возрасте от 0 до 10 лет самостоятельно или в сопровождении родителя законного представителя. Первыми дистанцию преодолеют спортсмены от 8 до 10 лет следом за ними участники от 5 до 7 лет а далее будет дан старт для наших самых юных Атлетов возраст которых от 0 до 4. Если Вы будете в Геленджике 1 октября но ни в одну из указанных выше возрастных категорий не попадаете тогда приглашаем вас на фановый двухкилометровый забег Wetokenoid Ratokenoid Около сотни Атлетов в свадебных платьях и костюмах или со свадебными элементами пробегутся по набережной Геленджика ловя на себе массу удивленных взглядов туристов и прохожих – звучит как неплохой план как считаете? На все старты еще можно зарегистрироваться на нашем сайте ️ Ждем встречи в Геленджике 33 Whtokenoid Rtokenoid rhrtokenoid,3,colloquial,Разговорный
СРОЧНО 33 33 33 33 33 Продается теплая солнечная 4х комнатная квартира в п. Песчанка. Квартира в отличном состоянии пластиковые окна новая сантехника по ул. Пехотная 9. 69 кв. м2 5 этаж. Кухня 10м2 Есть балкон все комнаты изолированные так же в каждой комнате стоят двери Сан. узел совмещен В квартире сделан отличный ремонт натяжные потолки все как на фото. Пластиковые окна окна выходят на 3 стороны. Соседи тихие Остановка рядом садик школа магазины все в шаговой доступности. До центра города 30 минут на маршрутки 77 103 104 38 148 48 235 236 234 101 107 и 15 минут на машине. Возможен обмен на благоустройный дом. Звоните 89962786913 ЦЕНА 5 300 000,3,colloquial,Разговорный
Самая горячая неделя сезона в российском волейболе в Казани стартует Финал шести Превью к супертурниру.,3,colloquial,Разговорный
В Москве будут проходить двухдневный интенсив с чемпионкой мира по волейболу Лесей Махно 33 Интенсив направлен для детей в возрасте от 12 до 16 лет. Возможно вам или вашей команде это было бы интересно 33 Ниже высылаю информацию буду рада вам помочь в случае заинтересованности Мой телефон 89686648644 Когда? с 6 по 7 марта с 10 30 до 16 00 ‍ ‍ Для кого? Возраст 12 16 лет Уровень подготовки средний Где? В спортивном центре Территория мяча г. Москва Шарикоподшипниковская улица 13с24 Что тебя ждет? 2 х дневное погружение в волейбол Комплексный обед Вода на тренировках Внутренний турнир среди участников Грамоты и памятные сувениры для каждого участника Мастер класс от двукратного серебряного призера Олимпийских игр двукратной чемпионки мира и Европы Екатерины Гамовой Подробная информация на сайте,3,colloquial,Разговорный
Представьте что все вокруг превратились в уток Ttokenoid. И каждая вселенная стала отдельной версией Утиных историй Вот так бы выглядели герои Друзей На каких еще персонажей вы хотели бы посмотреть в виде уток?,3,colloquial,Разговорный
За кроссовками в Баскетбольный магазин Ghetto Basket Shop Консультация tokenoidtokenoid Стрельский,3,colloquial,Разговорный
Кто во что горазд. P. S. От Алонсо только Априлия осталась.,3,colloquial,Разговорный
Работай над собой 33 Никто не влюбится с первого взгляда в твой внутренний мир.,3,colloquial,Разговорный
Борис Колчин Мы стучимся в двери к элитным командам Главный тренер Белогорья Борис Колчин поделился ожиданиями от Финала шести чемпионата России который 5 – 10 мая пройдет в Казани. – Приятно быть в этой компании. Все вспоминают наш прошлый сезон. Сейчас у нас состояние такое что мы стучимся в двери к элитным командам. То что мы попали в шестерку сильнейших это была наша вторая задача. Первая была скромнее – попасть в плей офф. Так ступенчато мы пытаемся подняться. Команда у нас очень дружная и надеемся что регулярный чемпионат вселил в нас уверенность. Будем стараться дать бой фаворитам – передает слова Колчина корреспондент БО Спорт. Белогорье заняло 6 е место в регулярном чемпионате а в раунде плей офф обыграло Кузбасс 3 0 3 1. Белгородская команда начнет Финал шести 5 мая матчем с казанским Зенитом 19 00 а 6 мая сыграет с московским Динамо 19 00. RUSCMtokentokenoid,3,colloquial,Разговорный
01 50 Bo Hoogtokenoid Меня проинформировали о признаках жизни со стороны Evtokenoid Gentokenoid. Надежда еще есть. 01 54 Bo Hoogtokenoid Какого черта они предложили контракт тир 3 игроку? EG издеваются Зато OpTtokenoid TSM не приняли,3,colloquial,Разговорный
Продам Укажите что вы покупаете Укажите что вы продаете страйкбольный привод Cyma tokenoid Укажите что вы обмениваете Опишите свой товар Всех приветствую 33 Продам страйкбольный привод Cyma tokenoid АКС74У с деревянным цевьем в комплекте с необходимыми предметами. Сам привод полностью в рабочем состоянии впрочем как и все остальное внешне не изменялся имеет эксплуатационные потертости но использовался бережно как таковых повреждений как и люфтов нет. Были заменены на более качественные поршень голова поршня голова цилиндра нозл резинка хопапа сделан шимминг и смазинг выхлоп в районе 120 м с. Цена 17. 000 р. из расчета 1. сам привод в комплекте с магазином бункер базовыми аккумулятором Ni MH и зарядным устройством 15. 000 р. 2. Магазины механа 3 шт. планка для установки прицельных приспособлений крепление Ласточкин хвост 2. 000 р. Территориально город Москва. Причина продажи сменил страйкбольную ориентацию на темную Местонахождение город Москва Наличие пересыла. При наличии пересыла без ID на фото не публикуем Нет Цена 17000 Александр Вольнов,3,colloquial,Разговорный
22 апреля2001 Тяжелый вес более 90 718 кг Леннокс Льюисvs. Хасим Рахман Накаут года,3,colloquial,Разговорный
Константин Турукин Спасибо команде хороший хоккей показали Тренер Кузнецких Медведей о победе в Ярославле над Локо 76 3 0. Спасибо команде хороший хоккей показали. Сегодня реально пытались играть в хоккей – пятеро в атаке пятеро в обороне – была живая лавка. Все ребята выкладывались и на поле и на лавочке друг друга поддерживали очень сильно. Все друг за друга были – отсюда и результат. Отдельное спасибо вратарю Семен Шарабарин держал в игре выручил в сложные моменты. Команда сыграла на ноль очень приятно это. Сыграли терпеливо против хорошего игрового соперника – ребята обученные у них но наша команда заслужила сегодня победу парни молодцы 33,3,colloquial,Разговорный
Открыла для себя новую локацию 33 Как красиво Железнодорожный район Оброшинский лесопарк сказочный Гамаюн местами технически сложный бежали шли прыгали ползли клева 33 Мифическую птицу не нашли Спасибо нашей прекрасной Надежде ️фотографии Юлия Пипляева делисьбегом бегунишка бег вритмеспорта блогер 5вершин Topgtokenoid,3,colloquial,Разговорный
Дорогие любители бега присылайте свои беговые фото для публикации в комментарии к этому посту ⬇️ Опубликуем Ваш бег в ближайшее время. А сейчас своим бегом позитивом и мотивацией делятся наши беговые друзья Анатолий Столяров tokenoidtokenoid Изотов tokenoidtokenoid Ястребов tokenoidtokenoid Архипов tokenoidtokenoid Вагапова tokenoidtokenoid Епифановская tokenoidtokenoid Пшеничных tokenoidtokenoid Евсеева tokenoidtokenoid Бобылева tokenoidtokenoid Шульгин Спасибо вам за ваш бег дорогие друзья 33 Отличного вам настроения и новых личных рекордов 33 бегжизнь делисьбегом бег спорт забег rtokenoid sport всембег беганутые,3,colloquial,Разговорный
Продам Укажите что вы продаете Привод Опишите свой товар не оружие страйкбол АК103 tokenoid бодик сталь магнитится. Комплект на фото. Покрыт текстурной матовой оливой затонирован черной. Внутри база. 13980 рублей. Краснодар. Пересылаемо. Местонахождение Краснодар Наличие пересыла. При наличии пересыла без ID на фото не публикуем Есть Цена 13980 Влад Зелентсов,3,colloquial,Разговорный
️СЕТКА МАСТЕРСА В МАЙАМИ ️ Даниил Медведев посеян под 1 м номером ️ Во втором круге сыграет с победителем встречи Федерико Дельбонис Энди Маррей,3,colloquial,Разговорный
Четыре года спустя на подиуме в Ле Мане уже звучал гимн Российской Федерации – в честь победы G Drtokenoid Ratokenoid 86 го марафона на кольце Сартэ 33 Экипаж Романа Русинова Жан Эрика Верня и Андреа Пиццитолы стартовал в той гонке с третьей позиции а уже после первого планового пит стопа экипаж наша команда захватила лидерство которое не упустила до самого финиша. Ближайшие соперники отстали на два круга. К сожалению спустя сутки после финиша стало известно что судьи вынесли решение дисквалифицировать экипаж 26 за внесенные изменения в заправочный модуль что позволяло быстрее дозаправлять машину во время пит стопов. Команда подала протест рассмотрение затянулось на несколько месяцев но в итоге в судебном разбирательстве апелляция G Drtokenoid Ratokenoid удовлетворена не была. Тем не менее факт того что над подиумом в Ле Мане звучал гимн России и развевался российский триколор перечеркнуть уже никому не под силу. gtokenoid движущаясила,3,colloquial,Разговорный
Чидера Эджуке близок к переходу из ЦСКА в Герту на правах аренды до конца сезона. Sport BILD,3,colloquial,Разговорный
УПРАЖНЕНИЕ ПЛАНКА ДАВНО СТАЛО КЛАССИЧЕСКИМ НЕ ТОЛЬКО В ТРЕНИРОВКАХ ДЛЯ ЖИВОТА НО И В ОБЩИХ ТРЕНИРОВКАХ ДЛЯ ВСЕГО ТЕЛА. Это функциональное упражнение позволяет задействовать большое количество групп мышц и при этом оно еще более эффективно если​ упражнения​ выполнять​ с гантелями и​ в разных плоскостях. Планку могут практиковать как новички так и продвинутые занимающиеся. Именно благодаря своей практичности эффективности и всеобщей доступности планка является популярным упражнением у тренирующихся. Все виды планок включают в работу мышцы верхней и нижней части тела а значит​ укрепляется​ все тело благодаря чему оно становится​ упругим и подтянутым. Особенно это упражнение полезно для развития мышечного корсета живота и спины. Сильный кор поддерживает позвоночник в правильном положении а значит помогает снизить риск заболеваний опорно двигательной системы. rtokenoid ОФП планка спорт зож наспорте фитнес,3,colloquial,Разговорный
Артем Дзюба близок к переходу в Фенербахче Нападающий петербургского Зенита Артем Дзюба планирует покинуть чемпионат России текущей зимой. У 33 летнего форварда есть выгодное предложение от турецкого Фенербахче. Футболист уверен что игрой в составе турецкого топ клуба он сможет привлечь внимание главного тренера Сборной России Валерия Карпина и вернуться в национальную команду. Кроме того клуб из Стамбула предложил Дзюбе очень выгодные условия личного контракта.,3,colloquial,Разговорный
ОСЫ ҰЖЫМДЫ ЕСКЕ САҚТАҢЫЗДАР 33 33 33 Павлодардың нағыз жауынгерлері мен мақтаныштары 33 33 33 ЗАПОМНИТЕ ЭТУ КОМАНДУ 33 33 33 Настоящие воины и гордость Павлодара 33 33 33 Авторы голов Денис Буденчук 7 х2 Филипп Святына 18 Адам Евлоев 55 Матвей Дюжев 91 Илья Олендаренко 11,3,colloquial,Разговорный
Касаткина впервые в карьере вышла в полуфинал турнира Большого шлема,3,colloquial,Разговорный
Командный чемпионат России 2022 г. Speetokenoid СпидвейКЧР MegaLatokenoid Ttokenoid 23. 06. 2022 г. БАШКИРИЯ Октябрьский МЕГА ЛАДА Тольятти Запись трансляции,3,colloquial,Разговорный
Сбор на обследование и лечение 33 У Тоби не легкая судьба и видимо и жизнь была не легкой. . . Он был найден на улице в жутком состоянии ожоги шерсть вся в колтунах зубы гнилые явно видно что хозяева плохо ухаживали за своим питомцем. Самое ужасное что позже нашлись его хозяева и они от него ОТКАЗАЛИСЬ так просто и сказали он нам не нужен и все 33 Вот так легко предают того кто прожил с ними 10 лет 33 В общем теперь Тоби в надежных руках и с ним будет все хорошо нужно лишь поправить его здоровье ведь пес не молод и очень запущен 33 Сдали анализ крови ЭХо сдали мочу были на приеме у офтальмолога и стоматолога. По результатам обследования у Тоби вот такие диагнозы глаукома ядерный склероз хрусталика атрофия глазного яблока назначены капли. Повышенное давление пьет сейчас таблеточки. И проблемы с ротовой полостью у него там просто дыры ороназальное сообщение поэтому требуется пластика то есть нужно зашивать. Иначе у Тоби там просто все сгниет жуткий запах и инфекция. Вот такие дела. . . . Сейчас Тоби проходит курс лечения две недели а потом будем записывать его на операцию. Давайте поможем Тоби прожить оставшуюся жизнь комфортно 33 Давайте исправим ошибки его бывших хозяев которые относились к нему мягко говоря не по человечески 33 Тоби заслужил лучшей жизни 33 И мы сделаем все чтобы так все и было 33 Нужно только чтобы вы нам немного в этом помогли 33 Поможете? Отправляя перевод подкрепите его сообщением Для Тоби С огромной благодарностью и надеждой на вас 89967427322 привязан к карте,3,colloquial,Разговорный
Прямая трансляция всех пятничных сессий на телеканале Sky Sports F1 на английском языке.,3,colloquial,Разговорный
Дарья Непряева о сестре Наталье Наташа молодец я беру с нее огромный пример. Даже не просто огромный а огромнейший. Понятно что для нее я пока не соперник но мне хочется ее обыграть. А кому не хочется? Надо же ее когда нибудь уже с небес на землю спускать,3,colloquial,Разговорный
Здравствуйте 33 Примите участие в бесплатном опросе и получите Бонус на вашу карту 2022 рубля онлайн 33 Только сегодня один день 23. 03. 2022 Зачисление с номера 900 через 1о минут 33 33 Подробнее на странице ниже 33,3,colloquial,Разговорный
news LampPost Sttokenoid warhammer40k Поезд сливов категорически отказывается останавливаться в сети появились фото Аватара. В наборе как минимум две головы меч топор и почти наверняка копье и опциональный огонь на подставке.,3,colloquial,Разговорный
️Девин Хэйни заявляет что после реванша с Камбососом готов провести поединок со своим соотечественником Джервонтой Дэвисом Если Дэвис хочет драться то в этом нет проблем. Но этого не будет потому что он фальшивый чемпион. Он владеет поясом Микки Мауса. Он говорит будто я уклоняюсь. Но если это так так пусть обратится к президенту WBA и его сделают обязательным претендентом. В этом нет проблем. Сейчас я сосредоточен на Камбососе это соперник на которого нельзя смотреть сквозь пальцы. Конечно с Джервонтой это крупный бой но Дэвис готов сделать что угодно только чтобы не драться. Я говорил неоднократно что мы можем организовать этот бой главное чтобы Дэвис захотел сказал Хэйни.,3,colloquial,Разговорный
что делать прокручивается на траках гайка и не держат траки,3,colloquial,Разговорный
Cегодня вас ждут первые прямые трансляции Ф1 Ф2 Ф3 на Все об Автоспорте 33 Постараемся все сделать качественно но если что то у нас будет не получаться не серчайте но и не забывайте делиться мнением о качестве трансляций,3,colloquial,Разговорный
Добрый день. 14 июня на стадионе Урал будет проходить первенство Свердловской области среди девочек и мальчиков 2011г. р. и младше. Наша студия TURA VIDEO проведет трансляцию на своей странице в контакте. Ссылка,3,colloquial,Разговорный
Плюсы быть студентом Отдыхать после пар под любимые треки Заказать пиццу за баллы Плюса Сдать зачет послушав подкаст И все это бесплатно до конца года. Загружай студенческий по ссылке,3,colloquial,Разговорный
Комплектом дешевле 33 Продаем набор дополнений Rtokenoid со скидкой 15 Это четыре дополнительных коробки которые содержат новых героев сценарии и правила для авантюрной настолки в стиле классического героического фэнтези. В комплект входят дополнения Ярость гор Позолоченные клинок Падение темной звезды и В паутине Они вводят в игру четырех героев Нанок Рубака Красный скорпион Зила и Джонас Добросердечный и столько же сценариев а также несколько десятков жетонов дополнительные навыков приобретений и других карт. Готовы отправиться в большое путешествие по Терриноту? Акция Hotokenoid Rtokenoid,3,colloquial,Разговорный
Национальная Волейбольная Лига представляет нового Партнера МЕСЬЕ КУРАБЬЕ печенье и выпечка от душевной Дарьи. Волшебный вкус Подробнее здесь tokentokenoid,3,colloquial,Разговорный
Марко назвал лучших гонщиков Ф1. Кое в чем Макс не первый До финиша последней гонки 2021 года спортивный советник Red Btokenoid Хельмут Марко не уставал нахваливать своего гонщика Макса Ферстаппена. Когда борьба за титул завершилась а новый сезон еще не стартовал австриец позволил себе оценить разных пилотов более взвешено и осторожно. Марко даже признал что кое в чем Льюис Хэмилтон до сих пор лучше нового чемпиона мира. Сейчас можно отметить Ландо Норриса – сказал Марко в интервью Atokenoid Motor tokenoid Sport. – Шарль Леклер подавал надежды но сейчас он скажем так скомпрометирован успехами Карлоса Сайнса. Джордж Расселл очевидно станет большей проблемой для Льюиса Хэмилтона в сравнении с Валттери Боттасом. Но с ним не все так очевидно. Расселл очень хорош в квалификациях но в гонках под конец его преимущество над Николя Латифи уже не было столь существенными так что ему придется доказывать что он быстр. У Расселла есть хорошая возможность поучиться у Хэмилтона. Никто в пелотоне не умеет так работать с шинами Ptokenoid как Льис. Никто так их не понимает как семикратный чемпион. Марко также отверг предположение что Ферстаппену придется трудно с переучиванием под совершенно новый болид 2022 года. Максу не нужно время на раскачку он садится в новую технику и сразу едет быстро. К счастью Серхио Перес тоже раскачался и под конец сезона стал прибавлять в каждой гонке. Так что в плане пилотов нам не о чем волноваться – заявил австриец.,3,colloquial,Разговорный
Возможно где то есть люди с тайным знанием как выбирать подарки заранее. Но что делать тем кто еще ничего не выбрал? Спешим на помощь с нашей подборкой подарков к 23 февраля,3,colloquial,Разговорный
Бывший главный тренер Челси Томас Тухель сообщил что не планирует в ближайшее время возвращаться к работе ️ Я еще не принял решение. Сейчас мне необходимо сделать перерыв. Некоторые клубы связывались с моим представителем но мы договорились что он не будет мне звонить в течение 18 дней пока я нахожусь в Индии,3,colloquial,Разговорный
Люис утверждает что после ицидента с Магой он не сдавался. Чтож действительно. .,3,colloquial,Разговорный
Сент Луис – Айлендерс 03 00 мск К этой встрече Блюз подходят на последнем месте Центрального дивизиона и последнем месте в Лиге по количеству заброшенных в среднем за матч. Не самые лучший расклад для матча против команды Ильи Сорокина – 3 го вратаря НХЛ по пропущенным 2. 04 и 4 го по проценту отбитых бросков 93 5. Нью Йорк имеет действующую серию из 4 побед подряд причем последняя победа с характером чего пока явно не достает Сент Луису уступая 0 3 в ходе 2 го периода островитяне забросили 5 безответных шайб и одолели Колорадо. Шенн О 39 Райлли Аччиари Бучневич Барбашев Тарасенко Нейборс Томас Кайру Торопченко Браун Питлик Крюг Фолк Ледди Парэйко Розен Бортуццо Грайсс,3,colloquial,Разговорный
Сводки с полей Лиги Наций. Поляки не воспользовались шансом,3,colloquial,Разговорный
Да что там происходит у Майкла Джордана в Шарлотт? Терри Розир на послематчевой пресс конференции,3,colloquial,Разговорный
Ждем ваши зимние беговые фоточки для публикации в челлендже делисьснегом Присылайте ваш контент в комменты к этому посту. А сейчас своим отличным зимним бегом делятся наши беговые друзья tokentokenoid. ktokenoid tokenoidtokenoid Токарев tokenoidtokenoid Столяров tokenoidtokenoid Павлов tokenoidtokenoid Байда tokenoidtokenoid Латфуллин tokenoidtokenoid Андрушкив tokenoidtokenoid Кузнецов tokenoidtokenoid Тужикова tokenoidtokenoid Алексендрович Спасибо за ваш бег ребята Легкиз вам ног и отличной бегомотивации 33 Всегда вам рады бег всембег забег parkrtokenoid rtokenoid бегЗимой бегВмороз бегВхолод,3,colloquial,Разговорный
Силовая тренировка на ноги. . . rtokenoid. . . . . . rtokenoid спорт деньног зож ноги физо силовая сбу тренировка фитоняшка,3,colloquial,Разговорный
Сегодня на Олимпийских играх 2022 в Пекине пройдет женский масс старт в биатлоне. Начало – 10. 00 по московскому времени прямая трансляция – на Первом канале Предварительный старт лист 1. Дениз Херманн Германия 2. Марте Ульсбю Ройселанн Норвегия 3. Анаис Шевалье Буше Франция 4. Эльвира Оберг Швеция 5. Доротея Вирер Италия 6. Тириль Экхофф Норвегия 7. Динара Алимбекова Беларусь 8. Лиза Тереза Хаузер Австрия 9. Ханна Оберг Швеция 10. Жюстин Брезаз Буше Франция 11. Анна Сола Беларусь 15. Кристина Резцова Россия 23. Ульяна Нигматуллина Россия 30. Ирина Казакевич Россия,3,colloquial,Разговорный
Новая HONDA CITY TYPE R 33 Новый Ctokenoid Type R комплектуется таким же двухлитровым турбомотором K20C который устанавливался на предыдущую модель Из обновок у нового Ctokenoid турбокомпрессор и выпускная система По неофициальным данным отдача двигателя составит примерно 330 лошадиных сил и 400 Нм напомним что у предшественника было 320 Лс и 400 Нм Модель получит передний привод и 6 ти ступенчатую МКПП По слухам это последняя не электрифицированная модель Hontokenoid,3,colloquial,Разговорный
Международная федерация тенниса выступила с заявлением по поводу ситуации вокруг первой ракетки мира Новака Джоковича. Хотя ITF уважает решение правительства Австралии ситуация с Джоковичем разочаровывает всех. Протоколы должны быть четко и своевременно доведены до сведения а надлежащий процесс должен соблюдаться всеми чтобы он был эффективным. И хотя ITF считает что полная вакцинация это личное решение мы считаем что это ответственное действие которое мы все должны предпринять чтобы ослабить ограничения и избежать подобных случаев в будущем,3,colloquial,Разговорный
ДАНИИЛ МЕДВЕДЕВ В ФИНАЛЕ TERRA WORTMANN OPEN На стадии полуфинала турнира ATP 500 в Галле россиянин Даниил Медведев обыграл немца Оскара Отте в двух сетах за 1 час 38 минут 7 6 3 6 3 ️ МОЛОДЧИНА МЕДВЕЖОНОК,3,colloquial,Разговорный
ЭСК признала правоту Безбородова во всех 5 спорных эпизодах матча Спартака против Ахмата Экспертно судейская комиссия не выявила нарушений в работе Владислава Безбородова в прошедшей игре. Решения главного судьи матча 1 го тура МИР РПЛ между Ахматом и Спартаком 1 1 признаны правомерными. Спартак обращался в ЭСК с просьбой дать оценку 5 спорным эпизодам в каждом случае Безбородов оказался прав. Красно белые просили оценить следующие моменты матча 1. Вторая желтая карточка Мацея Рыбуса на 41 минуте встречи. 2. Гол Ахмата после истечения компенсированного времени на 45 3 минуте матча. 3. Падение Квинси Промеса в штрафной площади грозненской команды на 50 минуте игры. 4. Неназначенный пенальти за попадание мяча в руку защитнику Ахмата Юрию Журавлеву на 77 минуте встречи. 5. Желтая карточка вратарю Ахмата Гиорги Шелии за удар Александра Соболева на 87 минуте матча. tokentokenoid. spartak,3,colloquial,Разговорный
Ребята вот этот урод скамит людей типо продает промокоды и т. д,3,colloquial,Разговорный
Сегодня в рубрике ШколаГеймдизайна мы хотим поделиться интервью с Анандой Гуптой создателем Twtokenoid Strtokenoid в России известной под названием Сумеречная борьба. Интервью можно найти по ссылке ГРаНИ ГильдияРазработчиковНастольныхИгр Tesera Тесера,3,colloquial,Разговорный
Champ Петр Ян дрался в чеченской лиге ACB. Одержав еще четыре победы вышел на титульный бой против Магомеда Магомедова в легчайшем дивизионе. По итогам 5 ти раундов Петр уступил раздельным решением судей в марте 2016 года. Закрыв неудачу победой над Эдом Артуром в апреле 2017 го Ян вышел на реванш с Магомедовым и со второй попытки праздновал успех единогласным вердиктом арбитров. Первую и единственную защиту провел в сентябре нокаутировав в 3 м раунде бразильца Матеуса Маттоса.,3,colloquial,Разговорный
Джордже Джокович ﻿брат первой ракетки мира Новака Джоковича рассказал о планах теннисиста на грунтовый и травяной сезоны. Новак тренируется в Белграде и готовится к Монте Карло. Он пережил ужасный период но выстоял и доказал почему он такой какой есть. К сожалению в Дубае он проиграл в четвертьфинале. Ему не хватает стабильной игровой практики. Я надеюсь что Новак продолжит прекрасно играть. Белград и Монте Карло это турниры которые помогут ему подготовиться к Ролан Гаррос и Уимблдону. Он до последнего не знал сможет ли сыграть в Париже Риме Лондоне и Мадриде. Но к счастью он там выступит. ATP мало на что может повлиять поскольку правила определяют власти стран.,3,colloquial,Разговорный
Генменеджер Вашингтона хочет чтобы Дмитрий Орлов остался в команде до конца карьеры.,3,colloquial,Разговорный
Буддийские четки мала из дерева и камня Выбирайте и заказывайте себе или в подарок своим близким По всем вопросам писать в сообщения группы или нажмите на товар прикрепленный к посту.,3,colloquial,Разговорный
СТИВЕНС ВЫШЛА ЗАМУЖ Чемпионка US Open 2017 Слоун Стивенс вышла замуж. Ее супругом стал футболист нападающий Торонто Джози Алтидор. Свадьба прошла 1 января в Майами Бич. newstokentokenoid Stephens,3,colloquial,Разговорный
В предзаказе Рик и Морти Близкие риконтакты риковой степени Выбери Рика по душе умыкни с барахолки лучшие изобретения и версии Морти в свою колоду и разделайся с Советом Риков устраивая им засады в разных измерениях 33 Пришло время показать кто тут самый риканутый Рик 33 В этой схватке против эпидемии риквидации Все играют за Риков 33 Все Рики переносятся в другие измерения при помощи стопки локаций 33 Игровая механика прямиком из орикенных Эпичных схваток боевых магов Крутагидон Новинка Hotokenoid РикИМорти,3,colloquial,Разговорный
Абсолютно равная игра на старте финальной встречи между Уралочкой и tokenoidtokenoid в Нижнем Тагиле Включай МатчТВ или Старт и поддерживай любимую команду на пути к медалям tokenoidtokenoid Partokenoid,3,colloquial,Разговорный
Не важно какое место ты занял Важно то что ты смог преодолеть себя проявить свой характер переступить ту черту где сдаются другие. Рассуждая на эту тему приходишь к выводу что есть два индикатора измерителя силы – духовный и физический. Чтобы быть сильнее нужно развивать себя в обоих направлениях. Юрий Бегов rtokenoid rtokenoid attokenoid спорт ла легкаяАтлетика мотивацияспорт бег rtokenoid,3,colloquial,Разговорный
На арене явно заменили звуковую и световую систему интересно это только для Дети Азии или в сезоне на арене будет так же?,3,colloquial,Разговорный
ОФИЦИАЛЬНО 33 Вратарь Максим Третьяк продлил контракт с ХК Сочи. Новое соглашение рассчитано на 2 года.,3,colloquial,Разговорный
Веревочная амуниция Ганс. Изготовление веревочной амуниции по вашим размерам Основное направление рептухи по низким ценам. Также в продаже недоуздки чомбура корды ручки для седел переходники на корду и многое другое. ️Скидка на первый заказ и покупку более 2 ух вещей 10. Скоро в сообществе будет проводиться розыгрыш призов ️,3,colloquial,Разговорный
Видео Все гонки чемпионата мира по мотокроссу Гран При Франции MXGP of Frantokenoid 2022 Полная запись трансляции гонок 10 этапа чемпионата мира по мотокроссу MXGP of Frantokenoid Гран При Франции разыгранного 5 июня 2022 года на трассе в Эрни.,3,colloquial,Разговорный
Чемпионка Европы 2020 года АленаКосторная перенесет операцию из за полученной травмы бедра. Ей сделают операцию по поводу травмы бедра. Хотели ее сделать раньше но очень долго ждали из за того что не было расходников. Ждем скорейшего выздоровления нашей прекрасной спортсменки сказала РИА Новости Спорт тренер фигуристки ЕленаБуянова. Заслуженный тренер России по фигурному катанию Елена Буянова решила продолжить работу с Аленой Косторной на постоянной основе. В таких ситуациях людей не бросают в работе проблем вообще не было и естественно она уже наша. Вся тренерская команда ждет ее на льду. Мы продолжим работу на постоянной основе. Она держит себя на позитиве целеустремленная в своих желаниях. Надеюсь этот настрой у нее сохранится сказала РИА Новости Спорт Буянова. sportrtokenoid,3,colloquial,Разговорный
Федоровцева примет участие в сборе национальной команды России Волейболистка Фенербахче АринаФедоровцева сообщила Матч ТВ что примет участие в сборе национальной сборной России в сентябре. В сентябре волейболистки сборной России проведут сбор под руководством нового главного тренера Зорана Терзича. На него будут вызваны не все лидеры национальной команды так как в эти сроки стартует Кубок России. Какой получилась Спартакиада для команды Сириус? Был тяжелый морально турнир но мы были готовы к этому. Мы старались держать свой уровень не тратить силы вне площадки. Были максимально сконцентрированы. Для восьмой игры на турнире мы показали очень хороший уровень. Хорошо что мы дошли полноценной командой без травм без потерь. Я больше всего рада этому. Мы показали действительно хорошую игру для такого плотного турнира. Я очень рада за нашу команду. Сейчас усталость ощущается? Или эти восемь матчей пролетели незаметно? Я бы так не сказала усталость чувствуется. Но не так сильно потому что закончили турнир на хорошей ноте победили. Это все равно добавляет энергии. После Спартакиады начнется сбор национальной команды. Вы уезжаете в расположение Фенербахче или остаетесь на сбор? Да у сборной будет еще один сбор и я остаюсь. Сайт tokentokenoid Трансляции ВФВ tokentokenoid Товары для волейбола tokentokenoid Поддержать tokentokenoid Tetokenoid tokentokenoid Яндекс Дзен tokentokenoid Yotokenoid tokentokenoid Волейбольные чаты tokentokenoid Tetokenoid каналы клубов tokentokenoid ВолейболРоссии ВолейболНовости ДержиМячВИгре Волейбол Votokenoid ПляжныйВолейбол Пляжка Votokenoid Beatokenoid,3,colloquial,Разговорный
Видео интервью с Женей atokenoid АиФ ЕвгенияМедведева Evgentokenoid,3,colloquial,Разговорный
АВТОСТРАХОВАНИЕ И ТЕХОСМОТР на любое авто Е ОСАГО на любое авто. 1900 РУБ. Год Для передвижения для переоформления авто. Договор купли продажи транспортного ср ва Онлайн 500 р Гарантия 100 Пробивается в базе РСА 89603883475 WhatsApp 33 33 33 Полис подходит для въезда в РФ и Крым итд. В случае дтп выплат не будет. 33 33 Пишите поможем 33 33 33,3,colloquial,Разговорный
Знатоки скинов ворвались в чат Сможешь угадать название скина? mtokenoid,3,colloquial,Разговорный
Увы но проигрываем Милуоки. Милуоки Чикаго 94 90 24 20 21 24 23 25 26tokenotokenoid Милуоки Адетокумбо 30 12 подборов Миддлтон 16 10 подборов Портис 12 13 подборов Аллен 5 Хилл 4 старт Холидэй 13 Мэттьюз 5 Коннотон 2 ДиВинчензо 7 Чикаго ДеРозан 35 Вучевич 19 12 подборов Уайт 7 Досунму 5 Кук 4 7 подборов старт Хилл 0 Браун мл. 2 Карузо 7 8 подборов Томас 11 newstokentokenoid Chtokenoid,3,colloquial,Разговорный
Админ пропусти пожалуйста Друзья 33 Поддержите меня сделал мобильное приложение из сайта зенит и запустил его в плей маркет. Скачивайте пожалуйста. Через него можно и билеты пркупать и новости читать.,3,colloquial,Разговорный
hq день почти подошел к концу в моем городе а значит и др мой тоже. . . . .,3,colloquial,Разговорный
news LampPost warhammer40k rtokenoid Привет спишь? Надеюсь нет ведь у нас тут готова очередная порция сливов эльдар но на этот раз правила не из кодекса а из белого гнома.,3,colloquial,Разговорный
Личный зачет Формулы 2 и Формулы 3 после этапа в Бельгии.,3,colloquial,Разговорный
В Dota 2 добавили новую команду tokenoid для переключения между юнитами. Теперь способ микроконтроля от 33 полностью легален. По умолчанию значение команды равно trtokenoid – тогда юниты при переключении объединяются в группы. Для управления юнитами по отдельности необходимо установить параметр tokenoid fatokenoid. newstokentokenoid,3,colloquial,Разговорный
Денис Михнин подписал договор с Югрой Нападающий 1999 года рождения продолжит свою карьеру в ВХЛ. В прошедшем сезоне за казахстанский Номад форвард набрал 41 очко в 39 играх регулярного чемпионата 14 19 и 9 матчах плей офф 8 8. В ВХЛ Денис дебютировал в 2019 году за СКА Неву а также поиграл за Сарыарку. Ранее два года подряд нападающий выступал в QJMHL за команду Rtokenoid Otokenoid где сумел записать на свой счет 87 очков. Добро пожаловать в команду 33,3,colloquial,Разговорный
Привет друзья 33 Сегодня коллектив магазина Ktokenoid поздравляет с днем рождения нашего краснодарского райдера tokenoidtokenoid Морозова 33 В данный момент Коля находится в армии так что мы желаем ему легкой службы здоровья и последующего плавного возвращения в самокатный спорт 33 В прошлом году Коля от души поснимал на спотах южных городов а также в столице поэтому в честь праздника мы делимся с вами результатом его большой работы. Не забудьте поздравить Колю и поделиться этим бомбовым эдитом 33,3,colloquial,Разговорный
Свежим воздухом следует дышать как можно больше дышать надо много и глубоко и притом всегда через нос. Дыхание через нос есть единственный правильный способ дыхания и служит в то же время важным регулятором при физической работе т. к. если во время какого либо физического напряжения дыхание через нос становится недостаточным то это служит указанием на то что работу надо прервать и подождать пока дыхание не вернется к своей норме. . . Георг Гаккеншмидт,3,colloquial,Разговорный
Помните какая раньше была зеленая трава большие деревья и пузатые мониторы? А какие классные видеоигры были не оторваться 33 Сколько принцесс мы спасли сколько злодеев победили сколько замечательных прожили часов Пришло время глубоко погрузиться в прошлое подышите на исцарапанный CD подуйте в картридж стряхните пыль с дискеты и отправляйтесь вместе с нами в ламповый круиз по волнам воспоминаний 33 В предзаказе журнал Мир фантастики. Спецвыпуск 6 Старые добрые игры В новом спецвыпуске вы встретитесь со старыми добрыми играми теми самыми с которыми вместе росли из за которых пропускали уроки и не спали ночами. Осторожно с первых же страниц ностальгия накроет вас с головой 33 В этом выпуске несколько поколений культовых фантастических видеоигр от Spatokenoid Invatokenoid до Dead Spatokenoid от Gotokenoid Axe до Demon’s Sotokenoid от Dangerotokenoid Dave до Atokenoid Wake широчайшая палитра жанров от ролевых игр и квестов до шутеров и стратегий общепризнанные шедевры и локальные хиты от Pac Man Prtokenoid of Perstokenoid и Portal до Вангеров Петьки и Василия Ивановича и S. T. A. L. K. E. R. любимые серии Ftokenoid Fantasy God of War Restokenoid Evtokenoid DOOM The Legend of Kyrantokenoid живая по сей день классика Warhammer 40 000 Dawn of War Heroes of Mtokenoid and Magtokenoid III Dtokenoid II Ptokenoid Torment Btokenoid и многое многое многое другое 33 Новинка Hotokenoid МирФантастики,3,colloquial,Разговорный
Нарды – не просто настольная игра от них веет статусом Поэтому это особенный подарок для мужчин tokentokenoid Нарды считаются развлечением умных и удачливых людей. И если ваш друг родственник или коллега обладает этими качествами то поверьте преподнеся ему в подарок эксклюзивный комплект этой игры вы вызовете у него истинный восторг и радость от подарка 33 При заказе дарим 2 БОКАЛА В ПОДАРОК tokentokenoid,3,colloquial,Разговорный
Двукратный олимпийский чемпион Сочи и бронзовый призер Пекина Вик Уайлд поддержал Камилу.,3,colloquial,Разговорный
4х2Mtokenoid 3 A. Желаем всем доброго утра отличного настроения и продуктивного дня 33 Среда это маленькая пятница. Фото Дмитрий Забелин. 19. 03. 2022. nvtokenoid,3,colloquial,Разговорный
Тамэсигири проверка меча видео Историческое холодное оружие Японии Пульс tokentokenoid,3,colloquial,Разговорный
СТАРТОВЫЙ СОСТАВ 33 ANTvGS Муслера Буй Нельссон Маркао Ван Анхолт Пульгар Кутлу Антальялы Бабель Дервишоглу Гомис. GALAXI,3,colloquial,Разговорный
Мотоспорт. BSBK. Otokenoid. Гонка 1 LIVE НАЧАЛО ПРЯМОЙ ТРАНСЛЯЦИИ 01. 05. 2022 В 18. 00 MSK Трансляция доступна по ссылкам Круглосуточный эфирный телеканал Tetokenoid Smart TV и VLC Мы на Торрент ТВ Запись трансляции онлайн и скачать на MEGA. NZ A21 Network Ptokenoid Комментатор Сергей Сухоруков,3,colloquial,Разговорный
MotoGP П. Эспаргаро Не только Маркес способен бороться за победу на Hontokenoid Стартуя с 6 й позиции Поль Эспаргаро неожиданно возглавил пелотон MotoGP в первом повороте гонки ГП Катара 33 И пилот Repsol Hontokenoid продолжал уверенно лидировать первые две трети дистанции. На протяжении 17 кругов испанец никому не уступал первое место но на 18 м круге его Hontokenoid обогнал Эния Бастианини на однокилометровой прямой воспользовавшись реактивной скоростью прошлогоднего Dtokenoid. Неожиданный обгон привел к тому что Поль пропустил точку торможения на входе в первый поворот и прошел его по очень широкой траектории чем также воспользовался Брэд Биндер. Так что в итоге Эспаргаро пересек финишную черту третьим. Ни один пилот Hontokenoid не побеждал на треке Лосаил с 2014 года. Учитывая тот факт что катарский трек традиционно не подходит Hontokenoid Поль Эспаргаро доволен своим выступлением Я третий и это очень приятно. Конечно когда лидируешь так долго трудно довольствоваться третьим место. Но сегодня мы с Hontokenoid заявили миру что не только Марк Маркес способен бороться за победу на Hontokenoid. Это здорово для Hontokenoid. Многие годы у них был один гонщик который регулярно бился за победы. Но с этим мотоциклом за победу может бороться также гонщик у которого другой стиль. Подиум в этой гонке – заслуга Hontokenoid они проделали потрясающую работу. Не планировал провести такую гонку улыбается. Мы ожидали более большую лидирующую группу. Я хотел сконцентрироваться на том чтобы не нагружать резину и экономить топливо. И тут вдруг я стал лидером и был быстр Не особо думал о парнях позади. Чувствовал себя комфортно и хотел лидировать как можно дольше. Хотелось показать что я быстр и у меня есть талант. Что я заслуживаю звания гонщика Hontokenoid.,3,colloquial,Разговорный
Михаи́л Никола́евич Лука́шев 27 декабря 1926 3 августа 2014 Москва советский и российский журналист историк боевых искусств и спортивных единоборств. Впервые в советской периодике опубликовал материалы о монастыре Шаолинь о традициях рукопашного боя средневековой Европы о спортивной борьбе с канонами дзюдо от мэтра Мифунэ. Написал историю самбо а также биографии Виктора Афанасьевича Спиридонова и Василия Сергеевича Ощепкова основателей самбо 1 Нила Николаевича Ознобишина создателя одной из предшествовавших самбо систем рукопашного боя Рукопашный бой в России в первой половине ХХ века Уникальное издание в 5 томах про историю создания и развития рукопашного боя в т. ч. САМБО в России основных школах и течениях методиках подготовке применении и т. п. Биографии основателей отечественного рукопашного боя и САМБО Ощепкин Спиридонов и др. книгиtokentokenoid,3,colloquial,Разговорный
На турнире WTA в Ченнае состоялись матчи среды. Линда Фрухвиртова Чехия Ребекка Петерсон Швеция 6 4 6 2 Нао Хибино Япония Цзян Ван Китай 6 2 6 3 Эжени Бушар Канада Карман Каур Тханди Индия 6 2 7 6 2 Ребекка Марино ﻿ Канада Катажина Кава Польша 7 5 6 3,3,colloquial,Разговорный
Вторая ракетка мира испанец Рафаэль Надаль обыграл норвежца Каспера Рууда занимающего четвертую строчку рейтинга ATP со счетом 7 5 7 5 в матче группового этапа Итогового турнира ATP в Турине. Теннисисты провели на корте 1 час 44 минуты. Ранее счет в личных встречах был 1 0 в пользу испанца. Таким образом у Надаля два поражения и одна победа в группе а у Рууда две победы и одно поражение,3,colloquial,Разговорный
В эти выходные в Черкизово пройдут матчи 5 го тура Зимнего Первенства в которых команды Академии ФК Локомотив сыграют с Родиной. Прямые трансляции ТолькоЛоко СамыйЛучшийКоллектив,3,colloquial,Разговорный
Самоделкина за две недели до прокатов я и тренер сильно заболели. Российская фигуристка Софья Самоделкина рассказала что за две недели до контрольных прокатов в Москве сильно заболела вместе со своим тренером Светланой Соколовской. Самоделкина в субботу и воскресенье выступила в контрольных прокатах в Москве. Ощущения как обычно начало сезона все нарабатывается много пропустила с травмой пришлось догонять. Еще за две недели за прокатов мы со Светланой Владимировной сильно заболели лежали с температурой рассказала Самоделкина журналистам. Источник,3,colloquial,Разговорный
Двух одинаковых людей сложно найти если это конечно не близнецы а вот похожих можно. Мы нашли что то схожее между нашими артистами и зарубежными.,3,colloquial,Разговорный
Устал уже играть мажор в Бразилии будет лучшим завершением карьеры,3,colloquial,Разговорный
Нортуг продает свою холостяцкую квартиру в Осло Лыжный король больше не видит смысла заботиться о собственном жилье в столице учитывая образ жизни который он ведет. Я выставляю квартиру на продажу потому что постоянно нахожусь в разъездах много путешествую. С работой для канала TV2 развитием собственного бренда и участием в лыжных марафонах я слишком мало бываю дома рассказывает Нортуг изданию Atokenoid. Он добавляет что в будущем хотел бы больше времени проводить на своей малой родине в Тренделаге. Петтер вырос на ферме во Фрамверране лыжную гимназию закончил в Мерокере. Затем жил в Тронхейме а в 2019 году переехал в Осло чтобы заниматься бизнесом и работать на телевидении. Цена квартиры Петтера Нортуга в Осло район Вика площадью 63 квадратных метра составляет 7 2 миллиона норвежских крон. Это почти 43 миллиона рублей по сегодняшнему курсу. В апреле Петтер принимал журналистов и рассказывал о своем житье бытье,3,colloquial,Разговорный
Лучшим принимающим команды и одним из лучших принимающих в Суперлиге в прошедшем сезоне стал наш капитан Валентин Кротков Спасибо за надежность позитив и классное управление коллективом кэп ‍ ️,3,colloquial,Разговорный
Фотографии с екатеринбургского RSD готовы 33 Смотрим отмечаем друзей разбираем на аватарки 33,3,colloquial,Разговорный
И еще один юбилей у нас Богдан Киселевич 4⃣0⃣0⃣ матчей за ЦСКА,3,colloquial,Разговорный
Красивый старт в Кубке России В первой игре турнира в четырех партиях обыгрываем питерский Зенит. Зенит Санкт Петербург – Урал Уфа – 1 3 23 25 19 25 25 17 21 25,3,colloquial,Разговорный
Продолжается предзаказ на Etokenoid Omens новый двойной набор Warhammer 40 000 с хаоситами и эльдарами ⬇ Воители Искусственных миров получают Автарха с двумя вариантами торса несколькими головами и разным оружием трех быстрых и смертоносных Shrotokenoid Rtokenoid и отряд из 5 странников рейнджеров с разными головами и специализированным снаряжением Еретики астартес отряд из 5 Избранных с разными вариантами голов и оружия идут в бой под руководством варп кузнеца с вариантами головы аксессуаров и оружия. Рядом с ними возвышается Forgeftokenoid которого можно собрать как ориентированного на ближний бой Matokenoid. Кроме того набор содержит 2 листа с декалями и книгу кампании Etokenoid Omens с миссиями и правилами для аэльдари и космодесанта Хаоса. Предзаказ Hotokenoid Warhammer40000,3,colloquial,Разговорный
Женскую сборную России отстранили от участия в отборе чемпионата Европы 2023 года Исполнительный комитет ФИБА Европа отстранил женские сборные России и Беларуси от участия в отборочном турнире на чемпионат Европы 2023 года. В мае ФИБА Европа отстранила все российские сборные и клубы от участия в соревнованиях под эгидой организации из за ситуации на Украине. Российские баскетболистки пропустили чемпионат мира 2022 года который прошел с 22 сентября по 1 октября в Австралии. Женский чемпионат Европы 2023 года пройдет с 15 по 25 июня в Словении и Израиле.,3,colloquial,Разговорный
Срочно 33 Не хватает толковых ребят для заработка в сфере госзакупок. Опыт не нужен Обучение беру на себя 33 Условия 1. Все легально работаем по 44 фз. 2. Открывать ип брать кредиты не надо 33 3. Ты находишься под присмотром команды профессионалов. 4. Можно совмещать с твоей основной работой. 5. Удаленка. Кто я такой? Меня зовут Александр Перфильев и я работаю в сфере госзакупок уже 12 лет. За это время я выиграл более 250 тендеров. А еще успел открыть свою компанию которая реализует госзакупки на 100 миллионов каждый год. Зачем это мне? Сфера госзакупок развивается в геометрической прогрессии. Только за три квартала 2021 года объем госзакупок вырос до 5 5 трлн рублей а это на 1 трлн больше чем в аналогичном периоде прошлого года. Из за этого мы с командой уже чисто физически не успеваем обрабатывать все что выкладывается на сайте госзакупок. Поэтому сейчас мне срочно нужны помощники которых обучу лично я сам 33 Что требуется от тебя? Мне не важен твой опыт образование и возраст. Главное что нужно это желание зарабатывать больше чем ты привык. Ну и желание работать само собой. Это важно 33 Сразу скажу что это не очередная замануха для лентяев. Мы команда которая занимается госзакупками а не продажей воздуха как это сейчас модно и нам не нужны искатели легких денег 33 Ну что ты в деле? Тогда начнем с ознакомительного обучения 33 На днях я запускаю бесплатный 3 х дневный марафон чтобы ты смог понять что такое госзакупки и вообще разобраться подходит ли тебе заработок в этой сфере. Записаться можно тут А сейчас я отвечу на самый популярный вопрос всех новичков кто приходит ко мне на обучение 33 Сколько я могу зарабатывать? Да сколько захочешь. На марафоне я покажу тебе кучу кейсов когда простой парень или девушка из глубинки приходили ко мне на обучение и начинали зарабатывать от 100 до 500 тысяч рублей в месяц с нуля 33 Одновременно с этим у меня куча учеников которые пришли чтобы просто обеспечить себе дополнительный заработок в 40 60к в месяц. Поэтому госзакупки могут стать как дополнительным заработком так и твоей основной работой. Короче если ты хочешь познакомиться с госзакупками и выйти за рамки своей зп то записывайся на обучение,3,colloquial,Разговорный
Глеб Ретивых Меня не нужно палкой гнать чтобы чего то добиться Российский лыжник Глеб Ретивых рассказал о подготовке к новому сезону в группе Егора Сорина. Я один из тех спортсменов который поменял всех тренеров тренировался со всеми. Но меня не нужно палкой гнать чтобы чего то добиться. Я взрослый спортсмен в команде молодые ребята и нужно постараться чтобы какие то плохие привычки они не брали от меня сказал Ретивых.,3,colloquial,Разговорный
Тони Хан обещает дебюты свободных агентов Тони Хан в твиттере пообещал дебют какого то свободного агента на следующей неделе на Dynamtokenoid. В других своих твитах Хан написал что приглашает в AEW любого рестлера из любого промоушна. Естественно не обошлось без попытки выпада в адрес понятно кого. Хан вспомнил оборот запретной двери предложив любым рестлерам пройти в эту дверь подписать контракт с AEW а потом захлопнуть дверь перед лицом бывшего работодателя. Ранее на Rampage было объявлено о проведении на мартовском PPV Revotokenoid матча с лестницами Fatokenoid of the revotokenoid. Отбор к этому матчу начнется в среду на Dynamtokenoid. В прошлую среду истекли 90 оплачиваемых дней для первой серии уволенных из WWE в прошлом ноябре. Для второй серии уволенных эти 90 дней истекают через полторы недели. новости WWE TonyKhan,3,colloquial,Разговорный
Трехкратная олимпийская чемпионка Анфиса Резцова отреагировала на решение Международного союза биатлонистов IBU начать процедуру отстранения Союза биатлонистов России СБР. Это незаслуженно 33 Не понимаю в честь чего с нами так поступают но не борется и наша федерация биатлона. СБР успокоился и начал проводить чемпионат в России и Беларуси. Этот сезон добегаем а в дальнейшем все стабилизируется. Наш союз согласился с этим решением. Командных очков не дается. Только личные баллы. Из за этого мы остались недовольными. СБР и не против Не поехали? Ну и не поехали. Серохвостов выступил. Все это видели. Сейчас он получает по полной программе от нашей федерации. Раз за нас никто не стоит то хотя бы спортсмены должны за себя постоять 33 Тот же Саша Логинов отбарабанил два года вернулся в Россию. Начал пахать. Раз в полшестого утра к нему заявились 33 Зарулили с проверкой. Ребята ну кто так делает? На нас все это обрушилось а наша федерация не борется за спортсменов – сказала Резцова.,3,colloquial,Разговорный
Илья Ежов На буллитах сработала подготовка с моим сыном Вратарь Салавата Юлаева Илья Ежов прокомментировал победу над Динамо 3 2 Б в матче регулярного чемпионата КХЛ. – Самое главное что взяли два очка. Думаю что должны были побеждать в основное время. Но это хоккей матч сложился по другому сценарию. – Четыре матча вы пропустили. Тяжело было вернуться на лед после такой паузы? – Пауза была только игровой. Я тренируюсь держу себя в тонусе. Для меня тренировка как игра. Поэтому не думаю что долгое время меня не было на льду. – Сыграли просто потрясающе. Вы вчера тренировались со своим сыном. Можно сказать что это залог сегодняшнего успеха? – Да конечно. Он бил буллиты мне вчера. Поэтому сегодня наша подготовка сработала. – Третья буллитная серия для вас и третья победа. Можно сказать что вы король буллитов? – Не знаю. По статистике выигрыш по буллитам даже не считают для вратаря. Пока не поменяют статистику будет просто стоять сыгранный матч. – Готовитесь по особенному к буллитам? – Да. У нас есть мастер по буллитам. Он индивидуально работает со мной. Это Глеб Кузьмин. Весь успех благодаря ему – сказал Ежов. Источник Официальный сайт ХК Салават Юлаев,3,colloquial,Разговорный
Добрый день 33 Сразу хотим извиниться за такие новости но это возможность быть услышанными 33 Почти 2 года назад в семью Зяблых пришел НЕЗВАНЫЙ ГОСТЬ 33 У Андрея диагностировали рак желчных протоков 33 В России ему не смогли помочь. Израильские врачи провели диагностику подобрали препарат на терапию Андрей прошел уже 11 курсов и теперь ему предстоит операция. Cytoretokenoid stokenoid CRS HIPEC Циторедуктивная хирургия CRS с гипертермической внутрибрюшинной химиотерапией HIPEC для удаления всех видимых опухолевых очагов на брюшине и чистка максимального количества оставшихся микроскопических опухолевых клеток для снижения вероятность рецидива. Сумма к сбору 8 000 000 рублей. Стоимость операции непосильная для семьи Зяблых но очень необходимая для приближения к ремиссии. Вся подробная информация о сумме сбора и остатке на сегодняшний день есть на сайте фонда Помощь который открыл сбор на операцию для Андрея. Нам очень нужна Ваша помощь Информационная поддержка сделайте репост любой записи поставьте лайк расскажите об Андрее друзьям Очень нужны волонтеры для распространения информации по сети Любая посильная для Вас сумма Картой на сайте фонда – tokentokenoid Сбербанк онлайн Тинькофф ВТБ Antokenoid tokenoid в мобильном приложении написать в поиске БФ ПОМОЩЬ или ИНН 7810718515 в назначении платежа указать для Андрея Зяблых Перевод средств через систему быстрых платежей СБП с помощью мобильного приложения вашего банка Сделайте перевод используя систему переводов ВКонтакте Перевод с пометкой Андрей Помощь нужна сегодня,3,colloquial,Разговорный
Это что то из фильма о шпионах? Или квеста? И как это открыть? Если вы ищете как оригинально подарить что то небольшое вот прикольный вариант как это сделать так чтобы точно запомнили,3,colloquial,Разговорный
Напоминаем до 21 августа на нашем сайте продолжается акция в честь дня рождения Говарда Лавкрафта 33 Начисляем в два раза больше бонусов за настольные игры про потусторонние ужасы и древние тайны. Ищите участвующие в акции игры по ссылке Акция Hotokenoid Лавкрафт,3,colloquial,Разговорный
Сколько платят россияне за один день спецоперации на Украине? Новый онлайн калькулятор поможет перевести стоимость вооружений в количество пенсий детских площадок больниц и многое другое,3,colloquial,Разговорный
10 км Кстати именно Дорога жизни было моим первым забегом 4 года назад. Тогда пробежал 21 км. С тех пор уже не остановиться. Кайф что таких фанатов становится все больше. В этом году в забеге поучаствовали почти 5 тысяч человек 33 делисьбегом бег забег спорт зож ДорогаЖизни,3,colloquial,Разговорный
АЛЕКСАНДРОВА ВЫШЛА В ПОЛУФИНАЛ MUTUA MADRID OPEN Россиянка Екатерина Александрова стала полуфиналисткой соревнований в Мадриде обыграв американку Аманду Анисимову 6 4 6 3. Следующей соперницей россиянки станет Онс Жабер из Туниса. newstokentokenoid Atokenoid,3,colloquial,Разговорный
Сетка турнира в Мальорке Даниил Медведев посеян под 1 м номером и благодаря этому первый круг пропускает. Во 2 м круге нас ждет российское противостояние против Аслана Карацева,3,colloquial,Разговорный
А что вы обычно делаете чтобы привлечь удачу? Узнать какой подарок вам выпадет можно тут,3,colloquial,Разговорный
Альберт Роже Дембеле пошел искать Гави на скамейке запасных чтобы отпраздновать свой гол с ним.,3,colloquial,Разговорный
Генеральный менеджер Хьюстона Рафаэль Стоун поделился впечатлениями от игры новичка команды Джейлена Грина. Он уже продемонстрировал кем может стать в будущем. Провалы тоже были но у него есть много времени и возможностей для роста. Мы очень довольны Джейленом. Он безмерно талантлив. Когда вы настолько одарены весь мир открыт для вас но только если вы действительно хотите работать над этим. Мы не можем требовать от него большей рабочей этики. Он отличный товарищ по команде очень умный и вежливый молодой человек. Он с самого начала был очень крутым и мы без сомнения бросили его сразу в бой. Он уже сталкивался с некоторыми из лучших защитников НБА и показывал свои возможности. Мы сделали это потому что верим что он справится с этим и это ускорит его обучение. И тот рост который он показал с момента своего дебюта – это удивительно – сказал Стоун. 19 летний Грин в своем дебютном сезоне в НБА набирает в среднем 14 3 очка 3 3 подбора и 2 2 передачи за матч,3,colloquial,Разговорный
Локомотив отдал нападающего Михаила Беляева в официальную аренду Адмиралу.,3,colloquial,Разговорный
Официально. Yotokenoid будет заблокирован на территории России.,3,colloquial,Разговорный
В паддоке MotoGP на тестах в Индонезии произошла вспышка Covtokenoid 19 Сразу три члена команды Жоана Мира были вынуждены уйти на самоизоляцию в субботу после того как при сдаче обязательного ПЦР теста в Мандалике получили положительный результат. Позже было подтверждено что заразились еще несколько человек.,3,colloquial,Разговорный
Владимир Малахов отмечает сегодня День рождения 33 Советский и российский хоккеист. Член Тройного золотого клуба один из 29 игроков за всю историю вида спорта кто смог хотя бы раз победить на каждом из трех престижнейших турниров мирового хоккея Олимпийских играх 1992 чемпионате мира 1990 и Кубке Стэнли 2000.,3,colloquial,Разговорный
️ Иван Карпов Томас Цорн и Йозеф Циннбауэр с помощниками будут уволены из Локомотива после сегодняшнего поражения.,3,colloquial,Разговорный
Манчестер Юнайтед одерживает первую победу в сезоне да еще и над Ливерпулем Есть первая официальная победа Тен Хага классный матч дальше больше админболеетзамю,3,colloquial,Разговорный
Тар 480. Вид от первого лица. Это был один из первых прыжков там на супер эатянутых стопорах поводка было выдано минимум а прыжок получился очень техничным и красивым. Смотрим наслаждаемся,3,colloquial,Разговорный
Тренировка без психологической концентрации легко превращается в игру и в этом случае сколь бы долго ты не тренировался ты не достигнешь успеха в обретении мастерства. Кэнва Мабуни,3,colloquial,Разговорный
Защитник Колорадо Кейл Макар привез Кубок Стэнли в школу где начинал заниматься хоккеем придав мотивации подрастающему поколению,3,colloquial,Разговорный
Амру Магомедов 4 0 побеждает Элмурода Мадаминова 2 1 досрочно в первом раунде 33 EFC49,3,colloquial,Разговорный
Ролан Гаррос 1 й круг. Лейла Фернандес Кристина Младенович 6 0 7 5 Далее она сыграет с Катериной Синяковой,3,colloquial,Разговорный
Очень экспериментальный состав на первый матч предсезонки,3,colloquial,Разговорный
ЧЕМПИОНАТ РОССИИ В ТЕХНИЧЕСКОМ КЛАССЕ 06. 07. 2022 21. 07. 2022 Предварительный список и рейтинг маршрутов,3,colloquial,Разговорный
Estortokenoid Джонатан Рэй выиграл Stokenoid в Эшториле Джонатан Рэй Топрак Разгатлиоглу и Альваро Баутиста выполнили свои первичные задачи на уикенд Wortokenoid Stokenoid в Эшториле все трое стартуют с первой линии решетки в субботней гонке Estortokenoid 22 мая 2022 года.,3,colloquial,Разговорный
News LampPost Sttokenoid Пост навигации по новиночкам студийного обзора NOVA 2022 Берсерки Кхорна 40к Хорус Вознесенный 30к План релиза батлтомов АоСа Арми сет Рабов Тьмы АоСа Герои Огров и Сынов Бехемат Банда Кхорна для Андерворлда План релиза кодексов 40к Новинки и Арми сет Скватов 40к,3,colloquial,Разговорный
Все хоть раз в жизни но играли мячом для классического волейбола на пляже,3,colloquial,Разговорный
IXS HX 315 1. 0 X14072 M33 S Где купить клапан винтеляции на шлем верхний. Всем спасибо.,3,colloquial,Разговорный
ФОНБЕТ ЧЕМПИОНАТ КХЛ 19 СЕНТЯБРЯ АДМИРАЛ – МЕТАЛЛУРГ Начало матча 12 30 мск 19 30 вдк,3,colloquial,Разговорный
Давайте поблагодарим наших Медвежат. Нет сомнений что парни старались и отдали частичку себя в этот звездный уикенд. Оглядываясь на этот короткий путь можно заметить следы. Они будут навсегда в истории НБА. Следы Гриззлис которых мы так любим. Было классно чувствовать себя на этом празднике хотя каждый из нас позади монитора и в разных частях света. Это магия товарищи. И это был чудный запоминающийся момент который мы пережили благодаря этим парням благодаря организации Гриззлис и каждого кто имеет к ней отношение.,3,colloquial,Разговорный
ЛЮБИШЬ БАСКЕТБОЛЬНЫЕ КРОССЫ? ? ? ЛУЧШИЕ КРОССЫ ЗДЕСЬ 33 tokenoidtokenoid КРОССЫ ЗДЕСЬ 33 tokenoidtokenoid КРОССЫ ЗДЕСЬ 33 СУПЕР НИЗКИЕ ЦЕНЫ ДЛЯ ТЕБЯ,3,colloquial,Разговорный
Только вступил в группу офигенно другие катаются и решил тоже сделать мини etokenoid.,3,colloquial,Разговорный
Резюме Нортуга по итогам мужской эстафеты Это не то на что мы надеялись. На первом этапе было потеряно слишком много секунд а потом – шах и мат. Сборную России было не достать сообщает слова своего эксперта канал TV2.,3,colloquial,Разговорный
Дорогие друзья продолжаем наш беговой мотивационный проект бегжизнь делисьбегом Беговые фото для публикации присылайте в комментарии к этому посту ⬇️ А сейчас своим прекрасным бегом делятся наши беговые друзья Анна Кулясова tokenoidtokenoid Казанцева tokenoidtokenoid. ktokenoid tokenoidtokenoid Гинтер tokenoidtokenoid Посунько Смурова tokenoidtokenoid Токарев tokenoidtokenoid Лопатина tokenoidtokenoid Овчаренко tokenoidtokenoid. tokenoid tokenoidtokenoid Шикина Спасибо вам за ваш бег дорогие друзья 33 Легких вам ног и отличных беговых стартов 33 бег спорт забег зож легкаяАтлетика ла марафонбелыеночи rtokenoid,3,colloquial,Разговорный
И так через боль кровь и страдания мотик оживлен опять за эту неделю было проверено и перепроверено вообще все проблема была в датчике колена кто нибудь поясните мне идиоту как прозвонивающейся датчик может не работать.,3,colloquial,Разговорный
Сбежал от ДАГЕСТАНЦА 33 Полный бой Мокаев vs Джонсон. ОБЗОР UFC FIGHT NIGHT. Новости ММА,3,colloquial,Разговорный
Александр Локтев покинул Металлург В результате обмена форварда Александра Локтева в Нефтяник новокузнецкий хоккейный клуб получил права на нападающего Артура Болтанова. Локтев в сезоне 2022 23 провел за Металлург 2 матча в которых не набрал очков заработав полезность 1. Александр бессменно выступал за новокузнечан с первого сезона нашей команды в ВХЛ. Нынешний чемпионат для форварда стал 6 м в форме Металлурга. Всего за нашу команду Локтев сыграл 287 матчей набрал 115 51 64 очков. В 2021 году Александр стал серебряным призером ВХЛ. Новокузнецкий хоккейный клуб благодарит Александра Локтева за совместную работу и желает успехов в дальнейшем продолжении карьеры 33,3,colloquial,Разговорный
Элай Томак и Дилан Феррандис продлили контракты с Yamaha в AMA Stokenoid и Pro Mototokenoid на 2023 Элай Томак стал двукратным чемпионом AMA Stokenoid 450SX одним из самых возрастных чемпионов в истории Американского Суперкросса. Однако он обещал что на этом карьеру не закончит и сдержал слово сегодня в Солт Лейк Сити был подписан новый контракт с Monster Energy Yamaha Star Ratokenoid. Напарником Томака в 2023 году станет действующий чемпион AMA Pro Mototokenoid Дилан Феррандис.,3,colloquial,Разговорный
Во время квалификации судьи удалили круг Джоу в Q2 за выезд за белую линию но за аналогичную ошибку в Q1 Макса не наказали а это был его единственный быстрый круг в первом сегменте. Ждем перестановки в решетке и Макса на 20 позиции?,3,colloquial,Разговорный
Мотоспорт. MotoGP. 2022. Thatokenoid Ltokenoid НАЧАЛО ПРЯМОЙ ТРАНСЛЯЦИИ 02. 10. 2022 В 10. 30 MSK Трансляция доступна по ссылкам Круглосуточный эфирный телеканал Канал 2 Tetokenoid Smart TV и VLC VK Видео Мы на Торрент ТВ Мы на BCUMEDIA. PRO Запись трансляции онлайн и скачать на MEGA. NZ Комментатор Сергей Сухоруков,3,colloquial,Разговорный
А вы уже решили во что будете играть на этих выходных? Список ближайших игротек можно найти тут,3,colloquial,Разговорный
Даниил Медведев поделился снимком как катает свою новорожденную дочь на коляске photostokentokenoid Metokenoid,3,colloquial,Разговорный
Скотт Кокер не уверен в том что Пол Дейли завершил карьеру. Скотт Кокер видел как один из его самых надежных нокаутеров ушел из смешанных единоборств после своего 64 го профессионального боя в пятницу но не уверен что на долго. Пол Дейли 44 18 2 в преддверии турнира Betokenoid 281 заявил что завершит свою карьеру на турнире в Лондоне. И что может быть лучше для выхода из игры чем победа нокаутом. Президент Betokenoid за эти годы пережил с Дейли свои взлеты и падения. Это сложные отношения которые Кокер затронул после события на SSE Arena в Уэмбли в Лондоне. Когда я думаю о Поле для меня это такие особые отношения. Бывают хорошие времена бывают плохие времена. Он боец я промоутер мы иногда расходимся во мнениях но я действительно чувствую что в истории боевых искусств ММА он достиг многого. И я сильно уважаю его. Одно событие особенно выделяется и это классика Дейли с Ником Диасом 2011 года. Я зашел в раздевалку после Betokenoid 281 и сказал Было так приятно продвигать тебя все эти годы’. Для меня он провел один из величайших боев в истории ММА это мой любимый бой всех времен это он и Ник Диас сражающиеся в Strtokenoid моей старой компании. Но Кокер не уверен на 100 в том что Дейли ушел в отставку в пятницу. Давайте посмотрим что будет дальше. Я ожидал что он оставит свои перчатки в клетке но этого не увидел заметил Кокер. Мои помощники некоторые из нашей промоутерской команды говорят что он уже пишет нам сообщения пытаясь договориться о каких то сделках. Так что посмотрим что получится. После боя Дейли сказал что потребуются абсурдные деньги чтобы заманить его обратно в бой но он оставил дверь открытой хотя бы приоткрытой.,3,colloquial,Разговорный
Играешь в CS GO? Не теряй время в пустую заработай вместе с HAGG 33 Ежедневные онлайн соревнования с мгновенными выплатами в CS GO скинах и реальными деньгами на карту для членов клуба. Приглашайте тиммейтов играйте вместе стеком из 5 через Ctokenoid Htokenoid Ctokenoid против всего мира занимайте места в таблице лидеров и зарабатывайте призы 33 Общий призовой фонд ивентов в месяц более 1000 036.,3,colloquial,Разговорный
motokenoid mtokenoid xtokenoid xtokenoid xtokenoid Я все еще пишу по СюэСяо. Жанры кому то покажутся специфическими но ценителей жду на страницах этой работы. Сейчас это активный впроцессник пополняющийся каждую неделю по возможности но стараюсь не задерживать.,3,colloquial,Разговорный
ты когда нибудь видел непобедимые крепости горы и крутые утесы которые не каждому под силу? так вот это они люди разборчивые во всем с чувством чести и преданности себе и своим принципам своей морали. к ним тяжело подступиться заинтересовать но если ты осмелишься если ты завоюешь эту крепость то поверь мне ты никогда не узнаешь ни чувства предательства ни лжи. я уважаю людей разборчивых уважаю эту породу ведь с ними определенно хочется быть рядом.,3,colloquial,Разговорный
Президент турецкого футбольного клуба Адана Демирспор Мурат Санджак прокомментировал информацию о том что российский нападающий Артем Дзюба расторг контракт с клубом из за долгов по контракту. Сообщения о том что Дзюба не получил всех денег от Аданы Демирспор абсолютная неправда. Мы полностью рассчитались с ним по контракту и расторгли его по обоюдному согласию никаких других обстоятельств нет приводит слова функционера издание Евро Футбол. Ру. Дзюба стал игроком Адана Демирспор летом этого года перейдя на правах свободного агента из санкт петербургского Зенита. За турецкую команду 34 летний россиянин сыграл в пяти матчах в которых забил единственный гол. В ноябре Дзюба расторг контракт с клубом.,3,colloquial,Разговорный
news LampPost aos Сливы нового ГХБ для аоса заказывали? В этой части у нас батлпланы скоро будут еще и цены.,3,colloquial,Разговорный
Денис Синягин повторил результат Хакимова и Лысенкова Хоккеист стал третьим вратарем Металлурга за время выступления в ВХЛ сделавшим результативную передачу в матче который отыграл на ноль. Синягин защищал ворота команды в поединке против Рязани 1 0 ОТ. Первым из голкиперов новокузнечан поучаствовать в голевой атаке и оформить шатаут удалось Рафаэлю Хакимову в 2018 году в выездном матче с Челметом 3 0. Затем этот результат удалось повторить Никите Лысенкову в последнем матче 2021 года когда Металлург дома обыграл Дизель 5 0. Отметим что в текущем сезоне Синягин и Лысенков повторили рекорд для вратарей новокузнечан установленный в чемпионате 2018 19 когда двум голкиперам команды – Рафаэлю Хакимову и Ильясу Гафиуллину удалось набрать очки в турнире.,3,colloquial,Разговорный
Нимир в следующем сезоне будет играть за турецкий Халкбанк.,3,colloquial,Разговорный
Прием 33 Друзья 33 Безенгийские Куранты часики ходики хранителями которых являются аксакалы альпинизма пробили двенадцать раз 33 Нас ждут волшебные двенадцать месяцев нового 2022 года. В эту волшебную новогоднюю ночь мы шлем вам чарующий и волшебный привет из Безенгийского ущелья. Ах гора которая видна из коша Ах сказка новогодней ночи 33 В нашем мире гор есть все 33 На неведомых дорожках следы невиданных зверей. Конечно есть и то что на птичьих ножках с размахом крыльев в два метра с орлиной грацией. Здесь в облаках живет сказочная вечность нашей планеты и космических миров. С Новым годом 33 Чудес вам 33 Пусть ваши желания обязательно сбудутся 33 Пусть этот год для вас окажется одним из самым красивых и необычных 33 Желаем чтобы ваша картина жизни была необозримо большой и писалась талантливо и только самыми яркими красками. Желаем достигать новых вершин и самореализовываться. Желаем побольше радостных моментов жизни которые перейдут в приятные воспоминания. Теплых встреч с преданными друзьями и любимыми домочадцами. Мира здоровья созидания 33 Автор фотографий фотохудожник Владимир Копылов. Гора которая видна из коша. Коштантау. Проект Найди свою вершину,3,colloquial,Разговорный
Всероссийские соревнования Гран При России Золотой конек Москвы 2022 Мужчины МС произвольная программа результаты и итог Даниил Самсонов место Даник с возвращением 33 Только вперед 33 Протоколы restokenoid GP Gotokenoid,3,colloquial,Разговорный
Конечно же распродажа видеокарт технически была проведена плохо. У нас поломалась система ее восстанавливали. Плохо она была организована. Тут спора нет мы виноваты DNS рассказала о старте продаж RTX 3050. Судя по словам директора сети никаких скупов карт до старта продаж нет это всего лишь технические неполадки в системе.,3,colloquial,Разговорный
Если хочешь быть лучше других будь готов делать то что не хотят делать остальные,3,colloquial,Разговорный
Моя реакция когда мне говорят что я трачу много денег на всякую фигню,3,colloquial,Разговорный
Бег это не мой спорт. У меня не беговая фигура. Да и вообще неспортивная не подходящая для какого либо вида спорта. Т. е. я могу ужасно любить тренировки иметь соревновательный дух увлекаться различными видами спорта и изучать спортивное питание но никогда не смогу сделать спорт своей карьерой. Чисто по физическим параметрам. Я это поняла и приняла когда читала книгу Мэта Фицджеральда Соревновательный вес. Осознание разочарование чувство несправедливости и ах вот оно как оказывается. . . Тело ноги ну не подходят для рекордов и достижений. Особенно ноги. Широкие плечи маленькая грудь это конечно да более или менее но ноги увы ни в какие ворота не длинные не сухие скорее короткие и толстые ну или мощные или мускулистые не знаю как лучше написать чтобы не соврать но и тонких струн души не повредить Что делать в такой ситуации? Даже на фоне людей с изначально беговой конструкцией которые просто решили померить обтяжки с кроссами я буду выглядеть как рыхлый новичок хотя бегаю лет с 14. . . Засушиться в усмерть чтобы хоть немного дотянуть хоть внешне? А что толку ноги от этого не вытянутся хоть и схуднут немного. Просто бег это не мой спорт. Но тогда зачем? Зачем стертые ноги ноющие мышцы обветренные руки и лицо? Зачем? Чтобы зимой было жарко а летом невыносимо. Чтобы прыгать горячими ногами по сугробам и по лужам. Чтобы подставлять горячее лицо дождю и снегу. Чтобы думать много думать чувствуя как отпускает и уходит. Чтобы одевать сухую а снимать промокшую насквозь горячую форму. Чтобы идеи и решения. Чтобы вдохновение. Чтобы легкость. Чтобы чувствовать как работают мышцы чтобы ощущать дыхание. Чтобы душ после тренировки. Чтобы видеть рассвет. Чтобы слышать утренних птиц. Чтобы весной дышать ароматами боже как пахнет воздух утром во время цветения 33 33 Чтобы один вдох два выдоха. Чтобы после бега прыгнуть в реку или в море лучше этого нет ничего. Чтобы быть собой делать то что хочешь жить так как хочешь быть собой. Татьяна Корчагина делисьбегом бег,3,colloquial,Разговорный
Как помочь гильдии в развитии а также никогда не пропускать новые публикации? Все просто 33 Нажать на кнопочку рекомендовать а также Включить уведомления на наши новые записи А еще у нас есть Телеграмм на него тоже стоит подписаться Таким образом вы поможете нам в поиске единомышленников а также никогда не пропустите актуальные новости 33,3,colloquial,Разговорный
ВНИМАНИЕ 33 ВНИМАНИЕ 33 ВНИМАНИЕ ЛЕТНЯЯ РАСПРОДАЖА СПОРТИВНОГО ОБОРУДОВАНИЯ ДЛЯ КВАРТИР И ДАЧ ОБЪЯВЛЯЕТСЯ ОТКРЫТОЙ СКИДКИ НА СПОРТИВНОЕ ОБОРУДОВАНИЯ ОТ 30 50 ‍ Спорт Это самое главное чтобы держать себя в тонусе сохранять свое здоровье и здоровье своей семьи 33 А что делать если ты не можешь себе позволить фитнес центр? Выход компактное оборудование которое легко разместится в вашей даже однокомнатной квартире или спортивные дачные комплексы которые с легкостью собираются и устанавливаются на ваших частных участках 33 Наши преимущества Наше оборудование сможет заменить вам полноценное посещение спортзала ознакомиться с которым Вы можете по ссылке СКИДКИ НА ОБОРУДОВАНИЯ ОТ 30 50 Индивидуальный подход к каждому клиенту 33 Возможно добавлять или убирать любой элемент спортивного оборудования из набора по вашему усмотрению. Доставка оборудования транспортными компаниями от 7 14 дней 33 Гарантия на оборудование 2 года 33 Официальный представитель фирмы всегда в онлайн режиме – ответит на все интересующие Вас вопросы и сформирует заказ исходя из ваших потребностей и возможностей Заходите в наш магазин подписывайтесь и заказывайте то что вам просто необходимо 33 Мы всегда рады видеть Вас в числе наших клиентов 33,3,colloquial,Разговорный
Теплое термобелье с высоким воротом на молнии. ⠀ Выполнено из теплой флисовой ткани с технологией Wafftokenoid­ kntokenoid. Служит первым слоем в зимний период или вторым в холодную погоду с термобельем ALL SEASON или THERMOS. Для максимального утепления используется в комбинации с термокомбинезоном Potokenoid. Материал из флиса отлично аккумулирует тепло тела отводит влагу и обеспечивает быстрое высыхание. Благодаря анатомическому крою и эластичному материалу оптимально сидит по фигуре. Mtokenoid potokenoid в составе ткани и плоские швы обеспечивают комфорт. Плоские швы Высокий ворот на молнии Выпускаются в размерах XS­ XXXL ⠀ Термобелье Ftokenoid Stokenoid tokenoid Цена 8 990 руб. ⠀ Наш сайт интернет магазина tokentokenoid ⠀ Оформи заказ по телефону 7 800 555 34 96 ⠀ ftokenoid мотоэкипировка ftokenoid motoektokenoid motoektokenoid motoektokenoid байкер защита мотошлем шлем мотоцикл,3,colloquial,Разговорный
4 июля 1993. ГП Франции. Фабрицио Барбацца Mtokenoid М 193 Ford. Последняя гонка в карьере итальянца.,3,colloquial,Разговорный
Больше чем спортсмен Ntokenoid TV News проанализировали твиты связанные с Олимпиадой и самые часто используемые в них слова 1. спортсмен сеншю японская приставка при обращении к спортсменам 88200 2. Юдзуру Ханю 67200 3. Керлинг 59700 4. Япония 50000 5. Фигурное катание 48400 6. Показательные 40500 7. Женщины 36700 8. Церемония закрытия 32500 Cr. Ntokenoid TV News ytokenoid ptokenoid 羽生結弦 team hanyu tokenoid tokenoid,3,colloquial,Разговорный
Для вас есть супер предложение 33 Уверены вы не раз сталкивались с ощущением когда в интервью с любимым спортсменом осталась некая недосказанность журналист не задал важный вопрос или же упустил интересный момент биографии а возможно вы хотели узнать что то особенное? Мы предоставляем возможность испытать себя в роли журналиста 33 У вас есть шанс задать вопрос Даниилу Квяту пилоту G Drtokenoid Ratokenoid 33 Условия просты напишите свой вопрос в комментариях обязательно отметьте друга И возможно именно на ваш вопрос ответит Даниил 33 Но это еще не все победителя ждет подарок от G Drtokenoid Ratokenoid 33 gtokenoid движущаясила,3,colloquial,Разговорный
2 ванвей смока на эншнте которые помогут вам при приеме б плента 2 смок кидается сидя ПКМ w jtokenoid можно откидывать на поздних таймингах antokenoid,3,colloquial,Разговорный
Новак Я сделаю все возможное с физио и своей командой чтобы восстановиться как можно быстрее. Мне нужен хороший отдых чтобы мое тело привести в порядок,3,colloquial,Разговорный
Первая игра нашей команды по Vatokenoid. МК 6. VALORANT. Квалификация 4. День 1 Стрим тут,3,colloquial,Разговорный
Вадим Антипин в выборе между Югрой и АКМ остановил свой выбор на команде из Хантов. Защитник ставший в прошлом сезоне чемпионом ВХЛ в составе Рубина проведет предстоящий сезон в команде Эдуарда Занковца. Действующий обладатель Кубка Петрова в межсезонье вернулся в Магнитогорск но закрепиться в основном составе Металлурга не сумел. В прошлом сезоне за тюменский Рубин игрок обороны 2000 года рождения провел 43 матча в регулярном чемпионате набрав 6 очков 3 3 при показателе полезности 8 а в плей офф на счету Вадима 9 игр.,3,colloquial,Разговорный
Овечкин попал Кузнецову клюшкой по лицу в матче с Сент Луисом. Евгению понадобилась помощь врачей,3,colloquial,Разговорный
Николай Заварухин прокомментировал победу в матче против Нефтехимика 4 3. Хорошее начало здорово реализовали большинство. Потом стали играть только в атаку за что и поплатились. Не стала ли команда играть слишком осторожно в концовке? Не было контроля шайбы были какие то лишние отбросы. Нефтехимик добавил это быстрая команда видел на раскатке как они заряжены. Спасибо бригаде меньшинства выстояли в конце плюс Маттссон помог. Не будет ли снова спада после хорошего старта сезона? Надо работать все через работу надеюсь что они поймут что надо делать. Много эмоций забрала прошлая игра с Сибирью и третья игра через день. Будет тяжклый выезд поставим ребят которые были в ротации сегодня чтобы быть мобильнее.,3,colloquial,Разговорный
Зенит терпит бедствие пятое поражение подряд. Уже без Саммелвуо Финский тренер близок к увольнению из петербургского клуба.,3,colloquial,Разговорный
20 я ракетка мира беларуска Виктория Азаренко обыграла чешку Терезу Мартинцову занимающую 73 ю строчку рейтинга WTA со счетом 7 6 7 6 2 во втором круге турнира в Вашингтоне. Матч продолжался 2 часа 12 минут. Теперь счет в личных встречах стал 2 0 в пользу беларуски. В четвертьфинале соревнований Ctokenoid Open Азаренко сразится с китаянкой Сю Ван которая обыграла хорватку Донну Векич 4 6 7 5 6 1.,3,colloquial,Разговорный
️ Из FIFA 22 удалили нападающего МЮ Мэйсона Гринвуда подозреваемого в избиении и изнасиловании своей девушки Теперь на левом фланге нападения МЮ вместо него играет другой воспитанник клуба Фанаты верят что его ждет большое будущее,3,colloquial,Разговорный
Как бороться с психологическими атаками соперников? ⠀ Спорт – это не только не только техника и тактика не только физическое совершенство. Это прежде всего соперничество 33 А в соперничестве все средства хороши кроме запрещенных разумеется. Психологическое воздействие на соперника – одно из эффективных средств. ⠀ Любая психологическая атака имеет целью вызвать реакцию того на кого она направлена чтобы выбить вас из седла и сбить с настроя. Это могут быть любые слова или действия которые нарушают целостность личности т. е. выводят из состояния боевой готовности. И зачастую соперники оказываются сильнее в своих психологических атаках. Поэтому надо знать основные приемы защиты от этого. ⠀ ⃣ Лучшим средством противодействия любой атаке является ее игнорирование. Постарайтесь не заметить этой атаки сделайте вид что слона то я и не приметил прошли мимо. Это сделать нелегко но зато вся сила вложенная в эту атаку вернется бумерангом к тому кто ее начал. ⠀ ⃣ Еще одним мощным средством защиты против психологической атаки является спокойствие и хладнокровие пусть даже демонстрируемое внешнее. Нужно научиться сдерживать любые внутренние порывы ответить острым словцом резким действием ответным ударом. Ведь именно этого ждет атакующий. Сбейте его с толку своим равнодушием или даже добродушием. Наверное он не оставит попыток вывести вас из терпения и будет атаковать вновь и вновь. Но поверьте ему это скоро надоест и он найдет себе другую жертву. ⠀ ⃣ Если у вас прекрасное чувство юмора то обязательно используйте его. Смешная фраза вовремя и к месту сказанная не только станет прекрасным оружием против психологической атаки но и поднимет всем настроение. Только будьте осторожны с сарказмом потому что им можно нанести ответную обиду которую обидчик затаит и обязательно при случае вернет 33 ⠀ И главное 33 Формируйте закаляйте свой характер 33 Именно характер противостоит и нападкам и наговорам и сплетням и голословным обвинениям т. е. всем видам психологических атак.,3,colloquial,Разговорный
Шакил О’Нил заключил необычное пари Голден Стэйт выиграет чемпионат я гарантирую это. Давайте заключим пари если Финикс обыграет Голден Стэйт в плей офф я пройду два квартала с надписью Санс на заднице окей? И покажу это в прямом эфире в Инстаграме. Уорриорс одна из моих любимых команд и они играют правильно. Они двигают мяч все игроки вовлечены в командный баскетбол. Когда вы играете так – вы выигрываете. У них есть два лучших снайпера в мире – Карри и Томпсон. Все в лиге пытаются соответствовать им но ни у кого нет игроков такого калибра. К тому же у них есть чемпионский опыт – они уже выиграли несколько титулов новостиtokentokenoid,3,colloquial,Разговорный
Пятикратный олимпийский чемпион 12 кратный чемпион мира норвежский биатлонист Йоханнес Бе опубликовал в социальных сетях фото повзрослевшего сына Густава. На прогулке подписал снимок младший Бе. Напомним Йоханнес и его жена Хедда Дэли поженились в 2018 году. В январе 2020 года у пары появился сын Густав.,3,colloquial,Разговорный
Добрый вечер поехал разобрать хлам в гараже а разобрал кувалду очнулся с батареей карбов на кухне подскажите кто знает поршень на помойку,3,colloquial,Разговорный
У российского и беларуского волейболиста Александра Бутько обнаружен допинг. Ему грозит завершение карьеры.,3,colloquial,Разговорный
Хьюстон и защитник Кевин Портер договорились о продлении контракта на четыре года и 82 5 миллиона долларов. Главный тренер Рокетс Стивен Сайлас едва не заплакал когда журналист спросил что для него значит новый контракт Портера как для человека который помог баскетболисту раскрыться в техасской команде. Портер пришел в Рокетс в январе 2021 года из Кливленда в обмен на защищенный в Топ 55 пик второго раунда драфта. В Кавальерс баскетболист попал в скандальную ситуацию после того как у него отняли шкафчик в раздевалке. В прошлом сезоне Портер провел за Хьюстон 61 матч набирая в среднем 15 6 очка 4 4 подбора 6 1 передачи и 1 1 перехвата.,3,colloquial,Разговорный
Уступаем на выезде Локомотиву. . . Следующая игра в Казани. . .,3,colloquial,Разговорный
Вашингтон вышел в плей офф в 8 й раз подряд Вашингтон обеспечил себе выход в Кубок Стэнли. Это случилось благодаря поражению Айлендерс от Торонто 2 4 в матче чемпионата НХЛ тогда как Кэпиталз сегодня не играли. После 75 игр Вашингтон с 94 очками занимает в Столичном дивизионе 4 е место опережая на 15 баллов идущих пятыми Айлендерс которые лишились шансов на выход в плей офф.,3,colloquial,Разговорный
Под покровом ночи ваши траты превратятся в кэшбэк. С картой Ttokenoid ALL Games возвращайте до 20 за видеоигры технику и доставку еды. И участвуйте в ежемесячном розыгрыше 30 000 ₽ на покупку новых игр. Оформите за 5 минут,3,colloquial,Разговорный
Пулемет Максим расподавался в матче с московским Динамо и настрелял 3 эйса подряд а казанский tokenoid Зенит оформил 27 победу подряд в этом сезоне Смотрим,3,colloquial,Разговорный
Главные сделки первого дня работы трансферного рынка НХЛ Экс форвард Калгари Джонни Годро подписал семилетний контракт с Коламбусом с кэпхитом 036 9 8 млн Бывший капитан Филадельфии Клод Жиру заканчивавший прошлый сезон во Флориде заключил трехлетнее соглашение с Оттавой со среднегодовой зарплатой 036 6 5 млн Голкипер чемпионского Колорадо Дарси Кемпер подписал пятилетний контракт с Вашингтоном с кэпхитом 036 5 25 млн Российский вратарь Илья Самсонов не получивший от Кэпиталз квалификационное предложение на год подписался с Торонто на зарплату 036 1 8 млн Не договорившийся с Мэйпл Лифс голкипер Джек Кэмпбелл на пять лет стал игроком Эдмонтона с кэпхитом 036 5 млн Райан Строум покинул Рейнджерс подписав пятилетний контракт с Анахаймом со среднегодовым заработком 036 5 млн. В Нью Йорке Строума заменит экс игрок Каролины Винсент Трочек. Контракт на 7 лет с кэпхитом в 036 5 6 млн Илья Михеев заключил четырехлетнее соглашение с Ванкувером. Зарплата россиянина за сезон составит 036 4 75 млн Каролина выменяла защитника Брента Бернса из Сан Хосе и форварда Макса Пасиоретти из Вегаса Тампа заключила новое восьмилетнее соглашение с российским защитником Михаилом Сергачевым. Общая сумма контракта составила 036 68 млн кэпхит 036 8 5 млн,3,colloquial,Разговорный
Папа Сайнс Поздравляю с поразительной карьерой Себ. Настоящая легенда этого спорта 33 33 Наилучшие пожелания в новых начинаниях. Vettel Setokenoid Satokenoid Ferrari F1,3,colloquial,Разговорный
Как помочь гильдии в развитии а также никогда не пропускать новые публикации? Все просто 33 Нажать на кнопочку рекомендовать а также Включить уведомления на наши новые записи А еще у нас есть Телеграмм на него тоже стоит подписаться Таким образом вы поможете нам в поиске единомышленников а также никогда не пропустите актуальные новости 33,3,colloquial,Разговорный
9 ДНЕЙ ДО СТАРТА УГМК ЕВРОПА АЗИЯ Тики так тики так 33 Время бежит нас подгоняет 33 Осталось 9 дней до старта самого яркого события августа 33 Напоминаем что онлайн регистрация закрывается уже 31 июля 33 ПРИОБРЕСТИ СЛОТ Также в связи с частыми заявками на перенос слотов хотим сообщить что все переносы можно осуществить до 1 августа. До встречи на забеге 33,3,colloquial,Разговорный
Премиальный подарок мужчине 33 Шахматы и нарды с именной гравировкой из массива дуба латуни и натуральной кожи. Посмотреть цены,3,colloquial,Разговорный
На Судзуке обкатывают обновленный аэродинамический пакет для машин Супер Формулы. Шасси у всех стандартные а вот двигатели различаются существеннее чем например в Индикаре. Хотя бы потому что разрешены значительные доработки год от года.,3,colloquial,Разговорный
Нет другого пути только упорство и труд 33 И методичная методика. И наконец то получилось сделать работу так как планировал сделать еще в марте. Но вот только теперь и это я счастливчик а сколько народу вообще не могут тренироваться? 20х200 в горку в хорошем темпе через трусцу все строго до ПАНО и с рекордным набеганием на последнем отрезке. Забавно топишь на всех парах а собачка догоняет тебя как стоячего и спрашивает может прибавим? Ну ты и прибавляешь а она этому очень рада. Василий Парняков,3,colloquial,Разговорный
Тим о задачах на конец сезона 2022 У меня есть большая цель закончить год в топ 100. Это было бы потрясающе. Мне нужны хорошие матчи мне нужны победы мне все еще нужно много очков.,3,colloquial,Разговорный
21 летний защитник Весле Фофана продлил контракт с Лестером до окончания сезона 2026 27 33 В английский клуб перешел в октябре 2020 года за 35 млн. евро из Сент Этьен.,3,colloquial,Разговорный
️ Стали известны группы формат и расписание стадии Last Chantokenoid на Инте Чекаем,3,colloquial,Разговорный
РАСПИСАНИЕ СЕГОДНЯШНЕГО ИГРОВОГО ДНЯ НА WIMBLEDON CENTRE COURT 15 30 Новак Джокович Янник Синнер 17 30 Мари Боузкова Онс Жабер COURT 1 15 00 Татьяна Мария Юле Нимайер 16 30 Давид Гоффен Кэмерон Норри,3,colloquial,Разговорный
Мы знаем что вы ждете этот день 33 И тут либо из за того что впереди выходные либо из за новых переводов карточек с предметами Надеемся что важны обе причины P. S. Не забудьте вернуться вечером 33 hetokenoid eqtokenoid hetokenoid,3,colloquial,Разговорный
Карло Анчелотти Товарищеский матч с Барселоной? Матчи с Барселоной никогда не товарищеские. Это будет очень конкурентный матч.,3,colloquial,Разговорный
Это не моя семьи. И ты мне не отец. И вздох который я сделаю когда убью тебя будет первым глотком воздуха в моей жизни. Ниндзя убийца.,3,colloquial,Разговорный
Получение удара мотивирует меня. Это заставляет меня наказывать парня еще больше. Боец принимает удар а в ответ наносит три удара. Роберто Дюран,3,colloquial,Разговорный
Мара Сов поручила скрытым разобраться в ситуации с отправкой гардианов в рейд Клятва Послушника,3,colloquial,Разговорный
Прибытие Жени в аэропорт Омска Evtokenoid ЕвгенияМедведева Evgentokenoid,3,colloquial,Разговорный
Отличного восстановления друзья 33 КОГДА РУБИТ ПОСЛЕ ТЯЖЁЛОЙ ТРЕНИ. . rtokenoid. . . . . . . . . бег спорт зож забег ла легкаяАтлетика спорт наспорте,3,colloquial,Разговорный
Прямая трансляция матча 1 4 финала турнира в Берлине Bett1Open Бенчич – Кудерметова на сайте Sport3. tv с русскими комментаторами и без запретов 33 Смотреть бесплатно без регистрации без VPN на русском 2 вложения,3,colloquial,Разговорный
Respetokenoid атлету Российский параатлет одержал победу на чемпионате Европы по триатлону в Испании. 55 летний Владимир Рябоконь лишился обеих рук в результате производственной травмы однако не сдался и пришел в большой спорт. В интервью RT триатлонист рассказал об интенсивных тренировках на пути к золотой медали и поделился радостью от победы. rtokenoid. . . . sport rtokenoid бег спорт зож воля силаволи,3,colloquial,Разговорный
effys Pearl был бы действительно достойной картой если бы разработчики исправили этот 5 мильный коридор без какого либо укрытия который они называют B лонг.,3,colloquial,Разговорный
hq др ребятки как вы кстати празднуете свои дни рождения? я возможно поеду со своими друзьями на базу отдыха а пока радую вас крутыми постами,3,colloquial,Разговорный
Самым возрастным участником забега Dagestan Wtokenoid Tratokenoid стал 72 летний заслуженный спасатель России Зиявдин Никомагомедов уроженец села Карекадани Левашинского района. Он пробежал дистанцию в 15 км. Этот трейловый забег проходит в горах республики традиционно уже в 3 раз. В этом году в нем поучаствовали более 1600 россиян из 40 субъектов страны. Приехали в регион люди как из центра страны так и из Владивостока Камчатки и даже Крайнего Севера. Это бегуны самых разных лет и профессий отметил руководитель мероприятия Антон Жилин.,3,colloquial,Разговорный
17 августа 1911 года родился Михаил Ботвинник 6⃣ й в истории шахмат и 1⃣ й советский чемпион мира. В 1925 году юный Миша Ботвинник стал участником сеанса одновременной игры против самого чемпиона мира Капабланки вынудив великого кубинца признать поражение. Неожиданная смерть действующего чемпиона А. Алехина в 1946 году спутала все карты ФИДЕ ведь мир впервые остался без чемпиона. Тогда было решено организовать матч турнир с участием 5 ведущих гроссмейстеров Кереса Эйве Решевского Смыслова и Ботвинника. Исторический турнир прошел в 1948 году в Голландии и СССР. Матч турнир на первенство мира Гаага Москва завершился победой Ботвинника который в блестящем стиле завоевал звание чемпиона опередив 2 го призера на 3 очка.,3,colloquial,Разговорный
За кроссовками в Баскетбольный магазин Ghetto Basket Shop Консультация tokenoidtokenoid Стрельский,3,colloquial,Разговорный
Мечтали когда нибудь управлять ветром? В жаркий летний день это очень бы пригодилось но такие умения обычно достаются только духам природы. А у них задачи посложнее колонисты разоряют остров и нужно направить все силы природы чтобы их остановить В дополнении Остров духов Гиблый край вы продолжите спасать остров с 10 новыми духами а еще карточками сценариев событий и другими компонентами готовыми разнообразить игру Цена 4 990 руб. Приятный бонус при покупке дополнения можно получить набор с промо картами. Количество промо наборов ограничено Если бы вы могли управлять любой силой природы какую бы вы выбрали?,3,colloquial,Разговорный
НМХЛ. Сезон 2021 2022 гг. Кубок Регионов. 1 8 финала 12 13 16 марта 2022 Конференция Запад 2 1 ХК Брянск СКА ГУОР Карелия 4 2 3 5 7 4 1 2 Арктика ХК Россошь 1 6 3 2 бул. 1 4 2 1 Динамо Юниор Белгород 1 2 3 2 бул. 4 2 0 3 ХК Динамо 576 ХК ЭКОНИВА БОБРОВ 3 5 1 5 0 8 12 13 16 марта 2022 Конференция Восток 2 1 Металлург Олимпия 4 0 1 2 бул. 2 0 3 0 ДИЗЕЛИСТ Прогресс 6 2 3 1 4 2 0 3 МХК Кристалл РЯЗАНЬ ВДВ 1 6 2 3 бул. 0 3 0 3 Тверичи СШОР ПОЛЁТ 7 8 2 3 2 3 бул.,3,colloquial,Разговорный
В Hontokenoid жалеют об уходе из Формулы 1 Глава автоспортивного подразделения Hontokenoid Масаши Ямамото признался что в коллективе жалеют о раннем уходе из Формулы 1. Японец выразил надежду что производитель двигателей в будущем еще вернется в чемпионат. Лично я согласен с мнением что мы слишком рано покинули чемпионат – цитирует Ямамото британский Atokenoid. – Но это очевидно решение компании и я понимаю каким путем Hontokenoid хочет идти дальше. В конце концов нам придется с этим смириться. Но мы надеемся что однажды Hontokenoid вернется в Формулу 1. Конечно это печально но мы знали об этом с октября 2020 года а поэтому понимали что должны добиваться максимума в 2021 м. Мы были нацелены на победу в чемпионате в наш последний год и теперь я думаю что мы завершили свою работу в Формуле 1. Мы достигли своей цели даже в те сроки которые поставили перед собой. Теперь это будут другие отношения с Red Btokenoid. Мы будем поддерживать Red Btokenoid Ratokenoid и Atokenoid чтобы добиться хороших результатов вместе но их двигатели будут называться Red Btokenoid Powertratokenoid.,3,colloquial,Разговорный
Cопряженный метод Вестсайда. День максимальных усилий МУ в тяге с резиной. Lotokenoid Stokenoid,3,colloquial,Разговорный
Огненное финишное ускорение на триатлоне ‍ ️ rtokenoid триатлон триатлет финиш забег мотивация,3,colloquial,Разговорный
Модена сенсационно уступила французскому Туру в первом матче 1 8 финала Кубка ЕКВ Вот как это было,3,colloquial,Разговорный
Видеоправила Эпохи облаков стратегического настольного приключения про поиски ресурсов на постапокалиптической пустоши затянутой плотными облаками. Станьте капитаном дирижабля и начните долгое путешествие по пережившему экологическую катастрофу миру. В городах разбросанных по страдающей земле еще можно раздобыть ценные ресурсы но мешать этому будут террористы облачники и слой туч через которые в буквальном смысле придется разглядывать наиболее выгодные области на картах. Смотрите правила и играйте чаще 33 Купить игру Boartokenoid ЭпохаОблаков,3,colloquial,Разговорный
Позитивчика вам в ленту друзья 33 rtokenoid. . . . . . . . позитив скакалка спорт прыжки,3,colloquial,Разговорный
С ДНЁМ ВДВ 33 Поздравляем всех кто носит или носил голубой берет и тельник с днем Воздушно Десантных Войск. Такого боевого дня ВДВ в нашей стране не было еще никогда ни в Афганской ни в Чеченской войне и ни в какой другой. Парни сегодня вы те кто делает историю нашей страны. И о сражениях ваших в этот год будут помнить во все времена. С днем ВДВ 33,3,colloquial,Разговорный
ОбзорыГрани Предлагаем к просмотру летсплей игры Письма призрака которая Илья с канала tokenoidtokenoid провел партию этой увлекательной детективной игры на дедукцию блеф и ассоциативное мышление. ️,3,colloquial,Разговорный
МОЩНЫЙ СТАРТ РОСТОВА ПОДАВИЛ ХИМКИ. Футбол. Чемпионат России. 29 й тур. 14 мая. Ростов на Дону. Стадион Ростов Арена. РОСТОВ – ХИМКИ 2 1 2 0. Голы Тугарев 12 1 0. Полоз 17 2 0. Мирзов 90 5 2 1.,3,colloquial,Разговорный
Скидка 50 на ключи Wrath of the Rtokenoid 33 Основная игра Pathftokenoid Wrath of the Rtokenoid 749 руб. Commantokenoid Patokenoid 359 руб. цифровой артбук саундтрек карта и 4 уникальных внутриигровых предмета Season Pass 539 руб. три дополнения со скидкой DLC 1 Inevtokenoid Extokenoid и DLC 2 Throtokenoid the Ashes 369 руб. дополнения к игре входят в Season Pass Wrath of the Rtokenoid это изометрическая PRG по легендарной настольной системе которая продолжает идеи Pathftokenoid Ktokenoid. . Сюжет игры разворачивается на зловещей северной территории известной как Мировая язва. Сделав выбор между десятками рас и классов вам предстоит остановить демоническое вторжение познать суть добра и зла и стать Мифическим Героем способным на фантастические подвиги. Акция Hotokenoid Pathftokenoid,3,colloquial,Разговорный
Бойцы главного карда подписывают постеры перед предстоящим турниром UFC UFC,3,colloquial,Разговорный
Вы скажете 60 метров это конечно не 90 33 Но удовольствия не меньше ведь высота не всегда играет важную роль в роупджампинге. Очень важны также место атмосфера подхват навеска веревок на которой совершается прыжок. Более того мы встречаем множество людей которым страшнее прыгать с маленьких объектов. То есть человек легко прыгает высоченные скалы и отказывается от 30 метровой Кирзы потому что страшно да вот так 33 P. S. А еще на вершинку Морковки просто забираться поэтому можно напрыгать много прыжков. Ведь стандартные акции на прыжки завтра также работают искать в группе мероприятия,3,colloquial,Разговорный
Лондонский Челси позволит Каллуму Хадсон Одои покинуть клуб но лишь на правах аренды. Eventokenoid Stantokenoid. Возможности уйти на постоянной основе новое руководство Челси игроку предоставлять не собирается хоть и существует серьезный интерес со стороны Ньюкасла Боруссии Дортмунд Лестера и Саутгемптона.,3,colloquial,Разговорный
Пх’нглуи мглв’нафх Ктулху Р’льех вгах’нагл фхтагн Предзаказ книг игр по Мифам Ктулху продолжается 33 Присоединяйтесь к кампании,3,colloquial,Разговорный
А вот и наш победитель 33 Именно вы выбрали эту ливрею самой лучшей за все 10 сезонов 33 Также поздравляем Василий Ясемчик вы выиграли эксклюзивные подарки от G Drtokenoid Ratokenoid 33 P. S. В нашем телеграм tokentokenoid совершенно другой победитель gtokenoid движущаясила,3,colloquial,Разговорный
Atokenoid ножом вот это ПОНОЖОВЩИНА vatokenoid валорант киберспорт,3,colloquial,Разговорный
news LampPost warhammer40k next week Некствик сегодня мал да удал ведь на следующей неделе в предзаказ выходит только одна коробка коробка Элдрич Оменс которая выпущена ограниченным тиражом но заказав в первые два дня с сайта гв вы со сто процентной вероятностью получите коробку. Ну и помимо нее в предзаказ выходит книга и комикс а у мультиков с вархаммер тишина но зато будет два видео батл репорт тау против гвардии ворона и гайд по покраске камуфляжа.,3,colloquial,Разговорный
Женская сборная Финляндии громит лучшую команду группы В и выходит в полуфинал Олимпиады где встретится со сборной Сша,3,colloquial,Разговорный
Всем привет 33 На этой неделе в конкурсе репостов выиграли Александр Павленко и tokenoidtokenoid Калинин. Ребята поздравляем вас и ждем завтра на прыжках 33 И напоминаем что завтра с 12 00 до 18 00 мы прыгаем с Гвоздя 40 метров. Если вы не успели записаться не беда можно приехать записаться на месте и прыгнуть по живой очереди. До встречи 33 tokenoidtokenoid с Гвоздя 14 августа воскресенье 7 981 135 11 20,3,colloquial,Разговорный
Когда сговорились объединить заклинания против игрока а урон сработал на всех. Больше смешных и необузданных историй в комментариях Присоединяйся 33,3,colloquial,Разговорный
бротуля поймали тебя думал кепочку наденешь скроешься богатыря славянского сразу видно давай бротуля на тебе вся проверочка держется смотри за нашими пацанами там чтобы не бурогозили,3,colloquial,Разговорный
Самый главный фанат Новака в Казахстане. Фанбаза Джоковича говорит сама за себя 33 33 33 Потрясающая атмосфера следующая остановка Париж,3,colloquial,Разговорный
Космическое путешествие продолжается 33 Переходи по ссылке и принимай участие в Spatokenoid Htokenoid Gtokenoid на 60 космических призов с общим призовым фондом 036 1573 33 В полет 33,3,colloquial,Разговорный
Карло Анчелотти стал первым тренером выигравшим ЧЕТЫРЕ трофея Лиги чемпионов,3,colloquial,Разговорный
День Матча Регулярный чемпионат КХЛ ️ ЦСКА – Авангард Омск 3 января Москва ️ ЦСКА АРЕНА 18 00 Прямая трансляция МАТЧ 33,3,colloquial,Разговорный
tokenoid показал ключевые Смоки для атаки через центр на Dtokenoid 2,3,colloquial,Разговорный
Досрочное завершение сезона для Даниэлы Ирашко Штольц Всего за несколько дней до этапа Кубка Мира в Хинценбахе от австрийской команды пришли плохие новости Даниэла Ирашко Штольц решила досрочно завершить сезон из за продолжающихся проблем с коленями. Кубок мира в Хинценбахе последняя треть сезона для летающих лыжниц начинается в следующие выходные. Однако Даниэлы Ирашко Штольц там уже не будет. Как сообщила в понедельник Австрийская лыжная ассоциация ÖSV 38 летняя спортсменка досрочно заканчивает сезон из за постоянных проблем с коленом. Ее последнее появление в сезоне было на олимпийской премьере смешанных командных соревнований где она была дисквалифицирована из за лишних сантиметров в поясной части ее прыжкового костюма. Последний раз Ирашко Штольц стартовала на Кубке мира 1 января на новогоднем турнире в Любно где заняла шестое место. Она уже пропустила соревнования в Виллингене в конце января в пользу лучшей подготовки к Олимпиаде но уже после приезда в Пекин сказала С Любно я почти ничего не могла делать только терапия. Но главная проблема в том что что то не стыкуется с коленом. И это крайне тревожно. В олимпийском личном зачете она не поднялась выше двенадцатого места. В понедельник она не дала комментариев но согласно пресс службе команды она должна принять участие в мероприятии для СМИ перед домашним Кубком мира во вторник. В любом случае ее будущее полностью открыто. Ирашко Штольц имеет долгую историю травм и впервые публично рассматривала возможность завершения карьеры на играх в Китае. Она хотела принять решение после восстановления. Это уже шестой из одиннадцати сезонов Кубка мира когда она не может участвовать в соревнованиях в полном объеме. 16 кратная победительница Кубка мира не сможет улучшить или защитить свое нынешнее восьмое место в общем зачете Кубка мира ее лучшим результатом в сезоне остается третье место на открытии Кубка мира в Нижнем Тагиле. После трех побед в общем зачете Континентального кубка который был высшим соревновательным классом для женщин до введения Кубка мира в сезоне 2011 2012 Ирашко Штольц выиграла большой хрустальный глобус в общем зачете Кубка мира 2014 2015. В 2011 году она стала индивидуальной чемпионкой мира в Осло и завоевала бронзу в 2015 и 2019 годах в Фалуне и Зеефельде. В смешанной команде была вице чемпионкой мира 2019 и 2017 годов. В 2021 году она также стала чемпионкой мира в женском командном старте и выиграла бронзовую медаль в составе смешанной команды. В 2014 году завоевала серебряную медаль на олимпийской премьере по прыжкам с трамплина среди женщин в Сочи. С 2003 года ей принадлежит неофициальный мировой рекорд среди женщин на дистанции 200 метров который она установила на полетном трамплине Кульм.,3,colloquial,Разговорный
Интересный факт У Джона Джонса больше арестов чем у Хабиба защит титула,3,colloquial,Разговорный
Сгибание арматуры от Сергея Брагина 2 кинка и один дожим одинарка IM,3,colloquial,Разговорный
Идеальный подарок Модельки сделаны из высококачественного пластика с металлическими деталями и высокой детализацией.,3,colloquial,Разговорный
Зубац показывает отличную игру на квалификации к чемпионату мира,3,colloquial,Разговорный
При значениях проверка внимания 1 проверка скрытности 2 можно просто стоять посреди комнаты накрывшись покрывалом. НРИ,3,colloquial,Разговорный
Прекрасная Виктория Горбачева – волейболистка сборной России и Локомотива В прошлом сезоне калининградский Локомотив впервые стал чемпионом России. Тогда волейболистки в финале обыграли московское Динамо. В этом году калининградки сражаются за чемпионство с Уралочкой НТМК. В финале им помогает либеро Виктория Горбачева. Подробнее фото,3,colloquial,Разговорный
Эпоксидные деки SEKA LOGO 39 22 в наличии 33 Эпоксидный клей Холодная прессовка Metokenoid Средний конкейв Размеры 8. 125 8. 25 8. 375 8. 5 Цена 4190₽ Наждак перфорированный 33 Безопасная форма оплаты без комисии 33 БЕСПЛАТНАЯ ДОСТАВКА ПО РФ 33 Заказать tokenoid sekaskatetokenoid,3,colloquial,Разговорный
Продам Укажите что вы продаете Навигатор Опишите свой товар Часы Stokenoid AMBIT 2 ОРИГИНАЛ. Забиваешь координаты прям в часах и идешь на нужную точку ведут очень точно. Огромное количество функций и настроек GPS барометр термометр альтиметр компас связь с ПК запиtokenoid треков куча тренировок аккумулятор огромной емкости. Водонепроницаемые. Зарядка в комплекте. Без пульсометра 7480 рублей. С пульсометром 8460 рублей. Краснодар. Пересылаемо. Местонахождение Краснодар Наличие пересыла. При наличии пересыла без ID на фото не публикуем Есть Цена 7480 Влад Зелентсов,3,colloquial,Разговорный
Гонка – легендарная дуэль в самом опасном виде спорта. Второй выпуск подкаста о спортивном кино 33 Какие исторические неточности есть в Гонке? За что девушки любят гонщиков? Что стало с Лаудой и Хантом после событий кино? Слушаем новый выпуск 33 ⬇️,3,colloquial,Разговорный
Дана Вайт Проигравший в этом бою пакует чемоданы Президент UFC рассказал что грозит проигравшим в поединках Чендлер vs. Фергюсоон и Серроне vs. Лузон.,3,colloquial,Разговорный
В завершившемся сезоне АПЛ Астон Вилла проиграла 5 из 5 матчей в которых играла в резервной синей форме. . . Сжечь и забыть 33,3,colloquial,Разговорный
Хайлайты сегодняшней встречи против Бруклина. vtokenoid Dtokenoid Warrtokenoid,3,colloquial,Разговорный
Необычный пит стоп Алекса Албона в начале последнего круга Гран При Австралии принес ему и Wtokenoid первое очко в сезоне 2022,3,colloquial,Разговорный
️Сегодня в 3 30 по московскому времени через 2. 5 часа Даниил Медведев проведет на центральном корте матч 2 го круга Western Sotokenoid Open против голландца Ботика ван де Зандшульпа НЕ СПИМ БОЛЕЕМ,3,colloquial,Разговорный
Мотогонки на льду 2022 Speetokenoid tokenoid Заключительный этап командного чемпионата Швеции,3,colloquial,Разговорный
КУДО В КАЗАХСТАНЕ Чемпионат Казахстана по Кудо. Актобе 12 13 мая 2022г.,3,colloquial,Разговорный
В турнире восходящих звезд игроки были поделены на 4 команды. Кейд Каннингем попал в команду Рика Барри. Саддик Бей и Айзея Стюарт в команду Айзеи Томаса,3,colloquial,Разговорный
Mortea – новое имя в чайной истории. Лучшие сорта авторские купажи порадуют своим вкусом и разнообразием всех любителей чая. В каждом стартовом пакете вас ожидает вкусный подарок. Mortea когда нужно только лучшее 33,3,colloquial,Разговорный
Сегодняшние лидеры фэнтези поинтс это совокупность всех положительных и отрицательных действий на площадке,3,colloquial,Разговорный
Всем привет с вами Fronzes Хотели бы порекомендовать вам сообщество клана под названием Atokenoid tokenoid Estokenoid Atokenoid Парни с дальнего востока готовы покорять свои края. И хотели набрать свою аудиторию Чтобы их же аудитория поддерживала в трудную минуту и в их же развитии своего клана Этим парням бы хотелось от вас Подписочку Играть вместе праки. Общаться вместе вместе в их беседе. Чтобы вы учавствовали в их розыгрышах Стате о розыгрыше Ребята просят принять участие в их розыгрыше в закрепленной записи или же по этой ссылке Эти парни играют турнири праки клановые битвы. Рассказывают все это публично в своем сообществе. Так же у них имеется красивое оформление сообщества и клана. Так же имеються Скрины состав правила заявки в клан предыдущие будущие игры и многое другое. Подписывайтесь на ребят и передавайте привет от нас.,3,colloquial,Разговорный
​​РАСПИСАНИЕ ВТОРОГО ИГРОВОГО ДНЯ В АСТАНЕ Центральный корт 08 00 Максим Кресси Карен Хачанов 09 30 Стефанос Циципас Михаил Кукушкин 11 00 Карлос Алькарас Давид Гоффен 15 00 Александр Бублик Таллон Грикспур 16 30 Даниил Медведев Альберт Рамос Корт 1 08 00 Павел Котов Алехандро Давидович Фокина 09 30 Александр Шевченко Люка Нарди tokentokenoid,3,colloquial,Разговорный
В Грозном завершился Всероссийский турнир по кикбоксингу в дисциплинах К1 и фулл контакт посвященный Дню города. Он прошел с 29 сентября по 2 октября в СРК Беной Тревел в Гудермесе. В турнире приняли участие 42 команды из 24 регионов России звания лучших в различных весовых категориях оспаривали до 350 спортсменов. tokentokenoid ktokenoid кикбоксинг ФедерациякикбоксингаРоссии,3,colloquial,Разговорный
Собрал фулл хаус от Альфа Ромео 2021. А еще на Шелл до конца месяца можно купить радиоуправляемую Ferrari SF1000 в юбилейной раскраске,3,colloquial,Разговорный
MotoGP Matokenoid Видео драматичное развитие событий на последних 5 минутах FP3 в Сепанге 5 минут которые изменили всю ситуацию на Гран При Малайзии преступное разгильдяйство Франко Морбиделли крушение Баньяи ошибка Марка Маркеса все что не позволило фаворитам MotoGP попасть в квалификацию Q2 в Сепанге.,3,colloquial,Разговорный
Мы знаем вы мечтали услышать эти три волшебных слова Восстание в продаже ЗвездныеВойны,3,colloquial,Разговорный
День добрый 33 прошу помощи из Магадана являюсь владельцем старенького Vmax 1200 и у меня проблема с датчиками хола стоит их 4 шт пропала искра на задних цилиндраз все манипуляции по перестановке пробовал непомогло остался один вариант по датчикам два года пытаюсь найти и никак неполучается помогите оживить коня уж очень он нравится,3,colloquial,Разговорный
Про Аджигардак и Сапфир Урала В Челябинской области будут реализованы проект по развитию действующего горнолыжного курорта Аджигардак в Ашинском районе и новый проект оздоровительного курорта в Еткульском районе Сапфир Урала,3,colloquial,Разговорный
Польская Экстралига Speetokenoid Ekstratokenoid 7 тур Сталь Гожув Островия Острув Начало в 19 00 по мск Видео Телеграм Текст Апатор Торунь Влукняж Ченстохова Начало в 21 30 по мск Видео Телеграм Текст,3,colloquial,Разговорный
Зрители скандировали оскорбительную кричалку в адрес Грина Ftokenoid You Draymond,3,colloquial,Разговорный
Первая неделя бесплатно Мобильная связь без спама и скрытых платежей но с удобным конструктором тарифов и бесплатным тестовым периодом. Закажите бесплатную доставку сим карты по ссылке,3,colloquial,Разговорный
18 я ракетка мира Елена Рыбакина из Казахстана во втором раунде Mtokenoid Open переиграла румынку Елену Габриэлу Рузе которая является 57 м номером рейтинга WTA 6 4 7 5. Длительность матча составила 1 час 45 минут. Следующую игру 22 летняя теннисистка проведет с Джессикой Пегулой или Слоан Стивенс из США.,3,colloquial,Разговорный
Rtokenoid Warhammer40k У Валрака опять эти дни. Дни когда он рассказывает не очень надежные слухи во многом повторяющие предыдущие Итак. 1 10 ка по его мнению выйдет в районе августа сентября октября следующего года а мы ожидаем в июне 2 Скоро начнется новая сюжетная серия типа кампании Психического пробуждения которая соединит 9 ую редакцию с 10 й при чем первая часть этой книги будет про Абаддона. Тут же он добавляет что по его мнению в этих книгах могут разместиться и обновления дополнений для космодесанта о которых упоминалось ранее. Ну а в последней части этой серии вернется примарх первого легиона Лион эль Джонсон. То есть он выйдет уже в конце 9 й редакции а не начале 10 й. Помимо прочего в этой же серии будут выходит и обновленные персонажи Азраил Фарсайт и Данте. Последний по данным Валрака будет примерно в формате обложки по одноименной книге Гая Хэйли. Кроме того есть информация и о неком персонаже Демон принце но пока не очень понятно речь про новую модель Демон принца которую мы уже видели либо же совсем что то новое для ХСМ. Такие вот пирожки с солью. Звучит как фарш прокрученный по третьему разу но посмотрим 8 ого октября вероятно некая завеса тайн будущего нам уже приоткроется. На неделе еще обещает выкатить инфу про Ересь Хоруса в прошлый раз кстати вышло не очень.,3,colloquial,Разговорный
Дорогие друзья ждем ваши беговые фоточки в комментарии к этому посту ⬇️ А сейчас своим бегом позитивом и мотивацией делятся наши беговые друзья Белов Саша tokenoidtokenoid Шелаев tokenoidtokenoid Рыбас tokentokenoid tokenoidtokenoid Дорошенко tokenoidtokenoid Афанасьев tokenoidtokenoid Кожин tokenoidtokenoid Таранова tokenoidtokenoid Марганов tokenoidtokenoid Седов Спасибо за вашу бегомотивацию дорогие друзья 33 Легких вам ног позитива и новых беговых рекордов 33 rtokenoid. . . . . бег спорт зож забег пробежка 5верст sport всембег,3,colloquial,Разговорный
Большой ассортимент BMX запчастей по низким ценам 33 Удобная система оплаты и доставка по всей России 33 Магазин,3,colloquial,Разговорный
YART Yamaha выиграла квалификацию дебютной гонки 24H SPA EWC Motos результаты Мировые мотогонки вернулись в Бельгию на легендарный Ctokenoid tokenoid Spa Frantokenoid где завтра в 13 00 стартует дебютная гонка 24H SPA EWC Motos в новом формате 2 й этап чемпионата мира по эндурансу 2022 года. Результаты квалификации.,3,colloquial,Разговорный
Дебетовая карта Ttokenoid Btokenoid Мир – это Бесплатные переводы и оплата ЖКХ без комиссии Подходит для получения выплат и зарплаты в бюджетной сфере Кэшбэк до 30 рублями по спец предложениям До 7 на остаток по счету Оформите карту по ссылке привезем на дом,3,colloquial,Разговорный
Орландо Салидо ️ Лопес Салидо останавливает небитого проспекта лопеса,3,colloquial,Разговорный
Кем ты хочешь стать когда вырастешь? Сумасшедший трейлер от Mattokenoid Protokenoid 33,3,colloquial,Разговорный
Областной чемпионат в Луче завершился обзор некоторых видов второго дня. И так немногочисленные забеги на 60с б сильно поредели несколько спортсменов не вышли на старт. У женщин отметим Марию Родионову Росток СК Луч которая вчера обновила личный рекорд на 60м а сегодня сделала то же самое на барьерах 8. 70 был ее результат в предварительном забеге финал прошел скучнее 8. 74. У мужчин состоялась дуэль между Семеном Лубским сильнейшим в УрФО барьеристом U 20 из екатеринбургской Юности и Даниилом Лужбиным из Ростка третьим в рейтинге УрФО в этом возрасте. В предварительном забеге первым был Семен 8. 37 время Даниила 8. 43. В финале до финиша добрался только Лужбин 8. 44. На 800м у женщин все медали были разыграны в последнем сильнейшем забеге. Выиграла победительница зимнего УрФО U 20 Мария Рыбинская 2 15. 23 УОР 1 СК Луч серебро забрала МС Анна Белова из Екатеринбурга 2 15. 43 бронза у Алены Муратовой из РГППУ 2 16. 43. У мужчин интрига закончилась уже после первого забега на 800. В одиночестве дистанцию добегал Алексей Ломакин 1 52. 07 сильнейший в УрФО 800 метровик U 23 Юность СК Луч РГППУ. Второе место занял Никита Потяков 1 55. 35 СШ Росток СК Луч который показал лучшее время в этом сезоне третье место и личный рекорд у Павла Кучкова 1 56. 09 СК Луч СК УрФУ. Конечно в этот раз не было других наших быстрых спортсменов. Выйди на старт например Семен Ионов второй в УрФО на 800м который если не лидер всегда большая заноза для соперников динамики было больше и результат возможно другой. Неожиданностью для многих судей стали мужские финалы на 200м. По просьбам тренеров было сделано два финала финал А и финал Б. Но больше половины участников пять из восьми на старт не вышли. В секретариат массово полетели медсправки. В итоге победу на 200м одержал стартовавший в одиночку в финале А Максим Ильин 22. 31 СШ Юность СК Луч возрастная категория U 20. Сейчас он второй в рейтинге УрФО на этом виде первый его одноклубник Егор Колотилов. Было бы интересно посмотреть на противостояние двух наших лучших спринтеров на чемпионате области но зрителям такой радости не досталось Колотилов показав в предварительном забеге 22. 24 от борьбы в финале отказался. От борьбы в финале А отказались также Сергей Романчук СК Спутник СК УрФУ 22. 80 в предварительном забеге и Алексей Пирогов СШОР Юпитер СК РГППУ с предварительным временем 22. 78. Кто из них взял бы бронзу чемпионата? Итоговые протоколы готовятся почти все результаты можно посмотреть онлайн,3,colloquial,Разговорный
Как лучше накладывать звук с камерой Попова как это сделал на квалификации или просто трансляция с их голосами?,3,colloquial,Разговорный
Идея о воинах мастерски владеющих катаной и придерживающихся благородного кодекса невероятно романтична. К тому же она была подкреплена легендами и фильмами да и сами японцы приложили максимум усилий для создания подобного образа.,3,colloquial,Разговорный
С днем рождения поздравляем российского летающего лыжника призера Олимпийских Игр в Пекине Данила Садреева 33 Мы желаем здоровья и успеха дальнейшего прогресса в любимом деле 33 Верим в лучшее 33 Будь счастлив Даня 33,3,colloquial,Разговорный
архив23tokenoid АВРОРА это недостроенное здание опытного завода Физико технического института с необычной башней высотой 30 метров раньше стояла тарелка радиотелескопа. Уникальность объекта заключалась в том что помимо самого прыжка и свободного падения там был еще 100 метровый скоростной троллей с круговым маятником в конце а людей приземляли на перемычку между зданиями 33 Невероятный был городской объект казалось вот недавно проводили там прыжки а теперь только натолкнулись на фото разобранных зданий последнее фото. Кто знает что там сейчас происходит? Как то в один солнечный день на мероприятие на Авроре неожиданно пришло около 120 человек всех отпрыгали. А еще мощные хэллоуины посмотрите на атмосферу 2013 года в прикрепленном альбоме Помним тебя Аврора,3,colloquial,Разговорный
Прямо сейчас в Тампере идет традиционная церемония включения новых членов в Зал Славы. Присоединяйтесь к просмотру 33,3,colloquial,Разговорный
Продам Укажите что вы продаете Привод Опишите свой товар не оружие страйкбол АКС 74 E L Гир с быстросьемой пружиной. Внутри стволик 6. 02 469мм стальной резинка мапл лиф желтая что то еще тюнинговалось что именно не вспомнить. Дерево от боевого. Покрыт черной матовой текстурной краской для реалистичности. Комплект на фото. 25780 рублей. Краснодар. Пересылаемо. Местонахождение Краснодар Наличие пересыла. При наличии пересыла без ID на фото не публикуем Есть Цена 25780 Влад Зелентсов,3,colloquial,Разговорный
Сравнение всех BLAST турниров за 2021 год А какой из этих турниров тебе запомнился больше всего?,3,colloquial,Разговорный
София Кенин в рекламе средства по уходу за полостью рта.,3,colloquial,Разговорный
Фанаты Ротора почтили память погибших в Сталинградской битве 2 го февраля фанаты волгоградского Ротора почтили память героев Сталинградской битвы. АНТОН ТРУНОВ ЛИДЕР ФАН ДВИЖЕНИЯ РОТОР ULTRAS Сегодня 2 февраля мы собрались на акцию среди болельщиков и фанатов футбольного клуба Ротор пришли почтить память героев этой земли. Собралось порядка пятидесяти человек что немаловажно в такую погоду пришли болельщики даже с детьми. Хочу сказать чтобы родители привлекали детей к таким мероприятиям помимо компьютеров и еще чего то чтобы дети знали что это за день 2 е февраля чтобы гордились тем что живут на этой героической земле потому что не зря говорят что Сталинград это Родина победы. Именно здесь начался победный ход Советской Армии. Хочу сказать огромное спасибо помимо болельщиков которые сегодня здесь собрались всем жителям нашего города которые сегодня с утра до вечера приходят на Мамаев Курган и возлагают цветы помнят и чтят это прекрасный день в нашей истории 2 е февраля. Любите наш город любите Волгоград и никогда не предавайте нашу страну. ТОЛЯ РЕНЖИН ЮНЫЙ БОЛЕЛЬЩИК Я пришел почтить память героев Сталинградской битвы. АННА РЕНЖИНА БОЛЕЛЬЩИЦА РОТОРА Мы сегодня пришли почтить 79 ю годовщину Сталинградской битвы поклониться павшим героям и спасибо организаторам что мы здесь все собрались 00 20 АНТОН КОЛЕСНИКОВ БОЛЕЛЬЩИК РОТОРА Я очень рад был здесь оказаться хоть и идет дождь. В стихах Маргариты Агашиной говорится И там у той заиндевелой у той священной высоты ты на крыло метели белой положишь красные цветы. Сегодня погода капризная в нашем городе герое сегодня не белая метель идет дождик но все равно мы пришли сюда. Я хотел бы выразить огромную благодарность что они организовали это великое дело и также хочу сказать что я очень рад был здесь видеть много детей. Не зря композиция на Мамаевом Кургане называется Память поколений и было приятно видеть молодое подрастающее поколение но еще совсем юное которое будет помнить этих героев. Кто много десятилетий назад отдали жизнь за их светлое будущее за их светлое завтра за их мирное небо над головой. Большое всем спасибо и всех с великим праздником с днем великой победы которая стала переломным моментом всей Второй мировой войны.,3,colloquial,Разговорный
Права на УКР каст выкупил WePtokenoid маинкаст остался без контента вовсе,3,colloquial,Разговорный
ДОЖДАЛИСЬ Сегодня наконец мы сыграем дома 33 Всех вечером ждем на матче 33 Цена билета 150 рублей. Для владельцев абонементов на игры Нефтехимика вход бесплатный,3,colloquial,Разговорный
1. Продам Колеса на ваз r13 за 5000 рублей 2. Нижний рычаг в сборе правый на ваз 2107 за 2000 рублей 3. Шаровая передней подвески за 500 рублей 4. Накидка на седения на ваз 2107 300 рублей 5. Кулиса 500 рублей Пишите в лс,3,colloquial,Разговорный
Aston Marttokenoid показали первыми настоящий болид сезона 2022 живьем,3,colloquial,Разговорный
Брутальная тренировка спортсмена Парень с большими мышцами выполняет упражнения с большими весами Эффектно и сильно,3,colloquial,Разговорный
Был такой хоккей Олимпийские игры 2002 год матч за третье место. Николай Хабибулин Владислав Третьяк Игорь Кравчук. На этом турнире медали разыгрывались среди 14 команд шесть ведущих сборных мира Канада Чехия Финляндия Россия Швеция и США автоматически вышли в финальный турнир. Сборная России находилась в группе D в это группу также входили США Финляндия Белоруссия. Россия заняла третье место в этой группе. По результатам финального турнира определялись пары плей офф и по кубковой системе проводились игры навылет. Первый матч в плей офф сборная России сыграла со сборной Чехией матч завершился со счетом 1 0 в пользу России. Следующий матч наша сборная играла против сборной США. В этом матче американцы оказались сильнее они победили со счетом 2 3. Таким образом наша сборная могла побороться только за бронзовые медали. Последний матч на этом турнире сборная России сыграла против сборной Белоруссии. Матч был очень результативный и закончился со счетом 7 2 в пользу наших 33 Победителем этого турнира стала сборная Канады которая в финале сразилась со сборной США 5 2,3,colloquial,Разговорный
Опытнейший доигровщик Денис Шипотько в следующем сезоне с нами После небольшой паузы Денис вновь врывается в большой волейбол и мы с нетерпением ждем матчей чтобы посмотреть на этого вариативного игрока в форме нашей команды. Добро пожаловать Денис 33 Верим Амплуа Доигровщик Рост 200 см Возраст 37 лет,3,colloquial,Разговорный
Дуэйн Уэйд стал гостем Ночного шоу с Джимми Фэллоном где рассказал о похмелье после последней игры в карьере об игре с Бараком Обамой в Белом доме и о документальном фильме Retokenoid Team в котором рассказывается о выступлении сборной США на Олимпийских играх 2008 в Пекине.,3,colloquial,Разговорный
Вспоминаем легендарную победу Людмилы Белоусовой и Олега Протопопова,3,colloquial,Разговорный
Домашняя победа над Уралочкой Волейболистки Динамо Ак Барс обыграли Уралочку НТМК в матче 5 го тура PARI Суперлиги со счетом 3 1. PARI Суперлига 5 й тур. Динамо Ак Барс – Уралочка НТМК – 3 1 29 27 20 25 25 21 25 16 22 октября. Казань Центр волейбола. Судья Тубылов А Ижевск. Динамо Лазаренко 6 Королева 12 Заманская 8 Синицын 1 Симоненко – К 17 Лукьянова 29 – стартовая шестерка Баяндина либеро Ануфриенко Ковалева Суворова 3. Уралочка НТМК Кондрашова 1 Котова 17 Воробьева 11 Фитисова 12 Ваганова 10 Купряшкина 19 стартовая шестерка Карполь либеро Трухина либеро Корниенко Мусиенко 1. Очки – 79 71 подача – 4 4 атака – 67 48 50 40 блок – 8 17 прием – 34 31 ошибки – 19 21. Подробнее,3,colloquial,Разговорный
Йо хо хо 33 Все дополнения к Шакал. Архипелаг снова в наличии Исследуйте острова находите золото и забирайте его на корабль пока другие пираты не успели отнять сокровища 33 Цена дополнения 490 руб. Играли в Шакала?,3,colloquial,Разговорный
33 33 33 Срочно 33 33 33 Сдается комната цена ниже рыночной по ул Байкальская 12 в комнате имеется вся мебель стиральная машинка холодильник комната находиться в общежитии коридорного типа. Первый месяц 14тысяч последующее месяца по 10тысяч все включено. Рядом находиться магазины хорошая транспортная развязка. Радом школы и детские сады 89960256612,3,colloquial,Разговорный
Российский тренер Сергей Башкиров рассказал как проходит сбор его группы в Сочи. Погода посвежее чем в прошлом году. Даже снег недавно падал целые сутки лежал. Хотели достать лыжи но пока без них обошлись. Катаемся на роллерах ходим в походы. Логинов зацепил простуду – здесь обманчивая горная погода и пока тренировки у него с корректировкой – сказал Башкиров в эфире Матч ТВ. Автор сюжета Андрей Романов также сообщил что Антон Бабиков получил небольшую травму ноги.,3,colloquial,Разговорный
tokenoid mma tokenoid makamma ️ ПРЕСС КОНФЕРЕНЦИЯ ЧИМАЕВА и ДИАЗА ОТМЕНЕНА Этой ночью должна была пройти пресс конференция с участниками турнира UFC 279. Но вышел Дана Уайт извинился перед всеми и сообщил что за кулисами произошла потасовка и пресс конференцию придется отменить. Потом стало известно что Чимаев и Кевин Холланд сцепились. Журналисты сообщают что Хамзат ударил Кевина ногой в грудь. Так же в потасовка каким то образом была замешана команда Нейта Диаза. Турнир в силе комментарии Хамзата в видео 33,3,colloquial,Разговорный
Раскидка Смоков за Атаку с занятых позиций на B от YEKINDAR,3,colloquial,Разговорный
12 января 1996 года Гэри Робертс оформил восьмой хет трик в карьере за Калгари Флэймз против Баффало Сэйбрз 3 1. Это была вторая игра после того как он пропустил почти целый год из за травмы шеи. БылТакойХоккей,3,colloquial,Разговорный
Официальная презентация Пьера Эмерика Обамеянга в качестве игрока Барселоны 33,3,colloquial,Разговорный
Gtokenoid Ctokenoid Ровно три года назад в матче против Торонто Рэпторз Яннис Адетокумбо спустя 15 лет повторил достижение Кевина Гарнетта и Тима Данкана совершив 20 подборов в защите. КейДжи и ТиммиДи покоряли это достижение дважды. Стоит подчеркнуть все это в рамках плей офф. Из ныне играющих игроков по 19 защитных подборов в серии игр на выбывание забирали Руди Гобер Никола Йокич и Джоель Эмбиид.,3,colloquial,Разговорный
Ребята тут такое дело. . . у нас скоро день рождения 33 1 июля нам исполнится 21 год и по этому случаю мы решили провести конкурс. С вас признания в любви к играм нашего издательства а с нас классные призы. Для участия вам потребуется только смартфон коробка вашей любимой игры и 15 секунд времени. Как принять участие Запиши и выложи в комментариях к этому посту вертикальное видео длительностью около 15 секунд где ты рассказываешь какую игру Hotokenoid Wortokenoid ты любишь и почему. 1 Начни видео с того что держишь коробку на вытянутых руках вплотную к камере чтобы затемнить экран как будто тебе передал эстафету другой настольщик. 2 Прислони коробку к себе и начни обращение с фразы Я люблю. . . название игры потому что. . . . Будь в центре объектива и желательно на расстоянии 1 1 5 метра от камеры так видео получится органичнее. 3 В конце видео не забудь снова прислонить коробку к камере чтобы затемнить экран и эффектно завершить съемку. 4 Если не можешь решить какая игра любимая можешь прислать несколько видео но каждое отдельным комментарием. Смотри пример видео тут Видео принимаются до 26 июня включительно. А уже 1 июля в наш день рождения мы наградим 3 авторов самых креативных и душевных видео и вручим им игры нашего издательства на сумму 5000 4000 и 3000 рублей. Доставка призов по РФ бесплатная. Полные правила конкурсов нашей группы здесь. После окончания конкурса из полученных материалов мы смонтируем и опубликуем видеоролик в котором будет оооочень много любви и настолок. Ваши признания станут лучшим подарком для нас в день рождения. Участвуйте будет здорово 33 Конкурс Hotokenoid,3,colloquial,Разговорный
Александр Лукашенко призвал защищать права белорусских спортсменов в международных судах. Об этом президент Беларуси сказал в ходе совещания по итогам участия белорусов на Олимпиаде 2022 и перспективах развития зимних видов спорта. А чего вы ждете? В какие международные суды вы обратились чтобы опротестовать эти решения? Особенно паралимпийское движение. Наши ребята инвалиды перед кем провинились? Тишина. А вы должны гвалтом кричать везде во все колокола бить в том числе в международных судах. А вы ждете каких то указаний. Пускай эти Бахи и прочие отмазываются потом – передает слова Лукашенко Минск Новости со ссылкой БелТА.,3,colloquial,Разговорный
Не знаете куда поехать летом? В Калининградской области открыли новый парк Аистово 33 Он подойдет не только любителям вейк и сапбордов но и тем кому просто хочется ленивого отдыха. А как вы проводите выходные или отпуск?,3,colloquial,Разговорный
Даниил Медведев в матче против Максима Кресси остался недоволен качеством подачи соперника. Допустив ошибку с приема он закричал Это так скучно 33 В том гейме при счете 1 1 россиянин все же дошел до брейк пойнта который Кресси отыграл выходом к сетке после которого Медведев кричал Как возможно так бить ободом? А в конце гейма Медведев настаивал что Кресси должен получить предупреждение за затяжку времени. Он говорил судье После двойной не нужно много времени. Но ты ждал семь секунд чтобы запустить таймер а потом он подавал и времени уже не осталось. Медведев утверждал что это несправедливо потому что до этого судья не отпустил его в туалет а Кресси дает поблажки. При счете 2 2 Кресси отыграл брейк пойнт второй подачей в боковую линию после которой Медведев закричал в небо Ему так везет я никогда в жизни такого не видел 33 Я поверить не могу какой он везучий.,3,colloquial,Разговорный
Пятничное поступление новинок дополнение для карточного Ужаса Аркхэма игра про развитие джунглей и новый детектив из серии Crtokenoid Zoom Ночь фанатички. Возвращение это специальное дополнение в большой коробке позволяющее по новому взглянуть на первую кампанию карточного Ужаса Аркхэма. В Возвращении вы найдете 66 новых карт способных разнообразить уже знакомые повороты игры. В коробку дополнения вмещается несколько сотен карт а 18 специальных разделителей позволят их удобно отсортировать Амазония красочная семейная игра на сбор сетов в которой вы будете выращивать леса в плодородной Амазонской низменности. Победителем станет тот кто сможет наилучшим образом соблюсти тонкий баланс необходимый экосистеме то есть соберет самую эффективную комбинацию карт Убийство в Париже новый карманный детектив из серии Crtokenoid Zoom в которой сыщикам нужно изучать сложенные из карт места преступлений. Любой элемент можно рассмотреть поближе перевернув соответствующую карту и получить новую информацию но чем меньше подготовки вам понадобится для ответа тем лучше будет итоговый результат Выпуск Мертвое сердце Зина завершает серию приключений Расколотая звезда для первой редакции НРИ Pathftokenoid. Кроме самого приключения в выпуске есть материалы для продолжения кампании история семи рунных властителей Тассилона завершение Дневника Искателя и четыре новых монстра Предзаказ Hotokenoid Pathftokenoid Амазония Crtokenoid УжасАркхэмаКарточнаяИгро,3,colloquial,Разговорный
Желаете видеть свою рекламу здесь пишите в лс ЖИВОТНЫЕ tokenoid pets Дикие и экзотические животные Мяу кусь Котики моя любовь Коты и кошки Породистые собаки и кошки tokenoid список еще 130 наших групп и контакты админа,3,colloquial,Разговорный
Никита Крюков может стать тренером мужской сборной России по биатлону Олимпийский чемпион по лыжным гонкам Никита Крюков может войти в тренерский штаб мужской сборной России по биатлону во главе с Юрием Каминским. При этом он не исключил завершения работы в сборной Китая. Пока вопрос. У меня нет никакой информации. Что думают китайцы тоже не знаю сказал Крюков о продолжении работы в Китае. Есть ли у вас какие то варианты в России? Говорили с Юрием Каминским. Если никуда и ничего может быть пойду к нему. Может просто годик поваляюсь отдохну. После Китая надо восстановить силы. Хотя биатлон тоже интересен. Там много общего с лыжами. Последние два сезона Крюков возглавлял спринтерскую группу сборной Китая которая готовилась к Играм в Пекине. Его контракт со сборной истек в феврале 2022 года.,3,colloquial,Разговорный
Друзья мои 33 Спасибо всем и каждому кто был на сходке Недели через два три замутим кайфовый движ на природе. Музыка на всю ночь Гашлыки Танцы Общение и кайфовое времяпровождение Короче диско под открытым небом,3,colloquial,Разговорный
Шишкин – лучший игрок матча по версии болельщиков ️ Завершилось голосование за лучшего игрока Урала в матче с Нефтяником. Болельщики выбрали Владимира Шишкина отдав за него 40 процентов голосов. Либеро показал 50 позитивного и 30 отличного приема а также достал множество сложных мячей в защите,3,colloquial,Разговорный
Обзор матча Флорида Пантерз Тампа Бэй Лайтнинг 22. 05. 2022 Второй раунд Нхл плей офф 2022,3,colloquial,Разговорный
Ночной эндуро прохват по лесу Катались когда нибудь ночью? Присылайте свои фото или видео в комментарии,3,colloquial,Разговорный
СМИ Флойд Мейвезер и Конор МакГрегор почти договорились о реванше Как сообщает издание The Stokenoid Флойд Мейвезер и Конор МакГрегор близки к организации реванша. Анонимный источник близкий к лагерю Мейвезера сообщил что стороны согласовали личные условия однако все еще ведут споры по поводу количества раундов МакГрегор хочет 10 раундовый поединок. Конор согласится на бой только в том случае если Флойд захочет поставить на кон свой профессиональный рекорд. Поэтому поединок будет не выставочным а официальным. Он состоится в весе 70 3 кг. Это то что мы сейчас знаем. Флойд в последний раз выйдет на ринг так что нельзя это пропустить. Сделка очень близка к завершению. Обе стороны согласовали личные условия. Это будет финальное шоу. И да рекорд Флойда будет стоять на кону. Флойд видит это завершением эры Мейвезера и началом эры Джервонты Дэвиса. Он верит что это будет крупнейший вечер бокса который мы когда либо увидим. Он сказал что людям лучше приготовиться к чему то захватывающему. В данный момент есть споры о количестве раундов команда Конора хочет 10 раундов. Но сделка однозначно близка к завершению сказал собеседник The Stokenoid. Напомним что поединок Мейвезер МакГрегор состоялся в 2017 году и завершился победой Флойда техническим нокаутом в десятом раунде. ConorMtokenoid MMA UFC Спорт Лето Июль UFC277 Москва ProperTwetokenoid UFCLontokenoid,3,colloquial,Разговорный
С Днем России 33 Поздравляем россиян с праздником 33 Желаем здоровья благополучия и счастья 33,3,colloquial,Разговорный
Ищешь теплую куртку? Яркий свитшот? А может часы которые украсят твою руку? Тогда тебе к нам 33 Только у нас отличное качество предоставленного товара минимальный процент брака индивидуальный подход к каждому клиенту постоянные акции. Доставка по всей России 33 Мы созданы для того чтобы вы сияли Напиши нам Сияй и получи скидку 10 vk tg А еще у нас проходит розыгрыш,3,colloquial,Разговорный
️ Уиллу Смиту запретили посещать Оскар в течение 10 лет 33 Первые слова актера после бана киноакадемии,3,colloquial,Разговорный
Смотри матчи в Триколоре На телеканале Хоккейный под номером 605 в Центре или 604 в Сибири. Бесплатно и без авторизации в онлайн плеере Наш спорт 9 в приложении Триколор Кино и ТВ на мобильных устройствах и планшетах телевизорах с функцией Smart TV. В онлайн сервисе ktokenoid. trtokenoid. tv,3,colloquial,Разговорный
Представляем вашему вниманию репортаж с первого в истории молодежной команды баскетбольного клуба Астана Медиа дня который состоялся 26 января в столице на арене Республиканского велотрека Сарыарка. ⠀ Главный тренер команды Деян Парежанин рассказал о важности подобных мероприятий а игроки поделились своими эмоциями полученными в ходе съемок. ⠀ Помимо классных фотографий наших парней которые доступны на нашем сайте в разделе Медиа в рамках Медиа дня было отснято много годного контента. Ожидайте его в ближайшее время на странице молодежки в Instagram ⠀ Баскетбольный клуб Астана выражает благодарность Фонду поддержки индустрии туризма и спорта Sport Qory за содействие в развитии клуба и поддержку в создании фарм команды Астана 2. ⠀ PBCAstana NBF NBFKZ VTBUntokenoid Kazakhstan Astana Ntokenoid Baskettokenoid Samrtokenoid SportQory ⠀ ПБКАстана НФБ НФБРК ЕдинаяЛигаВТБ Казахстан Астана НурСултан Баскетбол СамрукКазына СпортҚоры,3,colloquial,Разговорный
Пришла среда а за ней к нам ворвался День Монстров. Сегодня в меню у нас два представителя Неблагого Двора Всадники рока избранные воины Короля Скелетов и Подменыши существа живущие шпионажам и дипломатией. Напомним что переводим мы книгу Monsters of Feytokenoid hetokenoid monsterstokentokenoid,3,colloquial,Разговорный
️Волков о бое с Розенструйком Может быть скучный бой Российский тяжеловес UFC Александр Волков 34 10 высказался о сильных сторонах своего соперника по предстоящему бою суринамца Жаирзиньо Розенструйка 12 3 с которым они сразятся в ночь с 4 на 5 июня в главном поединке турнира UFC Vegas 56. Себя он при этом тоже не обошел вниманием Мой соперник довольно опасен. У него в руках много мощи он хорош в стойке но я уже не раз дрался с бойцами такого типа. Уверен что тоже хорош в стойке так что постараюсь показать все на что способен. Не сомневаюсь что мои технические умения намного лучше чем у него. Может мне не хватает мощи в ударах но я точно техничнее и определенно обладаю большой мощью в ударах ногами. А еще я чувствую что превосхожу его в борьбе и грэпплинге. В общем это хороший для меня бой. Но увидим как все сложится. Сложно делать прогноз потому что иногда когда в октагоне встречаются два больших ударника бой может получиться скучным поскольку они оба немного опасаются друг друга или что то вроде того – отметил россиянин. – Не стану скрывать что я хочу завершить бой поскорее и конечно постараюсь изыскать возможность чтобы нокаутировать его но не станем загадывать ведь у него крепкий подбородок. Многие до меня били его в голову и с ним ничего не происходило. Но я буду пытаться бить его не только с рук но и ногами. Так что посмотрим.,3,colloquial,Разговорный
Решения Всемирного совета по автоспорту касающиеся всяких там эфодин и недопущения дискриминации по какому либо признаку нам как то параллельны. Про ЧМ по ралли спортивный регламент уточнили. Время на починку гибридных машин сошедших по итогам дня увеличено до 4 часов с возможностью разбить его на две части исходя из потребностей ремонта разных узлов. Разъяснены процедуры безопасной работы с гибридной техникой когда она находится под напряжением исходя из опыта полученного по ходу соревнований прошедших в этом году. В целях экономии средств дорожные книги детали маршрута ралли должны быть доступны в цифровом виде до начала соревнований вместо практики распечатки и рассылки их по обычной почте. Важное изменение в Техническом регламенте видимо в свете успехов Тойоты в одной из областей о чем мы еще не успели выложить небольшую заметку касается вентиляционных отверстий в заднем окне и крыше. Якобы в целях борьбы с повышенной температурой в салоне теперь всем разрешено использовать такие отверстия. На самом же деле соперники Тойоты попросту не справляются с задачей обеспечить нормальное охлаждение для своих гибридов. Но об этом чуть позже.,3,colloquial,Разговорный
Гайгер готов защитить титул Чемпиона Мира по полетам на лыжах Уже в эти выходные Халвор Эгнер Гранеруд получит возможность отплатить Карлу Гайгеру за 0 5 балла поражения на предыдущем чемпионате мира по полетам на лыжах. В эти выходные немец будет защищать титул который он завоевал в декабре 2020 года в Планице. Чемпионат не за горами. Я с нетерпением жду этого события. Это сложный трамплин на котором я выступал очень хорошо и очень плохо но когда справляешься хорошо то ни один трамплин не приносит столько удовольствия оценивает 29 летний баварец который индивидуально никогда не попадал в топ 10 соревнований в серии Кубка мира на Викерсундбаккен HS240. Гайгер в 2020 году вел ожесточенную борьбу с норвежцем Хальвором Эгнером Гранерудом. После четырех полетов немец оказался лучше норвежца всего на пол очка. Стартовать в качестве защитника титула это большая привилегия и я с нетерпением жду этого хотя для меня это новая ситуация подчеркивает занимающий второе место в общем зачете Кубка мира который отстает от Рею Кобаяши на 58 очков. Благодаря золотому призеру немцы смогут выставить в квалификации до пяти прыгунов. Тренер Штефан Хорнгахер решил взять с собой в Норвегию также Зеверина Фройнда Штефана Ляйе Константина Шмида Андреаса Веллингера и Маркуса Айзенбихлера бронзового призера прошлого чемпионата. Это особый трамплин. Перед нами один из самых больших если не самый большой трамплин в мире. Я ценю это событие и на прошлом чемпионате я выиграл две медали вспоминает Айзенбихлер который был в команде на чемпионате мира занявшей второе место. У нас там еще незаконченные дела. . . говорит он о командных соревнованиях на чемпионате мира по полетам на лыжах. В 2020 году норвежцы победили немцев с разницей менее 20 очков. С нетерпением ждем полетов надеемся на стабильную погоду добавляет Штефан Хорнгахер главный тренер немцев.,3,colloquial,Разговорный
ИЩЕШЬ БАСКЕТБОЛЬНЫЕ КРОССЫ? ? ? ТОП КРОССЫ ЗДЕСЬ ТВОИ ТИММЕЙТЫ БУДУТ В ШОКЕ,3,colloquial,Разговорный
48 летний хоккеист умер от остановки сердца в Нижегородской области 48 летний хоккеист умер во время матча любительской хоккейной лиги в Нижегородской области. Трагедия произошла 11 сентября во время встречи клубов Гармония и Криоген матч проходил в ФОК Волжский берег в городе Кстово. Защитник Гармонии Константин Моруга упал на лед без сознания на 13 й минуте матча. В трансляцию матча которая велась в соцсети попал только момент когда игра остановилась и на лед выбежали медики. Лежащему на льду хоккеисту проводили массаж сердца но спасти его не удалось. Позже Федерация Хоккея города Нижнего Новгорода сообщила что игрок скончался из за остановки сердца.,3,colloquial,Разговорный
Победа в важном матче и медаль на шее вот она радость спортсменов 33,3,colloquial,Разговорный
Нарисуй Древнего и выиграй наборы карточного Ужаса Аркхэма на свой выбор 33 20 августа день рождения отмечает мастер ужасов Говард Лавкрафт. В честь великого писателя мы запускаем новый творческий конкурс 33 Для участия Подпишись на группу Hotokenoid Games и поставь лайк этой записи Нарисуй любого монстра из вселенной Лавкрафта и укажи на рисунке хэштег ПриветИзАркхэма Выложи свой рисунок в конкурсный альбом до 5 сентября 2022 г. включительно. 6 сентября мы назовем пять победителей которые выберут в подарок наборы Ужас Аркхэма. Карточная игра Кто получит призы? 1. Случайный участник выбранный приложением рандомайзером сможет выбрать наборы на общую сумму до 5000 р. 2. Участник чей рисунок наберет больше всего лайков в альбоме зрительские симпатии наборы на сумму до 3500 р. 3. Еще трех победителей выберем с помощью жюри 1 место наборы до 6000 р. 2 место до 4500 р. 3 место до 3500 р. Про приз Карточный Ужас Аркхэма это настольная игра про отважных сыщиков расследующих жуткие тайны и сражающихся с невыразимыми ужасами. Эту настолку отличает множество разнообразных сценариев и возможность тонкой и эффективной настройки колод игроков. Требования к работам Рисунок можно нарисовать от руки или с помощью графического редактора в том числе необычным методом например выжечь на доске или вытатуировать. Рисунок должен быть уникален и создан для конкурса самим участником. Не допускаются уже опубликованные в интернете работы. Участник может выложить любое количество уникальных работ. Случайный победитель будет выбран среди участников вне зависимости от количества рисунков а жюри будет выбирать среди работ. Зрительские симпатии также будут выбираться среди работ. На рисунке нужно указать хэштег ПриветИзАркхэма в стиле работы. Призы бесплатно доставим по России 33 Конкурс проводится в соответствии с правилами конкурсов Hotokenoid Games Принимая участие в конкурсе вы даете разрешение на использование выложенного рисунка на ресурсах Hotokenoid Games. Для предотвращения нечестных действий организаторы оставляют за собой право исключать работы из конкурса и решать соответствуют ли они условиям. Выбранные в качестве призов наборы должны быть в наличии на складе интернет магазина tokentokenoid Работы конкурса 2021 года можно посмотреть Работы 2020 года Конкурс Hotokenoid УжасАркхэмаКарточнаяИгра Лавкрафт,3,colloquial,Разговорный
Не можем скрыть радости от этой новости почти все выплаты призовых в сезоне Комус Фест 2022 завершены. Осталась всего пара человек которые должны получить приятную смску от банка в ближайшее время. Все вопросы по выплатам принимаем на почту tokentokenoid komtokenoid,3,colloquial,Разговорный
Поздравляем с Днем тренера всех представителей этой сложной профессии 33 Желаем Вам достижения всех поставленных целей 33,3,colloquial,Разговорный
